a	ए	1
aa	आ	0
aabad	आबाद	0
aabadi	आबादी	0
aabha	आभा	0
aabhar	आभार	0
aabhas	आभास	0
aabhasi	आभासी	0
aabhav	आभाव	0
aabidi	आबिदी	0
aacharan	आचरण	0
aacharya	आचार्य	0
aad	आड़	0
aada	आडा	0
aadaab	आदाब	0
aadami	आदमी	0
aadamkhor	आदमखोर	0
aadarniy	आदरणीय	0
aadarpurvak	आदरपूर्वक	0
aadarsh	आदर्श	0
aadarshon	आदर्शों	0
aadat	आदत	0
aade	आड़े	0
aadesh	आदेश	0
aadeshaatmak	आदेशात्मक	0
aadeshanusar	आदेशानुसार	0
aadeshatmak	आदेशात्मक	0
aadeshon	आदेशों	0
aadha	आधा	0
aadhaan	आधान	0
aadhaar	आधार	0
aadhaarit	आधारित	0
aadhar	आधार	0
aadharit	आधारित	0
aadharshila	आधारशिला	0
aadhe	आधे	0
aadhikaarik	आधिकारिक	0
aadhikarik	आधिकारिक	0
aadhikya	आधिक्य	0
aadhipaty	आधिपत्य	0
aadhunik	आधुनिक	0
aadhyaatmik	आध्यात्मिक	0
aadhyatmik	आध्यात्मिक	0
aadhyatmikta	आध्यात्मिकता	0
aadi	आदि	0
aadikaal	आदिकाल	0
aadil	आदिल	0
aadim	आदिम	0
aadinath	आदिनाथ	0
aadishakti	आदिशक्ति	0
aadivasi	आदिवासी	0
aadivasiyon	आदिवासियों	0
aadmi	आदमी	0
aadmiyon	आदमियों	0
aadu	आडू	0
aadya	आद्य	0
aadyant	आद्यंत	0
aae	आए	0
aaega	आएगा	0
aaenge	आएंगे	0
aag	आग	0
aagaaj	आग़ाज़	0
aagam	आगम	0
aagami	आगामी	0
aagar	आगर	0
aage	आगे	0
aaghat	आघात	0
aagra	आगरा	0
aagrah	आग्रह	0
aagya	आज्ञा	0
aagyakarita	आज्ञाकारिता	0
aagyanusar	आज्ञानुसार	0
aahad	आहड़	0
aahar	आहार	0
aahat	आहत	0
aahista	आहिस्ता	0
aahuti	आहुति	0
aahvaan	आहवान	0
aahvan	आहवान	0
aai	आई	0
aaiae	आइए	0
aaina	आईना	0
aaine	आइने	0
aaj	आज	0
aaja	आजा	0
aajaad	आजाद	0
aajadi	आजादी	0
aajanma	आजन्म	0
aajeevan	आजीवन	0
aaji	आजी	0
aajivika	आजीविका	0
aajkal	आजकल	0
aajmane	आजमाने	0
aajtak	आजतक	0
aak	आक	0
aakaar	आकार	0
aakaaron	आकारों	0
aakalan	आकलन	0
aakanshi	आकांक्षी	0
aakar	आकर	0
aakaron	आकारों	0
aakarshak	आकर्षक	0
aakarshan	आकर्षण	0
aakarshit	आकर्षित	0
aakash	आकाश	0
aakashganga	आकाशगंगा	0
aakasmik	आकस्मिक	0
aakhar	आखर	0
aakhari	आखरी	0
aakhir	आखिर	0
aakhiri	आखिरी	0
aakhirkaar	आखिरकार	0
aakhirkar	आखिरकार	0
aakhya	आख्या	0
aakhyaanon	आख्यानों	0
aakhyan	आख्यान	0
aaklan	आकलन	0
aakraamak	आक्रामक	0
aakraant	आक्रांत	0
aakramak	आक्रामक	0
aakramakta	आक्रामकता	0
aakraman	आक्रमण	0
aakramankaari	आक्रमणकारी	0
aakramankari	आक्रमणकारी	0
aakramankariyon	आक्रमणकारियों	0
aakramanon	आक्रमणों	0
aakrant	आक्रांत	0
aakritiyon	आकृतियों	0
aakrosh	आक्रोश	0
aakrshan	आकर्षण	0
aakruti	आकृति	0
aakshep	आक्षेप	0
aaktriti	आकृति	0
aale	आले	0
aalekh	आलेख	0
aalekhon	आलेखों	0
aalochana	आलोचना	0
aalochnatmak	आलोचनात्मक	0
aalok	आलोक	0
aalot	आलोट	0
aalu	आलू	0
aam	आम	0
aamad	आमद	0
aamantran	आमंत्रण	0
aamantrit	आमंत्रित	0
aamashay	आमाशय	0
aamin	आमीन	0
aamir	आमिर	0
aamjan	आमजन	0
aamjanon	आमजनों	0
aamran	आमरण	0
aamtaur	आमतौर	0
aan	आन	0
aana	आना	0
aanan	आनन	0
aanand	आनंद	0
aanandilal	आनंदीलाल	0
aanandmayi	आनंदमयी	0
aanchal	आँचल	0
aandhi	आंधी	0
aandhiyon	आंधियों	0
aandolan	आंदोलन	0
aandolanon	आंदोलनों	0
aandolit	आंदोलित	0
aandre	आंद्रे	0
aane	आने	0
aanewaale	आनेवाले	0
aani	आनी	0
aank	आंक	0
aanka	आंका	0
aankade	आंकड़े	0
aankda	आंकड़ा	0
aankh	आंख	0
aankhe	आँखे	0
aankhen	आँखें	0
aankho	आँखों	0
aankhon	आँखों	0
aanki	आंकी	0
aankik	आंकिक	0
aankne	आंकने	0
aanshik	आंशिक	0
aansu	आंसू	0
aansuo	आंसुओं	0
aansuon	आंसुओं	0
aantarik	आंतरिक	0
aanton	आंतों	0
aantrik	आंतरिक	0
aanupatik	आनुपातिक	0
aanushangik	आनुषंगिक	0
aanuvaanshik	आनुवांशिक	0
aanuvaanshikataa	आनुवांशिकता	0
aanuvanshik	आनुवंशिक	0
aanuvanshiki	आनुवंशिकी	0
aanvik	आण्विक	0
aao	आओ	0
aap	आप	0
aapaat	आपात	0
aapaatkal	आपातकाल	0
aapaatkalin	आपातकालीन	0
aapadhapi	आपाधापी	0
aapas	आपस	0
aapat	आपात	0
aapatkal	आपतकाल	0
aapatkalin	आपातकालीन	0
aapatti	आपत्ति	0
aapattijanak	आपत्तिजनक	0
aapattiyan	आपत्तियां	0
aapattiyon	आपत्तियों	0
aapda	आपदा	0
aapdao	आपदाओं	0
aapekshit	आपेक्षित	0
aapke	आपके	0
aapki	आपकी	0
aapko	आपको	0
aapne	आपने	0
aapni	आपणी	0
aapradhik	आपराधिक	0
aapravasi	आप्रवासी	0
aapravasiyon	आप्रवासियों	0
aapse	आपसे	0
aapsi	आपसी	0
aapte	आप्टे	0
aapurti	आपूर्ती	0
aarakshan	आरक्षण	0
aarakshit	आरक्षित	0
aaram	आराम	0
aarambh	आरंभ	0
aarambhik	आरंभिक	0
aaramdayak	आरामदायक	0
aaramgaah	आरामगाह	0
aaranyak	आरण्यक	0
aarav	आरव	0
aardra	आर्द्र	0
aarogya	आरोग्य	0
aarohan	आरोहण	0
aarohi	आरोही	0
aaron	एरोन	1
aarop	आरोप	0
aaropi	आरोपी	0
aaropiyon	आरोपियों	0
aaropon	आरोपों	0
aarpar	आरपार	0
aarsh	आर्ष	0
aarthik	आर्थिक	0
aarti	आरती	1
aas	आस	0
aasaan	आसान	0
aasadharan	आसाधारण	0
aasakt	आसक्त	0
aasamaan	आसमान	0
aasan	आसान	0
aasani	आसानी	0
aasann	आसन्न	0
aasanon	आसनों	0
aash	आश	0
aasha	आशा	0
aashaad	आषाढ	0
aashadh	आषाढ	0
aashankit	आशंकित	0
aashawadi	आशावादी	0
aashay	आशय	0
aashcharychakit	आश्चर्यचकित	0
aashcharyon	आश्चर्यों	0
aashi	आशी	0
aashik	आशिक	0
aashiq	आशिक	0
aashirwad	आशीर्वाद	0
aashram	आश्रम	0
aashramon	आश्रमों	0
aashray	आश्रय	0
aashvasan	आश्वासन	0
aashwasan	आश्वासन	0
aashwast	आश्वस्त	0
aashwin	आश्विन	0
aasmaan	आसमान	0
aasman	आसमान	0
aaspaas	आसपास	0
aaspass	आसपास	0
aastha	आस्था	0
aastikata	आस्तिकता	0
aastikon	आस्तिकों	0
aastiyon	आस्तियों	0
aasu	आसू	0
aasut	आसुत	0
aasvan	आसवन	0
aata	आता	0
aatank	आतंक	0
aatanki	आतंकी	0
aatankiyon	आतंकियों	0
aatankwadi	आतंकवादी	0
aatankwadiyon	आतंकवादियों	0
aate	आते	0
aatein	आतें	0
aath	आठ	0
aathvan	आठवां	0
aathvein	आठवें	0
aathven	आठवें	0
aathvin	आठवीं	0
aati	आती	0
aatin	आतीं	0
aatm	आत्म	0
aatma	आत्मा	0
aatmaa	आत्मा	0
aatmachintan	आत्मचिंतन	0
aatmakatha	आत्मकथा	0
aatmanirbhar	आत्मनिर्भर	0
aatmaon	आत्माओं	0
aatmaparichay	आत्मपरिचय	0
aatmasamarpan	आत्मसमर्पण	0
aatmasanyam	आत्मसंयम	0
aatmavishwas	आत्मविश्वास	0
aatmayen	आत्माएं	0
aatmhatya	आत्महत्या	0
aatmkatha	आत्मकथा	0
aatmnirbhar	आत्मनिर्भर	0
aatmshlagha	आत्मश्लाघा	0
aatmvishvas	आत्मविश्वास	0
aatur	आतुर	0
aatyantik	आत्यंतिक	0
aaunga	आऊंगा	0
aav	ऑव	0
aavaahan	आवाहन	0
aavahan	आवाहन	0
aavantan	आवंटन	0
aavaran	आवरण	0
aavarti	आवर्ती	0
aavas	आवास	0
aavashyak	आवश्यक	0
aavashyakta	आवश्यकता	0
aavashyaktaaon	आवश्यकताओं	0
aavashyaktao	आवश्यकताओं	0
aavashykata	आवश्यकता	0
aavbhagat	आवभगत	0
aavedak	आवेदक	0
aavedakon	आवेदकों	0
aavedan	आवेदन	0
aaveg	आवेग	0
aavesh	आवेश	0
aaveshit	आवेशित	0
aavirbhaav	आविर्भाव	0
aavishkaarak	आविष्कारक	0
aavishkrit	आविष्कृत	0
aavo	आवो	0
aavriti	आवृति	0
aavritt	आवृत्त	0
aavshak	आवश्यक	0
aavshyak	आवश्यक	0
aavshyakta	आवश्यकता	0
aawaj	आवाज	0
aawajahi	आवाजाही	0
aawara	आवारा	0
aawashyak	आवश्यक	0
aay	आय	0
aaya	आया	0
aayaam	आयाम	0
aayaamon	आयामों	0
aayam	आयाम	0
aayami	आयामी	0
aayamon	आयामों	0
aayan	आयन	0
aayanon	आयनों	0
aayat	आयत	0
aayatakar	आयताकार	0
aayatan	आयतन	0
aayaton	आयतों	0
aaye	आए	0
aayega	आयेगा	0
aayegaa	आएगा	0
aayegi	आयेगी	0
aayen	आयें	0
aayengi	आयेंगी	0
aayi	आयी	0
aayin	आयीं	0
aayog	आयोग	0
aayogon	आयोगों	0
aayojakon	आयोजकों	0
aayojan	आयोजन	0
aayojeet	आयोजित	0
aayojit	आयोजित	0
aayova	आयोवा	0
aayu	आयु	0
aayudh	आयुध	0
aazadi	आजादी	0
ab	अब	1
ababeel	अबाबील	0
abad	आबाद	1
abadi	आबादी	1
abadiyon	आबादियों	0
abbas	अब्बास	1
abc	एबीसी	1
abcd	एबीसीडी	0
abd	अब्द	1
abdali	अब्दाली	0
abdul	अब्दुल	1
abdula	अब्दुला	0
abdulla	अब्दुल्ला	1
abdur	अब्दुर	0
abe	अबे	1
abha	आभा	0
abhaav	अभाव	0
abhage	अभागे	0
abhaneri	आभानेरी	0
abhar	आभार	0
abhav	अभाव	0
abhay	अभय	0
abhayarany	अभयारण्य	0
abhedy	अभेद्य	0
abhi	अभी	0
abhibhashak	अभिभाषक	0
abhibhashan	अभिभाषण	0
abhibhavak	अभिभावक	0
abhibhavakon	अभिभावकों	0
abhibhut	अभिभूत	0
abhidha	अभिधा	0
abhigyan	अभिज्ञान	0
abhihit	अभिहित	0
abhikalpana	अभिकल्पना	0
abhikaran	अभिकरण	0
abhikartaon	अभिकर्ताओं	0
abhikriya	अभिक्रिया	0
abhikriyaon	अभिक्रियाओं	0
abhilasha	अभिलाषा	0
abhilekh	अभिलेख	0
abhilekhon	अभिलेखों	0
abhiman	अभिमान	0
abhimani	अभिमानी	0
abhimanyu	अभिमन्यु	0
abhinandan	अभिनंदन	0
abhinav	अभिनव	0
abhinay	अभिनय	0
abhinayon	अभिनयों	0
abhineta	अभिनेता	0
abhinetaon	अभिनेताओं	0
abhinetri	अभिनेत्री	0
abhinetriyon	अभिनेत्रियों	0
abhiney	अभिनेय	0
abhinit	अभिनीत	0
abhinn	अभिन्न	0
abhipray	अभिप्राय	0
abhiprerit	अभिप्रेरित	0
abhipret	अभिप्रेत	0
abhipsa	अभीप्सा	0
abhiruchi	अभिरुचि	0
abhisaran	अभिसरण	0
abhishapt	अभिशप्त	0
abhishek	अभिषेक	0
abhisht	अभीष्ट	0
abhisinchit	अभिसिंचित	0
abhist	अभीष्ट	0
abhivadan	अभिवादन	0
abhivedan	अभिवेदन	0
abhivinyas	अभिविन्यास	0
abhivyakt	अभिव्यक्त	0
abhivyakti	अभिव्यक्ति	0
abhivyaktiyan	अभिव्यक्तियाँ	0
abhivyaktiyon	अभिव्यक्तियों	0
abhiyaan	अभियान	0
abhiyaantriki	अभियांत्रिकी	0
abhiyan	अभियान	0
abhiyanon	अभियानों	0
abhiyanta	अभियंता	0
abhiyantran	अभियंत्रण	0
abhiyantriki	अभियांत्रिकी	0
abhiyog	अभियोग	0
abhiyojak	अभियोजक	0
abhiyojan	अभियोजन	0
abhiyukt	अभियुक्त	0
abhiyukton	अभियुक्तों	0
abhukt	अभुक्त	0
abhushan	आभूषण	0
abhushanon	आभूषणों	0
abhutapurva	अभूतपूर्व	0
abhutpurv	अभूतपूर्व	0
abhyaas	अभ्यास	0
abhyankar	अभ्यंकर	0
abhyarany	अभ्यारण्य	0
abhyas	अभ्यास	0
abhyason	अभ्यासों	0
abhyavedan	अभ्यावेदन	0
abhyudya	अभ्युदय	0
abinay	अभिनय	0
able	एबल	1
abn	एबीएन	0
abohar	अबोहर	0
about	अबाउट	1
abraham	अब्राहम	1
abtak	अबतक	0
abu	अबु	1
ac	एसी	1
academic	अकादमिक	1
academy	अकादमी	1
acarbonic	अकार्बनिक	0
acc	एसीसी	1
access	एक्सेस	1
accha	अच्छा	0
acche	अच्छे	0
acchhe	अच्छे	0
acchhi	अच्छी	0
acchi	अच्छी	0
accident	एक्सीडेंट	1
accord	एकॉर्ड	1
account	अकाउंट	1
accountant	अकाउंटेंट	1
accounting	अकाउंटिंग	1
accounts	एकाउंट्स	1
accuracy	एक्युरेसी	1
acer	एसर	1
acetate	एसीटेट	1
acha	अच्छा	0
achaar	अचार	0
achal	अचल	0
achala	अचला	0
achambhit	अचंभित	0
achanak	अचानक	0
achar	अचार	0
acharya	आचार्य	0
achcha	अच्छा	0
achche	अच्छे	0
achchhe	अच्छे	0
achchhi	अच्छी	0
achet	अचेत	0
achetan	अचेतन	0
achha	अछा	0
achhe	अच्छे	0
achhi	अछी	0
achin	अचिन	0
achran	आचरण	0
achuk	अचूक	0
acid	एसिड	1
acidic	एसिडिक	1
acids	एसिड्स	1
acoustic	एकॉस्टिक	1
acp	एसीपी	0
across	अक्रॉस	1
act	एक्ट	1
acting	एक्टिंग	1
action	एक्शन	1
actions	ऐक्शंस	1
actopic	एक्टोपिक	0
actor	एक्टर	1
actors	एक्टर्स	1
ad	एडी	1
ada	अदा	1
adab	अदब	0
adakaraon	अदाकाराओं	0
adakari	अदाकारी	0
adalat	अदालत	0
adalati	अदालती	0
adalaton	अदालतों	0
adalton	अदालतों	0
adam	एडम	1
adams	ऐडम्स	1
adamya	अदम्य	0
adan	अदन	1
adani	अदानी	0
adar	अदर	1
adarsh	आदर्श	0
adata	आदाता	0
adayagi	अदायगी	0
adb	एडीबी	0
adbhut	अद्भुत	0
add	ऐड	1
adda	अड्डा	0
adde	अड्डे	0
addiction	एडिक्शन	1
address	एड्रेस	1
adelaide	एडिलेड	1
adhaar	आधार	0
adhar	आधार	0
adharit	आधारित	0
adharita	आधारित	0
adharm	अधर्म	0
adharon	आधारों	0
adhe	आधे	0
adheen	अधीन	0
adhi	अधिक	0
adhibhar	अधिभार	0
adhigam	अधिगम	0
adhigrahan	अधिग्रहण	0
adhigrahanon	अधिग्रहणों	0
adhigrahit	अधिग्रहित	0
adhik	अधिक	0
adhika	अधिक	0
adhikaar	अधिकार	0
adhikaari	अधिकारी	0
adhikaarik	अधिकारिक	0
adhikaariyon	अधिकारियों	0
adhikaaron	अधिकारों	0
adhikadhik	अधिकाधिक	0
adhikansh	अधिकांश	0
adhikanshatah	अधिकांशतः	0
adhikar	अधिकार	0
adhikaran	अधिकरण	0
adhikaranon	अधिकरणों	0
adhikarhin	अधिकारहीन	0
adhikari	अधिकारी	0
adhikarik	आधिकारिक	0
adhikarita	अधिकारिता	0
adhikariyo	अधिकारियों	0
adhikariyon	अधिकारियों	0
adhikarkshetra	अधिकारक्षेत्र	0
adhikaro	अधिकारों	0
adhikaron	अधिकारों	0
adhikatar	अधिकतर	0
adhikrit	अधिकृत	0
adhikrut	अधिकृत	0
adhikshak	अधीक्षक	0
adhikta	अधिकता	0
adhiktar	अधिकतर	0
adhin	अधीन	0
adhina	अधीन	0
adhinasth	अधिनस्थ	0
adhinav	अधिनव	0
adhinayakwadi	अधिनायकवादी	0
adhinirnay	अधिनिर्णय	0
adhiniyam	अधिनियम	0
adhiniyamon	अधिनियमों	0
adhinsth	अधिनस्थ	0
adhipati	अधिपति	0
adhipatya	अधिपत्य	0
adhir	अधीर	0
adhiraj	अधिराज	0
adhirath	अधिरथ	0
adhishesh	अधिशेष	0
adhishthan	अधिष्ठान	0
adhishthata	अधिष्ठाता	0
adhisuchna	अधिसूचना	0
adhit	अधिक	0
adhivakta	अधिवक्ता	0
adhivarsh	अधिवर्ष	0
adhivasi	अधिवासी	0
adhiveshan	अधिवेशन	0
adhiya	अधिया	0
adhmara	अधमरा	0
adhunik	आधुनिक	0
adhura	अधूरा	0
adhuri	अधूरी	0
adhyaay	अध्याय	0
adhyadesh	अध्यादेश	0
adhyadeshon	अध्यादेशों	0
adhyaksh	अध्यक्ष	0
adhyaksha	अध्यक्ष	0
adhyakshon	अध्यक्षों	0
adhyakshta	अध्यक्षता	0
adhyan	अध्यन	0
adhyapak	अध्यापक	0
adhyapakon	अध्यापकों	0
adhyapan	अध्यापन	0
adhyapika	अध्यापिका	0
adhyapkon	अध्यापकों	0
adhyatm	अध्यात्म	0
adhyatmik	अध्यात्मिक	0
adhyay	अध्याय	0
adhyayan	अध्ययन	0
adhyayana	अध्ययन	0
adhyayankarta	अध्ययनकर्ता	0
adhyayanon	अध्ययनों	0
adhyayon	अध्यायों	0
adhyeta	अध्येता	0
adhyetaon	अध्येताओं	0
adhyksh	अध्य्क्ष	0
adhyyan	अध्ययन	0
adi	आदि	0
aditi	अदिति	0
aditya	आदित्य	0
adityanath	आदित्यनाथ	0
adivasi	आदीवासी	0
adla	अदला	0
adlabadli	अदलाबदली	0
admi	आदमी	0
administration	एडमिनिस्ट्रेशन	1
admiral	एडमिरल	1
adnan	अदनान	1
adnyey	अज्ञेय	0
adobe	एडोब	1
adolf	अडोल्फ	1
adr	एडीआर	0
adra	आर्द्र	1
adrak	अदरक	0
adrenal	एड्रेनल	1
adrenaline	एड्रीनलीन	1
adrishy	अदृश्य	0
adsense	ऐडसेंस	0
adult	एडल्ट	1
adults	एडल्ट्स	1
adur	अदूर	0
adurdarshita	अदूरदर्शिता	0
advait	अद्वैत	0
advance	एडवांस	1
advanced	एडवांस्ड	1
advani	आडवाणी	1
advencher	एडवेंचर	0
adventure	एडवेंचर	1
adventures	एडवेंचर्स	1
advice	एडवाइस	1
advitiya	अद्वितीय	0
adwords	एडवर्ड्स	1
adya	आद्या	0
adyatan	अद्यतन	0
ae	एई	1
aemfetamain	ऐम्फेटामाइन	0
aeronautics	एरोनॉटिक्स	1
aerospace	एयरोस्पेस	1
afc	एएफसी	0
afeem	अफीम	0
affair	अफेयर	1
affairs	अफेयर्स	1
afganistan	अफगानिस्तान	0
afghani	अफ़गानी	1
afghanistan	अफ़गानिस्तान	1
aflatoon	अफलातून	0
africa	अफ्रीका	1
african	अफ्रीकन	1
africi	अफ़्रीकी	0
afrika	अफ्रीका	0
afriki	अफ्रीकी	0
afsar	अफसर	0
afsaron	अफसरों	0
afsarshahi	अफसरशाही	0
aftab	अफताब	0
after	आफ्टर	1
afvah	अफवाह	0
afwah	अफवाह	0
afwahon	अफवाहों	0
ag	एजी	1
agaadh	अगाध	0
again	अगेन	1
against	अगेंस्ट	1
agala	अगला	0
agale	अगले	0
agali	अगली	0
agam	अगम	0
agami	आगामी	0
agantuk	आगंतुक	0
agar	अगर	1
agarbatti	अगरबत्ती	0
agarbattiyon	अगरबत्तियों	0
agariya	अगरिया	0
agartala	अगरतला	0
agassi	अगासी	1
agastya	अगस्त्य	0
agastyamuni	अगस्त्यमुनि	0
agava	अगवा	0
age	आगे	1
agenciyon	एजेंसियों	0
agency	एजेंसी	1
agenda	एजेंडा	1
agent	एजेंट	1
agenton	एजेंटों	0
aghat	आघात	0
aghoriyon	अघोरियों	0
agla	अगला	0
agle	अगले	0
agli	अगली	0
agnashay	अग्नाशय	0
agney	अज्ञेय	0
agneyastra	आग्नेयास्त्र	0
agni	अग्नि	0
agnidev	अग्निदेव	0
agnihotra	अग्निहोत्र	0
agnihotri	अग्निहोत्री	0
agnimandya	अग्निमांद्य	0
agnisar	अग्निसार	0
agnishaman	अग्निशमन	0
agra	आगरा	1
agrabhag	अग्रभाग	0
agradas	अग्रदास	0
agradoot	अग्रदूत	0
agradut	अग्रदूत	0
agragami	अग्रगामी	0
agrahari	अग्रहरि	0
agraj	अग्रज	0
agrani	अग्रणी	0
agrasar	अग्रसर	0
agree	एग्री	1
agreement	एग्रीमेंट	1
agreshit	अग्रेषित	0
agriculture	एग्रीकल्चर	1
agrim	अग्रिम	0
agro	एग्रो	1
agroha	अग्रोहा	0
agust	अगस्त	0
agya	अज्ञेय	0
agyaan	अज्ञान	0
agyan	अज्ञान	0
agyani	अज्ञानी	0
agyat	अज्ञात	0
ahaan	अहान	0
ahaate	अहाते	0
ahai	है	0
ahalus	अहलुस	0
aham	अहम	0
ahankaar	अहंकार	0
ahar	आहार	0
ahilya	अहिल्या	0
ahilyabai	अहिल्याबाई	0
ahinsa	अहिंसा	0
ahinsak	अहिंसक	0
ahir	अहीर	0
ahiravan	अहिरावण	0
ahiron	अहीरों	0
ahirwal	अहीरवाल	0
ahluwalia	आहलूवालिया	1
ahmad	अहमद	1
ahmadabad	अहमदाबाद	0
ahmadshah	अहमदशाह	0
ahmed	अहमद	1
ahmedabad	अहमदाबाद	0
ahmednagar	अहमदनगर	0
ahmedpur	अहमदपुर	0
ahmedshah	अहमदशाह	0
ahoi	अहोई	0
ahsaan	अहसान	0
ahsaas	अहसास	0
ahsan	अहसान	0
ahuja	आहुजा	1
ai	एआई	1
aiadmk	एआईएडीएमके	0
aicc	एआईसीसी	0
aid	ऐड	1
aids	एड्स	1
ailaan	ऐलान	0
ailan	एलान	0
ails	आइल्स	1
ain	ऐं	0
ainthan	ऐंठन	0
air	एयर	1
airasia	एयरएशिया	0
airbase	एयरबेस	1
airbus	एयरबस	1
aircondition	एयरकंडीशन	1
aircooled	एयरकूल्ड	0
airfield	एयरफील्ड	1
airforce	एयरफोर्स	1
airlift	एयरलिफ्ट	1
airline	एयरलाइन	1
airliner	एयरलाइनर	1
airlines	एयरलाइंस	1
airplane	एयरप्लेन	1
airport	एयरपोर्ट	1
airshow	एयरशो	0
airtel	एयरटेल	0
airtime	एयरटाइम	1
aisa	ऐसा	1
aise	ऐसे	0
aish	ऐश	0
aishwarya	ऐश्वर्या	0
aishwaryon	ऐश्वर्यों	0
aisi	ऐसी	0
aison	ऐसों	0
aitbaar	एतबार	0
aitbar	एतबार	0
aitihasik	ऐतिहासिक	0
aitihasikta	ऐतिहासिकता	0
aizawl	आइजॉल	0
ajaan	अज़ान	0
ajab	अजब	0
ajad	आजाद	0
ajadi	आजादी	0
ajaivik	अजैविक	0
ajamal	अजमल	0
ajanta	अजंता	0
ajarbejan	अजरबेजान	0
ajatshatru	अजातशत्रु	0
ajay	अजय	1
ajayabaghar	अजायबघर	0
ajayraj	अजयराज	0
ajeeb	अजीब	0
ajgar	अजगर	0
aji	अजी	0
ajim	अजीम	0
ajit	अजीत	0
ajkal	आजकल	0
ajmat	अजमत	0
ajmer	अजमेर	0
ajmeri	अजमेरी	0
ajnaala	अजनाला	0
ajnabi	अजनबी	0
ajnabiyon	अजनबियों	0
ajooba	अजूबा	0
ajoobon	अजूबों	0
ajrada	अजराड़ा	0
ajuba	अजूबा	0
ajubon	अजूबों	0
akaal	अकाल	0
akaar	आकार	0
akaaran	अकारण	0
akaatya	अकाट्य	0
akadami	अकादमी	0
akadamik	अकादमिक	0
akademi	अकादमी	0
akal	एकल	0
akali	अकाली	1
akalpit	अकल्पित	0
akanksha	आकांक्षा	0
akar	आकार	0
akaran	अकारण	0
akarmanyata	अकर्मण्यता	0
akarshak	आकर्षक	0
akarshan	आकर्षण	0
akarshit	आकर्षित	0
akarsita	आकर्षित	0
akbar	अकबर	1
akbarabad	अकबराबाद	0
akbarpur	अकबरपुर	0
akel	अकेल	1
akela	अकेला	0
akelapan	अकेलापन	0
akele	अकेले	0
akelepan	अकेलेपन	0
akeli	अकेली	0
akhabar	अख़बार	0
akhada	अखाड़ा	0
akhade	अखाड़े	0
akhandata	अखंडता	0
akhbaar	अख़बार	0
akhbar	अख़बार	0
akhbaron	अख़बारों	0
akhilesh	अखिलेश	0
akhir	आखिर	0
akhiri	आखिरी	0
akhrot	अखरोट	0
akhtar	अख्तर	1
akhtiyar	अख्तियार	0
akira	अकीरा	1
akkineni	अक्किनेनी	0
akl	अक्ल	0
aklera	अकलेरा	0
akola	अकोला	0
akp	एकेपी	0
akraman	आक्रमण	0
akritiyan	आकृतियां	0
akriyashil	अक्रियाशील	0
aks	अक्स	0
aksar	अक्सर	0
aksh	अक्ष	0
aksham	अक्षम	0
akshamta	अक्षमता	0
akshansh	अक्षांश	0
akshar	अक्षर	0
aksharon	अक्षरों	0
akshat	अक्षत	0
akshay	अक्षय	0
akshunn	अक्षुण्ण	0
akushal	अकुशल	0
al	अल	1
ala	आला	1
aladin	अलादीन	0
alag	अलग	0
alaga	अलग	0
alakh	अलख	0
alaknanda	अलकनंदा	0
alakshit	अलक्षित	0
alam	आलम	1
alan	एलन	1
alankaranon	अलंकरणों	0
alankrit	अलंकृत	0
alankrut	अलकृंत	0
alano	एलानो	0
alarm	अलार्म	1
alauddin	अलाउद्दीन	0
alaukik	अलौकिक	0
alava	अलावा	0
alawa	अलावा	0
albam	अल्बम	0
albama	अलबामा	0
albania	अल्बानिया	1
albatta	अलबत्ता	0
albela	अलबेला	0
albeli	अलबेली	0
albert	अल्बर्ट	1
album	एल्बम	1
albumin	एल्बुमिन	1
albuquerque	अल्बूकर्क	1
alcohol	अल्कोहल	1
alcoholic	अल्कोहलिक	1
alcoxide	ऐल्कॉक्साइड	0
alek	एलेक	0
alerts	अलर्ट्स	1
alex	अलेक्स	1
alexander	अलेक्जेंडर	1
alfred	अलफ्रेड	1
alfriend	अल्फ़्रेड	0
algar	एल्गर	1
algebra	अलजेब्रा	1
algeria	अल्जीरिया	1
algorithm	एल्गोरिथम	1
alhad	अल्हड़	0
ali	अली	1
alibaba	अलीबाबा	0
alie	एली	1
aligadh	अलीगढ़	0
aliganj	अलीगंज	0
aligarh	अलीगढ़	0
alim	आलिम	0
alipur	अलीपुर	0
alipurdawar	अलीपुरद्वार	0
alipurdvar	अलीपुरद्वार	0
alis	एलिस	0
alisha	अलीशा	1
alison	एलिसन	1
alistair	एलिस्टेयर	1
alit	एलिट	0
alka	अलका	1
all	ऑल	1
allah	अल्लाह	1
allahabad	इलाहाबाद	1
allama	अल्लामा	0
allen	एलन	1
allergy	एलर्जी	1
alliance	एलायंस	1
allopathic	एलोपैथिक	0
allu	अल्लु	0
almari	अलमारी	0
almariyon	अलमारियों	0
almoda	अल्मोड़ा	0
almora	अल्मोड़ा	0
almost	ऑलमोस्ट	1
alochana	आलोचना	0
alochanatmak	आलोचनात्मक	0
aloe	एलो	1
aloevera	एलोवेरा	0
alok	आलोक	0
alokapriyata	अलोकप्रियता	0
alp	अल्प	0
alpahar	अल्पाहार	0
alpakalik	अल्पकालिक	0
alpakalin	अल्पकालीन	0
alpana	अल्पना	0
alpayu	अल्पायु	0
alpha	अल्फा	1
alpine	अल्पाइन	1
alps	आल्प्स	1
alpsankhyak	अल्पसंख्यक	0
alsar	अल्सर	0
alsee	अलसी	0
alsi	अलसी	0
altaf	अल्ताफ	0
alter	अल्टर	1
altitude	एल्टीट्यूड	1
alto	अल्टो	1
alton	एल्टन	1
aluminium	एल्यूमीनियम	1
aluru	एलुरु	0
alvar	अलवर	0
alvida	अलविदा	0
am	एएम	1
amaan	अमान	0
amal	अमल	1
aman	अमन	1
amantrit	आमंत्रित	0
amanulla	अमानुल्ला	0
amanullah	अमानुल्ला	0
amanushik	अमानुषिक	0
amanviya	अमानवीय	0
amanya	अमान्य	0
amar	अमर	1
amarchand	अमरचंद	0
amardas	अमरदास	0
amarkant	अमरकांत	0
amarkantak	अमरकंटक	0
amarnath	अमरनाथ	0
amarpura	अमरपुरा	0
amashay	आमाशय	0
amatya	अमात्य	0
amax	एमेक्स	1
amba	अंबा	0
ambala	अंबाला	0
ambassador	एम्बेसडर	1
ambedkar	अंबेडकर	0
ambika	अंबिका	0
ambulance	एम्बुलेंस	1
amer	आमेर	1
america	अमेरिका	1
american	अमेरिकन	1
americi	अमेरिकी	0
ameriki	अमेरिकी	0
amerikiyon	अमेरिकियों	0
amethi	अमेठी	0
amex	एमेक्स	1
amila	अमिला	0
amin	अमीन	1
amine	ऐमिन	1
amino	अमीनो	1
amir	अमीर	1
amirat	अमीरात	0
amiri	अमीरी	1
amiron	अमीरों	0
amit	अमिट	1
amitabh	अमिताभ	0
amity	एमिटी	1
amjad	अमजद	0
aml	अम्ल	0
amla	अम्ल	0
amliy	अम्लीय	0
amlon	अम्लों	0
amma	अम्मा	0
ammaa	अम्मा	0
ammaal	अम्माल	0
amman	अम्मान	1
ammonia	अमोनिया	1
ammonium	अमोनियम	1
amnaur	अमनौर	0
amnesty	एमनेस्टी	1
amol	अमोल	0
amonia	अमोनिया	0
amos	आमोस	1
amount	अमाउंट	1
amrapali	आम्रपाली	0
amrapurkar	अमरापुरकर	0
amravati	अमरावती	0
amreli	अमरेली	0
amrendra	अमरेंद्र	0
amrish	अमरीश	0
amrit	अमृत	0
amrita	अमृता	0
amritlal	अमृतलाल	0
amritsar	अमृतसर	1
amritwani	अमृतवाणी	0
amroha	अमरोहा	0
amrut	अमृत	0
amruta	अमृता	0
amul	आमूल	0
amulchul	आमूलचूल	0
amulya	अमूल्य	0
amuman	अमूमन	0
amur	अमूर	0
amurt	अमूर्त	0
an	अं	1
anaaj	अनाज	0
anaam	अनाम	0
anaar	अनार	0
anachar	अनाचार	0
anadar	अनादर	0
anadi	अनादि	0
anadipan	अनाड़ीपन	0
anaitik	अनैतिक	0
anaj	अनाज	0
anajon	अनाजों	0
analysis	एनालिसिस	1
analytics	एनालिटिक्स	1
anamat	अनामत	0
anamika	अनामिका	0
anand	आनंद	1
anandan	आनंदन	0
anandmay	आनंदमय	0
anandpur	आनंदपुर	0
anant	अनन्त	0
anantkal	अनंतकाल	0
anantmul	अनंतमूल	0
ananya	अनन्या	0
anarchy	एनार्की	1
anarkali	अनारकली	0
anarkshit	अनारक्षित	0
anarwala	अनारवाला	0
anastasiya	अनास्तासिया	0
anath	अनाथ	0
anathalay	अनाथालय	0
anathalayon	अनाथालयों	0
anatomy	एनाटॉमी	1
anavaran	अनावरण	0
anavrishti	अनावृष्टि	0
anayas	अनायास	0
anban	अनबन	0
anchal	अंचल	0
anchalon	अंचलों	0
anchor	एंकर	1
anchoring	एंकरिंग	1
and	एंड	1
anda	अंडा	0
andaaj	अंदाज़	0
andaajaa	अंदाजा	0
andaajan	अंदाजन	0
andaaz	अंदाज़	0
andaazaa	अंदाजा	0
andaazan	अंदाजन	0
andaja	अंदाजा	0
andakar	अंडाकार	0
andaman	अंडमान	0
andar	अन्दर	0
andashay	अंडाशय	0
andaz	अंदाज	0
andaza	अंदाजा	0
ande	अंडे	0
andekha	अनदेखा	0
andekhi	अनदेखी	0
anderson	एंडर्सन	1
andesha	अंदेशा	0
andeshaa	अंदेशा	0
andhadhundh	अंधाधुंध	0
andhak	अंधक	0
andhe	अंधे	0
andhepan	अंधेपन	0
andhikrit	अनधिकृत	0
andhkaar	अंधकार	0
andhkar	अंधकार	0
andhra	आंध्र	0
andhrapradesh	आंध्रप्रदेश	0
andhta	अंधता	0
andolan	आंदोलन	0
andolano	आंदोलनों	0
andolanon	आंदोलनों	0
andon	अंडों	0
andre	एंड्रे	1
andrew	एंड्रयू	1
andrey	एंड्री	1
androgen	एंड्रोजन	0
android	एंड्रॉयड	1
andruni	अंदरूनी	0
ane	आने	1
anek	अनेक	0
anekanek	अनेकानेक	0
anekon	अनेकों	0
anemia	एनीमिया	1
aneurysm	एन्यूरिज्म	1
ang	अंग	1
angad	अंगद	0
angan	आंगन	0
anganbadi	आंगनबाड़ी	0
angane	अंगने	0
anganwadi	आंगनवाड़ी	0
angara	अंगारा	0
angare	अंगारे	0
angareji	अंग्रेजी	0
angbhang	अंगभंग	0
angela	एंजेला	1
angeles	एन्जिल्स	1
angelo	एंजेलो	1
angels	एंजल्स	1
angha	अनघा	0
angi	अंगी	1
angikar	अंगीकार	0
anginat	अनगिनत	0
angle	एंगल	1
anglo	एंग्लो	1
anglong	आंगलोंग	0
angola	अंगोला	1
angon	अंगों	0
angoor	अंगूर	0
angrakshak	अंगरक्षक	0
angre	आंग्रे	0
angrej	अंग्रेज	0
angreji	अंग्रेजी	0
angrejo	अंग्रेजों	0
angrejon	अंग्रेजों	0
angrezi	अंग्रेजी	0
angrezo	अंग्रेज़ों	0
angrezon	अग्रेजों	0
angul	अंगुल	0
anguli	अंगुली	0
anguliyon	अंगुलियों	0
angur	अंगूर	0
anguri	अंगूरी	0
anguron	अंगूरों	0
angutha	अंगूठा	0
anguthe	अंगुठे	0
anguthi	अंगूठी	0
anguthiyon	अंगूठियों	0
anhad	अनहद	0
anichcha	अनिच्छा	0
anidra	अनिद्रा	0
anil	अनिल	0
anima	अणिमा	0
animals	एनिमल्स	1
animated	एनिमेटेड	1
animation	एनीमेशन	1
anirnit	अनिर्णीत	0
aniruddh	अनिरुद्ध	0
anish	अनीश	0
anishchay	अनिश्चय	0
anishchit	अनिश्चित	0
anishchita	अनिश्चिता	0
anita	अनीता	1
anitya	अनित्य	0
anivary	अनिवार्य	0
anivarya	अनिवार्य	0
anivaryata	अनिवार्यता	0
anivaryataon	अनिवार्यताओं	0
aniyamit	अनियमित	0
aniyamitata	अनियमितता	0
aniyantrit	अनियंत्रित	0
anjaan	अंजान	0
anjaani	अनजानी	0
anjali	अंजली	0
anjan	अंजन	0
anjana	अंजना	0
anjane	अनजाने	0
anjani	अंजानी	0
anjar	अंजार	0
anjeer	अंजीर	0
anju	अंजू	0
anjum	अंजुम	0
anjuman	अंजुमन	0
ank	अंक	0
ankahe	अनकहे	0
ankan	अंकन	0
ankganit	अंकगणित	0
ankh	आंख	1
ankit	अंकित	0
ankur	अंकुर	0
ankuran	अंकुरण	0
ankurit	अंकुरित	0
ankush	अंकुश	0
anmol	अनमोल	0
ann	अन्न	1
anna	अन्ना	1
annam	अन्नम	0
annat	अन्नत	0
annu	अन्नू	0
anny	ऐनी	1
anokha	अनोखा	0
anokhe	अनोखे	0
anokhepan	अनोखेपन	0
anokhi	अनोखी	0
anopcharik	अनौपचारिक	0
anorexia	एनोरेक्सिया	1
anpadh	अनपढ़	0
anpekshit	अनपेक्षित	0
ansal	अंसल	0
ansari	अंसारी	1
ansh	अंश	0
anshan	अनशन	1
anshat	अंशत	0
anshavatar	अंशावतार	0
anshi	अंशी	0
anshik	आंशिक	0
anshkaalik	अंशकालिक	0
anshon	अंशों	0
ansu	आंसू	0
ansuljha	अनसुलझा	0
ansuljhe	अनसुलझे	0
ansuni	अनसुनी	0
ansuya	अनसूया	0
ant	अंत	1
anta	अंत	0
antah	अत	0
antahkaran	अंतःकरण	0
antar	अंतर	1
antarashtriya	अंतराष्ट्रीय	0
antaratma	अंतरात्मा	0
antarctica	अंटार्कटिका	1
antargat	अंतर्गत	0
antarik	आंतरिक	0
antariksa	अंतरिक्ष	0
antariksh	अंतरिक्ष	0
antarim	अंतरिम	0
antarman	अंतर्मन	0
antaron	अंतरों	0
antarrashtriy	अंतर्राष्ट्रीय	0
antarrashtriya	अंतरराष्ट्रीय	0
antarrashtriye	अंतरराष्ट्रीय	0
antarvaiyaktik	अंतर्वैयक्तिक	0
antarvastr	अंतर्वस्त्र	0
antarvirodh	अंतर्विरोध	0
antatah	अंततः	0
anthani	एंथनी	0
anthony	एंथनी	1
anti	एंटी	1
antibiotic	एंटीबायोटिक	1
antibody	एंटीबॉडी	1
antic	एंटीक	1
antifungal	एंटीफंगल	1
antim	अंतिम	0
antioxidant	एंटीऑक्सीडेंट	1
antioxydent	एंटीऑक्सीडेंट	0
antiseptic	एंटीसेप्टिक	1
antivirus	एंटीवायरस	1
antnirhit	अंतर्निहित	0
anton	एंटन	1
antoni	अंटोनी	1
antonio	एंटोनियो	1
antoniyo	एंटोनियो	0
antral	अंतराल	0
antran	अंतरण	0
antrashtriya	अंतराष्ट्रीय	0
antrgat	अंतर्गत	0
antriksh	अंतरिक्ष	0
antrikshyatri	अंतरिक्षयात्री	0
antrim	अंतरिम	1
anttah	अंततः	0
anttogtva	अंततोगत्वा	0
antule	अंतुले	0
antya	अंत्य	0
antyeshti	अंत्येष्टि	0
antyoday	अंत्योदय	0
anu	अणु	0
anubandh	अनुबंध	0
anubandhit	अनुबंधित	0
anubandhon	अनुबंधों	0
anubha	अनुभा	0
anubhaag	अनुभाग	0
anubhag	अनुभाग	0
anubhagon	अनुभागों	0
anubhav	अनुभव	0
anubhavi	अनुभवी	0
anubhavo	अनुभवों	0
anubhavon	अनुभवों	0
anubhut	अनुभूत	0
anubhuti	अनुभूति	0
anubhutiyon	अनुभूतियों	0
anuchchhed	अनुच्छेद	0
anuchchhedon	अनुच्छेदों	0
anudan	अनुदान	0
anudanit	अनुदानित	0
anudanon	अनुदानों	0
anudarvadi	अनुदारवादी	0
anudesh	अनुदेश	0
anudeshak	अनुदेशक	0
anudeshakon	अनुदेशकों	0
anudeshon	अनुदेशों	0
anugaman	अनुगमन	0
anugami	अनुगामी	0
anugrah	अनुग्रह	0
anugraha	अनुग्रह	0
anugyapti	अनुज्ञप्ति	0
anuj	अनुज	0
anukalp	अनुकल्प	0
anukaran	अनुकरण	0
anukram	अनुक्रम	0
anukul	अनुकूल	0
anukulan	अनुकूलन	0
anumaan	अनुमान	0
anuman	अनुमान	0
anumanat	अनुमानत	0
anumandal	अनुमंडल	0
anumanit	अनुमानित	0
anumanon	अनुमानों	0
anumat	अनुमत	0
anumati	अनुमति	0
anumatiyon	अनुमतियों	0
anumodan	अनुमोदन	0
anumodit	अनुमोदित	0
anunay	अनुनय	0
anuon	अणुओं	0
anup	अनुप	0
anupaat	अनुपात	0
anupalan	अनुपालन	0
anupam	अनुपम	0
anupasthit	अनुपस्थित	0
anupasthiti	अनुपस्थिति	0
anupat	अनुपात	0
anupayogi	अनुपयोगी	0
anuplabdh	अनुपलब्ध	0
anuppur	अनूपपुर	0
anupranit	अनुप्राणित	0
anupshahar	अनूपशहर	0
anupurak	अनुपूरक	0
anuraag	अनुराग	0
anuradha	अनुराधा	0
anurag	अनुराग	0
anurodh	अनुरोध	0
anurodhon	अनुरोधों	0
anuroop	अनुरूप	0
anurup	अनुरूप	0
anusaar	अनुसार	0
anusandhaan	अनुसन्धान	0
anusandhan	अनुसंधान	0
anusandhankartaon	अनुसंधानकर्ताओं	0
anusandhanon	अनुसंधानों	0
anusar	अनुसार	0
anusaran	अनुसरण	0
anushangi	अनुषंगी	0
anushangik	आनुषंगिक	0
anushansa	अनुशंसा	0
anushasan	अनुशासन	0
anushasit	अनुशासित	0
anushilan	अनुशीलन	0
anushka	अनुष्का	0
anushravan	अनुश्रवण	0
anushthan	अनुष्ठान	0
anushthanon	अनुष्ठानों	0
anusuchi	अनुसूची	0
anusuchit	अनुसूचित	0
anusuchiyon	अनुसूचियों	0
anusuya	अनसूया	0
anutha	अनूठा	0
anuthe	अनूठे	0
anutpadak	अनुत्पादक	0
anuttarit	अनुत्तरित	0
anuvaad	अनुवाद	0
anuvad	अनुवाद	0
anuvadak	अनुवादक	0
anuvanshik	आनुवंशिक	0
anuwanshik	अनुवांशिक	0
anuwanshiki	अनुवांशिकी	0
anuyaayi	अनुयायी	0
anuyayi	अनुयायी	0
anuyayiyon	अनुयायियों	0
anveshak	अन्वेषक	0
anveshan	अन्वेषण	0
anwar	अनवर	1
any	अन्य	1
anya	अन्य	0
anyanya	अन्यान्य	0
anyatam	अन्यतम	0
anyatha	अन्यथा	0
anyay	अन्याय	0
anyon	अन्यों	1
ap	ऐप	1
apaar	अपार	0
apabhransh	अपभ्रंश	0
apache	अपाचे	1
apaharan	अपहरण	0
apana	अपना	0
apanaya	अपनाया	0
apane	अपने	0
apang	अपंग	0
apani	अपनी	0
apanjikrit	अपंजीकृत	0
apar	अपार	0
aparadh	अपराध	0
aparadhbodh	अपराधबोध	0
aparadhi	अपराधी	0
aparadhik	अपराधिक	0
aparajit	अपराजित	0
aparajita	अपराजिता	0
aparamparagat	अपरंपरागत	0
apardan	अपरदन	0
aparibhashit	अपरिभाषित	0
aparichit	अपरिचित	0
aparigrah	अपरिग्रह	0
aparihaary	अपरिहार्य	0
aparimit	अपरिमित	0
aparipakv	अपरिपक्व	0
aparipakvata	अपरिपक्वता	0
aparivartaniy	अपरिवर्तनीय	0
aparivartit	अपरिवर्तित	0
apartment	अपार्टमेंट	1
apartments	अपार्टमेंट्स	1
apas	आपस	0
apatkal	आपातकाल	0
apbhransh	अपभ्रंश	0
apc	एपीसी	1
apchan	अपचन	0
apdasth	अपदस्थ	0
apeksha	अपेक्षा	0
apekshakrit	अपेक्षाकृत	0
apekshaon	अपेक्षाओं	0
apekshit	अपेक्षित	0
apen	अपेन	0
apharan	अपहरण	0
api	एपीआई	1
apilkarta	अपीलकर्ता	0
apitu	अपितु	0
apke	आपके	0
apki	आपकी	0
apko	आपको	0
apmaanjanak	अपमानजनक	0
apman	अपमान	0
apmanit	अपमानित	0
apmanjanak	अपमानजनक	0
apmishran	अपमिश्रण	0
apna	अपना	0
apnai	अपनाई	0
apnakar	अपनाकर	0
apnane	अपनाने	0
apnata	अपनाता	0
apnate	अपनाते	0
apnati	अपनाती	0
apnaya	अपनाया	0
apnayi	अपनायी	0
apne	अपने	0
apneaap	अपनेआप	0
apni	अपनी	0
apollo	अपोलो	1
apolo	अपोलो	0
app	ऐप	1
appa	अप्पा	0
appam	अप्पम	0
appeal	अपील	1
apple	एप्पल	1
application	एप्लीकेशन	1
applications	एप्लिकेशंस	1
applied	अप्लायड	1
appointment	अपॉइंटमेंट	1
approach	एप्रोच	1
apra	अपरा	1
apraadh	अपराध	0
apraadhbodh	अपराधबोध	0
apraadhi	अपराधी	0
aprabhavi	अप्रभावी	0
aprabhavit	अप्रभावित	0
aprachalit	अप्रचलित	0
apradh	अपराध	0
apradhan	अप्रधान	0
apradhbodh	अपराधबोध	0
apradhi	अपराधी	0
apradhiyon	अपराधियों	0
aprakashit	अप्रकाशित	0
apramanik	अप्रमाणिक	0
apramanit	अप्रमाणित	0
aprapya	अप्राप्य	0
aprasangik	अप्रासंगिक	0
aprasann	अप्रसन्न	0
aprashikshit	अप्रशिक्षित	0
apratim	अप्रतिम	0
apratyaksh	अप्रत्यक्ष	0
apratyashit	अप्रत्याशित	0
apravasi	अप्रवासी	0
apravasiyon	अप्रवासियों	0
april	अप्रैल	1
apriya	अप्रिय	0
aprna	अपर्णा	0
aproksh	अपरोक्ष	0
apryapt	अपर्याप्त	0
aps	अप्स	0
apsara	अप्सरा	0
apshisht	अपशिष्ट	0
apsraon	अप्सराओं	0
aptan	अप्टन	0
apte	आप्टे	0
apurti	आपूर्ति	0
apurv	अपूर्व	0
apusht	अपुष्ट	0
apvad	अपवाद	0
apvadon	अपवादों	0
apvah	अपवाह	0
apvikaas	अपविकास	0
apvikas	अपविकास	0
apvyay	अपव्यय	0
ara	आरा	1
arab	अरब	1
araba	अरब	0
arabapati	अरबपति	0
arabi	अरबी	0
arabic	अरेबिक	1
arabon	अरबों	0
arabpati	अरबपति	0
arafat	अराफात	1
arajakta	अराजकता	0
aramaan	अरमान	0
arambh	आरंभ	0
arambhik	आरंभिक	0
aran	एरन	1
aravali	अरावली	0
arbi	अरबी	0
arc	आर्क	1
arcade	आर्केड	1
archaeology	आर्कियोलॉजी	1
archana	अर्चना	0
archanaa	अर्चना	0
archimedes	आर्किमिडीज	1
architech	आर्कटिक	0
architect	आर्किटेक्ट	1
architecton	आर्किटेक्टों	0
architects	आर्किटेक्ट्स	1
architecture	आर्किटेक्चर	1
archive	आर्काइव	1
arctic	आर्कटिक	1
arddh	अर्द्ध	0
arddhsainik	अर्द्धसैनिक	0
ardh	अर्ध	0
ardhvaarshik	अर्धवार्षिक	0
area	एरिया	1
arena	एरेना	1
arera	अरेरा	0
areraj	अरेराज	0
arey	अरे	1
argentina	अर्जेंटीना	1
arh	अर्ह	0
arhar	अरहर	0
arhata	अर्हता	0
ariana	एरियाना	1
arif	आरिफ	0
arihant	अरिहंत	0
arijeet	अरिजीत	0
arijit	अरिजीत	0
arinjay	अरिंजय	0
arisht	अरिष्ट	0
arjit	अर्जित	0
arjun	अर्जुन	1
ark	अर्क	1
arm	आर्म	1
armadillo	आर्माडिलो	1
armani	अरमानी	1
armenia	आर्मेनिया	1
armeniya	आर्मेनिया	0
armstrong	आर्मस्ट्रांग	1
army	आर्मी	1
arnab	अरनब	0
arnold	अर्नोल्ड	1
aropon	आरोपों	0
arora	अरोड़ा	1
arpan	अर्पण	0
arpita	अर्पिता	0
arse	अर्से	1
arsenal	आर्सेनल	1
arsenic	आर्सेनिक	1
arsenide	आर्सेनाइड	1
arshad	अरशद	0
arshi	अर्शी	0
art	आर्ट	1
arth	अर्थ	1
arthaat	अर्थात्	0
arthart	अर्थात	0
arthashastra	अर्थशास्त्र	0
arthashastri	अर्थशास्त्री	0
arthashastriyon	अर्थशास्त्रियों	0
arthat	अर्थात्	0
arthik	आर्थिक	0
arthkari	अर्थकरी	0
arthniti	अर्थनीति	0
arthritis	आर्थराइटिस	1
arthshastra	अर्थशास्त्र	0
arthur	आर्थर	1
arthvyavastha	अर्थव्यवस्था	0
arthvyavstha	अर्थव्यवस्था	0
article	आर्टिकल	1
artificial	आर्टिफिशियल	1
artist	आर्टिस्ट	1
artistic	आर्टिस्टिक	1
arts	आर्ट्स	1
aru	और	0
aruchi	अरुचि	0
aruchikar	अरुचिकर	0
arun	अरूण	0
aruna	अरुणा	0
arunachal	अरुणाचल	0
arva	अरवा	1
arvind	अरविंद	1
arya	आर्य	0
aryabhatta	आर्यभट	0
aryasamaj	आर्यसमाज	0
aryavart	आर्यावर्त	0
as	अस	1
asa	एसा	1
asaam	असम	0
asaamaajik	असामाजिक	0
asad	असद	0
asadharan	असाधारण	0
asadhya	असाध्य	0
asafal	असफल	0
asafalta	असफलता	0
asahaj	असहज	0
asahamati	असहमति	0
asahanshilta	असहनशीलता	0
asahay	असहाय	0
asahayog	असहयोग	0
asahayon	असहायों	0
asahayta	असहायता	0
asahi	असाही	1
asahishnuta	असहिष्णुता	0
asahmat	असहमत	0
asainya	असैन्य	0
asakti	आसक्ति	0
asal	असल	0
asali	असली	0
asaliyat	असलियत	0
asam	असम	0
asama	असमा	0
asamajik	असामाजिक	0
asamanjas	असमंजस	0
asamanta	असमानता	0
asamanya	असामान्य	0
asamanyata	असामान्यता	0
asamanyta	असामान्यता	0
asamarth	असमर्थ	0
asamay	असमय	0
asambhav	असंभव	0
asami	आसामी	0
asamiya	असमिया	0
asan	आसन	0
asandigdh	असंदिग्ध	0
asangathit	असंगठित	0
asangati	असंगति	0
asani	आसानी	0
asantosh	असंतोष	0
asantoshjanak	असंतोषजनक	0
asantript	असंतृप्त	0
asantulan	असंतुलन	0
asantulit	असंतुलित	0
asantusht	असंतुष्ट	0
asantushton	असंतुष्टों	0
asar	असर	0
asaram	आसाराम	0
asarganj	असरगंज	0
asarta	असारता	0
asatya	असत्य	0
asatyapit	असत्यापित	0
asbestos	एस्बेस्टस	1
ascharyajanak	आश्चर्यजनक	0
asdulla	असदुल्ला	0
aseem	असीम	0
aseemanand	असीमानंद	0
asgar	असगर	0
ash	ऐश	1
asha	आशा	1
ashad	अशद	0
ashadh	आषाढ	0
ashalata	आशालता	0
ashant	अशांत	0
ashanti	अशांति	0
ashanvit	आशान्वित	0
ashapuri	आशापुरी	0
ashar	अशर	0
asharf	अशरफ़	0
ashcharya	आश्चर्य	0
ashcharychakit	आश्चर्यचकित	0
ashcharyon	आश्चर्यों	0
ashek	अशेक	0
ashes	एशेज	1
ashfaq	अशफाक	0
ashirvad	आशीर्वाद	0
ashish	आशीष	1
ashisht	अशिष्ट	0
ashishtta	अशिष्टता	0
ashle	एश्ले	0
ashleel	अश्लील	0
ashley	एशले	1
ashlil	अश्लील	0
ashlilta	अश्लीलता	0
ashok	अशोक	1
ashraf	अशरफ	0
ashram	आश्रम	1
ashray	आश्रय	0
ashru	अश्रु	0
ashruon	अश्रुओं	0
asht	अष्ट	0
ashtam	अष्टम	0
ashtami	अष्टमी	0
ashtang	अष्टांग	0
ashtmi	अष्टमी	0
ashubh	अशुभ	0
ashudd	अशुद्ध	0
ashuddhi	अशुद्धि	0
ashuddiyon	अशुद्धियों	0
ashutosh	आशुतोष	0
ashv	अश्व	0
ashvasanon	आश्वासनों	0
ashvet	अश्वेत	0
ashveton	अश्वेतों	0
ashvin	अश्विन	0
ashwin	अश्विन	0
asia	एशिया	1
asiatic	एशियाटिक	1
asif	आसिफ	0
asim	आसिम	0
asimit	असीमित	0
asin	आसीन	0
asir	असीर	0
asiri	असीरी	0
asit	असित	0
asiya	आसिया	0
aske	असके	0
aslam	असलम	0
asli	असली	0
asman	असमान	1
asmbhav	असंभव	0
asmita	अस्मिता	0
asp	एएसपी	1
aspasht	अस्पष्ट	0
aspashtata	अस्पष्टता	0
aspataal	अस्पताल	0
aspataalon	अस्पतालों	0
aspirin	एस्पिरिन	1
asprin	एस्प्रिन	0
asptalon	अस्पतालों	0
aspur	आसपुर	0
asraar	असरार	0
asrani	असरानी	0
assam	असम	1
assar	एस्सार	0
assembly	असेंबली	1
assessment	असेसमेंट	1
asset	एसेट	1
assignment	असाइनमेंट	1
assistant	असिस्टेंट	1
associate	एसोसिएट	1
associated	एसोसिएटेड	1
associates	एसोसिएट्स	1
association	एसोसिएसन	1
ast	अस्त	1
astane	आस्ताने	0
asthai	अस्थाई	0
asthayi	अस्थायी	0
asthi	अस्थि	0
asthir	अस्थिर	0
asthirata	अस्थिरता	0
asthirta	अस्थिरता	0
asti	अस्ति	0
astitv	अस्तित्व	0
astitva	अस्तित्व	0
astitw	अस्तित्व	0
astitwa	अस्तित्व	0
aston	एस्टन	1
astr	अस्त्र	0
astra	अस्त्र	1
astrashastron	अस्त्रशस्त्रों	0
astro	एस्ट्रो	1
astron	अस्त्रों	0
astrophysics	एस्ट्रोफिजिक्स	1
astvyast	अस्तव्यस्त	0
astvyastata	अस्तव्यस्तता	0
asur	असुर	0
asuraksha	असुरक्षा	0
asuri	आसुरी	0
asuron	असुरों	0
asuvidha	असुविधा	0
asuvidhaa	असुविधा	0
asuvidhaaon	असुविधाओं	0
asuvidhajanak	असुविधाजनक	0
asuvidhaon	असुविधाओं	0
aswabhavik	अस्वाभाविक	0
aswachhta	अस्वच्छता	0
aswasth	अस्वस्थ	0
aswasthakar	अस्वस्थकर	0
asweekar	अस्वीकार	0
aswikar	अस्वीकार	0
at	एट	1
ata	आता	1
ataa	अता	0
atah	अतः	0
atal	अटल	0
atank	आतंक	0
atari	अटारी	1
ate	आते	1
ateet	अतीत	0
atev	अतएव	0
atf	एटीएफ	0
athah	अथाह	0
athaiya	अथैया	0
atharah	अठारह	0
atharahvin	अट्ठारहवीं	0
atharvved	अथर्ववेद	0
athava	अथवा	0
athavaa	अथवा	0
athena	एथेना	1
athens	एथेंस	1
athlete	एथलीट	1
athletic	एथलेटिक	1
athleton	एथलीटों	0
athva	अथवा	0
ati	अति	1
atikraman	अतिक्रमण	0
atiprabhavit	अतिप्रभावित	0
atiranjit	अतिरंजित	0
atirikt	अतिरिक्त	0
atirikta	अतिरिक्त	0
atisaar	अतिसार	0
atisamvedansheel	अतिसंवेदनशील	0
atishay	अतिशय	0
atishayokti	अतिशयोक्ति	0
atishyokti	अतिशयोक्ति	0
atit	अतीत	0
atithi	अतिथि	0
atithiyon	अतिथियों	0
atiutsah	अतिउत्साह	0
ativadiyon	अतिवादियों	0
ativishisht	अतिविशिष्ट	0
ativrushti	अतिवृष्टि	0
atkalen	अटकलें	0
atlanta	अटलांटा	1
atlantic	अटलांटिक	1
atlas	एटलस	1
atm	एटीएम	1
atma	आत्मा	0
atmahatya	आत्महत्या	0
atmahatyaon	आत्महत्याओं	0
atmakatha	आत्मकथा	0
atmao	आत्माओं	0
atmaon	आत्माओं	0
atmaraksha	आत्मरक्षा	0
atmaram	आत्माराम	0
atmasakshatkar	आत्मसाक्षात्कार	0
atmasamarpan	आत्मसमर्पण	0
atmasamman	आत्मसम्मान	0
atmik	आत्मिक	0
atmiyata	आत्मीयता	0
atom	एटम	1
atoot	अटूट	0
atp	एटीपी	1
atr	एटीआर	0
atre	अत्रे	0
atri	अत्रि	0
atript	अतृप्त	0
attack	अटैक	1
attend	अटेंड	1
attendance	अटेंडेंट्स	1
attention	एटेंशन	1
atul	अतुल	0
atulniy	अतुलनीय	0
atut	अटूट	0
atyaachaar	अत्याचार	0
atyachar	अत्याचार	0
atyachari	अत्याचारी	0
atyacharon	अत्याचारों	0
atyadhik	अत्यधिक	0
atyadhunik	अत्याधुनिक	0
atyalp	अत्यल्प	0
atyant	अत्यंत	0
atyavashyak	अत्यावश्यक	0
atyavshyak	अत्यावश्यक	0
au	एयू	1
auchitya	औचित्य	0
audhogik	औधोगिक	0
audhyogik	औद्योगिक	0
audio	आॅडियो	1
audit	आडिट	1
audition	ऑडिशन	1
auditorium	आडिटोरियम	1
audyogik	औद्योगिक	0
audyogiki	औद्योगिकी	0
august	अगस्त	1
augustus	अगस्टस	1
aujaar	औजार	0
aujala	औजला	0
aujar	औजार	0
aujaron	औजारों	0
aulad	औलाद	0
aun	औन	0
aundh	औंध	0
aundha	औंधा	0
aupcharik	औपचारिक	0
aupchariktayen	औपचारिकताएं	0
aupniveshik	औपनिवेशिक	0
aur	और	0
aura	और	1
aurangzeb	औरंगज़ेब	0
aurat	औरत	0
auraten	औरतें	0
auraton	औरतों	0
auron	औरों	0
ausat	औसत	0
ausatan	औसतन	0
aushadh	औषध	0
aushadhi	औषधि	0
aushadhiyon	औषधियों	0
aushadhiyukt	औषधियुक्त	0
aushdhiy	औषधीय	0
aushdhiya	औषधीय	0
aushdhiyan	औषधियां	0
aushdhiyon	औषधियों	0
austan	औसतन	0
austin	ऑस्टिन	1
austraclear	ऑस्ट्राक्लियर	0
australia	ऑस्ट्रेलिया	1
australian	ऑस्ट्रेलियन	1
austrelia	ऑस्ट्रेलिया	0
austreliya	ऑस्ट्रेलिया	0
austreliyai	ऑस्ट्रेलियाई	0
austria	ऑस्ट्रिया	1
authority	अथॉरिटी	1
autistic	ऑटिस्टिक	1
auto	ऑटो	1
autobiography	ऑटोबायोग्राफी	1
autograph	ऑटोग्राफ	1
autoimmune	ऑटोइम्यून	1
automatic	ऑटोमेटिक	1
automation	ऑटोमेशन	1
automobile	ऑटोमोबाइल	1
avadh	अवध	0
avadharana	अवधारणा	0
avadhi	अवधि	0
avagaman	आवागमन	0
avagya	अवज्ञा	0
avahelna	अवहेलना	0
avaidh	अवैध	0
avaidhanik	अवैधानिक	0
avaidyanath	अवैद्यनाथ	0
avakash	अवकाश	0
avalokan	अवलोकन	0
avan	अवन	0
avanchit	अवांछित	0
avantan	आवंटन	0
avar	अवर	0
avara	अवर	0
avarakt	अवरक्त	0
avaran	आवरण	0
avardhan	आवर्धन	0
avarodh	अवरोध	0
avarodhak	अवरोधक	0
avas	आवास	0
avasar	अवसर	0
avashesho	अवशेषों	0
avashya	अवश्य	0
avashyak	आवश्यक	0
avashyakta	आवश्यकता	0
avashyaktaon	आवश्यकताओं	0
avastha	अवस्था	0
avasthaa	अवस्था	0
avasthaon	अवस्थाओं	0
avasthayen	अवस्थाएँ	0
avasthit	अवस्थित	0
avbhasha	अवभाषा	0
avchetan	अवचेतन	0
avdharna	अवधारणा	0
avdharnaon	अवधारणाओं	0
avdhesh	अवधेश	0
avdhi	अवधि	0
avdhik	आवधिक	0
ave	अवे	1
avedak	आवेदक	0
avedakon	आवेदकों	0
avedan	आवेदन	0
avenger	अवेंजर	1
avengers	अवेंजर्स	0
average	एवरेज	1
avgat	अवगत	0
aviation	एविएशन	1
avibhajit	अविभाजित	0
avibhajya	अविभाज्य	0
avikal	अविकल	0
avilamb	अविलंब	0
avinash	अविनाश	0
avinashi	अविनाशी	0
aviram	अविराम	0
avishkar	अविष्कार	0
avishkarak	अविष्कारक	0
avishvas	अविश्वास	0
avivadit	अविवादित	0
avivahit	अविवाहित	0
avkash	अवकाश	0
avlokan	अवलोकन	0
avm	एवं	0
avmulyan	अवमूल्यन	0
avn	एवं	0
avnat	अवनत	0
avni	अवनी	0
avrodh	अवरोध	0
avrodhon	अवरोधों	0
avruddh	अवरुद्ध	0
avs	एवीएस	0
avsadon	अवसादों	0
avsar	अवसर	0
avsaron	अवसरों	0
avshesh	अवशेष	0
avsheshon	अवशेषों	0
avshisht	अवशिष्ट	0
avshoshan	अवशोषण	0
avshoshit	अवशोषित	0
avshy	अवश्य	0
avshyakta	आवश्यकता	0
avstha	अवस्था	0
avsthit	अवस्थित	0
avtaran	अवतरण	0
avtarit	अवतरित	0
avtaron	अवतारों	0
avval	अव्वल	0
avyakt	अव्यक्त	0
avyasak	अवयस्क	0
avyav	अवयव	0
avyavastha	अव्यवस्था	0
avyavasthaon	अव्यवस्थाओं	0
avyavasthit	अव्यवस्थित	0
avyavon	अवयवों	0
awaaz	आवाज	0
award	अवार्ड	1
awards	अवार्ड्स	1
awareness	अवेयरनेस	1
awaruddha	अवरुद्ध	0
awas	आवास	0
awasthi	अवस्थी	0
awaz	आवाज	0
axe	एक्स	1
axis	एक्सिस	1
aya	आया	0
ayaaj	अयाज	0
ayaan	अयान	0
ayaaz	अयाज़	0
ayan	अयन	0
ayask	अयस्क	0
ayatak	आयातक	0
ayatakon	आयातकों	0
ayatit	आयातित	0
ayaz	अयाज	0
aye	आये	1
ayega	आयेगी	0
ayegi	आएगी	0
ayesha	आयशा	1
ayn	अयन	1
ayodhya	अयोध्या	1
ayog	अयोग	0
ayojan	आयोजन	0
ayojit	आयोजित	0
ayonij	अयोनिज	0
ayr	और	1
ayu	आयु	0
ayub	अयूब	0
ayudh	आयुध	0
ayukt	आयुक्त	0
ayukton	आयुक्तों	0
ayurved	आयुर्वेद	0
ayurvedic	आयुर्वेदिक	0
ayurvedik	आयुर्वेदिक	0
ayurvigyan	आयुर्विज्ञान	0
ayyadurai	अय्यदुरई	0
ayyappa	अय्यप्पा	0
ayyar	अय्यर	0
ayyash	अय्याश	1
ayyashi	अय्याशी	0
azaad	आजाद	0
azaadi	आज़ादी	0
azad	आजाद	0
azadi	आजादी	0
azam	आज़म	0
azamgarh	आजमगढ़	0
azerbaijan	अज़रबैजान	1
aziz	अज़ीज़	1
azmi	आज़मी	0
azolla	एजोला	0
b	बी	1
ba	बीए	1
baabul	बाबुल	0
baad	बाद	0
baade	बाड़े	1
baah	बाह	0
baahar	बाहर	0
baahari	बाहरी	0
baaj	बाज	0
baajaar	बाजार	0
baajar	बाज़ार	0
baal	बाल	0
baalon	बालों	0
baalu	बालू	0
baalveer	बालवीर	0
baam	बाम	0
baan	बाण	0
baandh	बाँध	0
baap	बाप	0
baar	बार	1
baare	बारे	0
baarish	बारिश	0
baat	बात	0
baatchit	बातचीत	0
baatein	बातें	0
baaten	बातें	0
baati	बाटी	0
baaton	बातों	0
baavjud	बावजूद	0
baba	बाबा	1
babar	बाबर	1
babbar	बब्बर	0
babita	बबीता	1
babli	बबली	0
babool	बबूल	0
baboon	बबून	1
babu	बाबू	1
babua	बबुआ	0
babul	बाबुल	0
babulal	बाबूलाल	0
babuli	बाबुली	0
baby	बेबी	1
babylon	बेबीलोन	1
bacardi	बकार्डी	1
baccha	बच्चा	0
bacche	बच्चे	0
bacchedani	बच्चेदानी	0
bacchhon	बच्चों	0
baccho	बच्चों	0
bacchon	बच्चों	0
bach	बच	1
bacha	बचा	1
bachaane	बचाने	0
bachae	बचाई	0
bachai	बचाई	0
bachakar	बचाकर	0
bachana	बचाना	0
bachane	बचाने	0
bachao	बचाओ	0
bachapan	बचपन	0
bachat	बचत	0
bachata	बचाता	0
bachate	बचाते	0
bachati	बचाती	0
bachav	बचाव	0
bachaya	बचाया	0
bachayenge	बचाएंगे	0
bachayi	बचायी	0
bachcha	बच्चा	0
bachchan	बच्चन	0
bachche	बच्चे	0
bachchon	बच्चों	0
bache	बचे	1
bachega	बचेगा	0
bachegi	बचेगी	0
bachelor	बैचलर	1
bachelors	बैचलर्स	1
bachi	बची	0
bachkar	बचकर	0
bachna	बचना	0
bachne	बचने	0
bachni	बचनी	0
bachpan	बचपन	0
back	बैक	1
backbone	बैकबोन	1
backed	बैक्ड	1
backless	बैकलेस	1
backstage	बैकस्टेज	1
backup	बैकअप	1
backwater	बैकवाटर	1
bacteria	बैक्टीरिया	1
bad	बाद	1
bada	बड़ा	1
badal	बदल	1
badala	बदला	0
badalana	बदलना	0
badalati	बदलती	0
badalkar	बदलकर	0
badalne	बदलने	0
badalon	बादलों	0
badalta	बदलता	0
badalte	बदलते	0
badalti	बदलती	0
badam	बादाम	0
badami	बादामी	1
badan	बदन	0
badatar	बदतर	0
badauda	बड़ौदा	0
badaulat	बदौलत	0
badaun	बदायूं	0
badayun	बदायूं	0
baddh	बद्ध	0
bade	बड़े	1
badh	बढ़	0
badha	बढ़ा	0
badhaai	बधाई	0
badhaanaa	बढ़ाना	0
badhaane	बढ़ाने	0
badhaate	बढ़ाते	0
badhae	बढ़ाए	0
badhaee	बधाई	0
badhaegi	बढ़ाएगी	0
badhaenge	बढ़ाएंगे	0
badhai	बढ़ाई	0
badhak	बाधक	0
badhakar	बढ़ाकर	0
badhali	बदहाली	0
badhana	बढ़ाना	0
badhane	बढ़ाने	0
badhani	बढ़नी	0
badhaon	बाधाओं	0
badharahit	बाधारहित	0
badhat	बढ़त	0
badhata	बढ़ता	0
badhate	बढ़ाते	0
badhati	बढ़ती	0
badhava	बढ़ावा	0
badhavas	बदहवास	0
badhaya	बढ़ाया	0
badhaye	बढ़ाए	0
badhe	बढ़े	0
badhegi	बढ़ेगी	0
badhi	बढ़ी	0
badhir	बधिर	0
badhiya	बढ़िया	0
badhkar	बढ़कर	0
badhne	बढ़ने	0
badhotari	बढ़ोतरी	0
badhta	बढ़ता	0
badhte	बढ़ते	0
badhti	बढ़ती	0
badhu	बधू	0
badhy	बाध्य	0
badhya	बाध्य	0
badhyakari	बाध्यकारी	0
badhyata	बाध्यता	0
badi	बड़ी	0
badla	बदला	0
badlaav	बदलाव	0
badlav	बदलाव	0
badlavon	बदलावों	0
badle	बदले	0
badlo	बदलो	0
badmaash	बदमाश	0
badmash	बदमाश	0
badmashon	बदमाशों	0
badminton	बैडमिंटन	1
badnaam	बदनाम	0
badnagar	बड़नगर	0
badnam	बदनाम	0
badnami	बदनामी	0
badog	बड़ोग	0
badola	बडोला	0
badolat	बदोलत	0
badon	बड़ों	0
badopal	बड़ोपल	0
badppan	बड़प्पन	0
badra	बद्र	0
badri	बद्री	0
badrinath	बद्रीनाथ	0
badshah	बादशाह	0
badshahon	बादशाहों	0
badsurat	बदसूरत	0
badudar	बद्दूर	0
badva	बडवा	0
baen	बाएं	0
bag	बैग	1
bagaavat	बगावत	0
bagair	बगैर	0
bagal	बगल	0
bagalamukhi	बगलामुखी	0
bagale	बगले	0
bagalen	बगलें	0
bagan	बगान	1
bagavat	बगावत	0
bagdad	बगदाद	1
bagdi	बागड़ी	0
bagdor	बागडोर	0
bageshwar	बागेश्वर	0
bagh	बाघ	0
bagharne	बघारने	0
baghdad	बगदाद	1
baghmara	बाघमारा	0
baghon	बाघों	0
bagiche	बगीचे	0
bagichon	बगीचों	0
bagiya	बगिया	0
bagmati	बागमती	0
bagula	बगुला	0
bagvan	बागवान	0
bagvani	बागवानी	0
bagwani	बागवानी	0
baha	बहा	0
bahaal	बहाल	0
bahadur	बहादुर	0
bahaduri	बहादुरी	0
bahai	बहाई	0
bahak	बहक	0
bahakar	बहकर	0
bahal	बहाल	0
bahali	बहाली	0
bahan	बहन	1
bahana	बहाना	0
bahane	बहाने	0
bahar	बाहर	0
baharampur	बहरामपुर	0
bahare	बहरे	0
baharhal	बहरहाल	0
bahari	बाहरी	0
bahas	बहस	0
bahason	बहसों	0
bahata	बहता	0
bahati	बहती	0
bahav	बहाव	0
bahegi	बहेगी	0
bahi	बही	0
bahishkar	बहिष्कार	0
bahmani	बहमनी	0
bahne	बहने	0
bahnein	बहनें	0
bahnon	बहनों	0
bahon	बाहों	0
bahr	बाहर	1
bahraich	बहराइच	0
bahram	बहराम	0
bahri	बाहरी	0
bahrin	बहरीन	0
bahta	बहता	0
bahte	बहते	0
bahti	बहती	0
bahu	बहु	0
bahuaayami	बहुआयामी	0
bahubali	बाहुबली	0
bahubhashi	बहुभाषी	0
bahucharchit	बहुचर्चित	0
bahuguna	बहुगुणा	0
bahugunit	बहुगुणित	0
bahujan	बहुजन	0
bahujatiy	बहुजातीय	0
bahukoshiy	बहुकोशीय	0
bahulak	बहुलक	0
bahulansh	बहुलांश	0
bahulata	बहुलता	0
bahulya	बहुल्य	0
bahumat	बहुमत	0
bahumukhi	बहुमुखी	0
bahumulya	बहुमूल्य	0
bahupati	बहुपति	0
bahuprachalit	बहुप्रचलित	0
bahurangi	बहुरंगी	0
bahurashtriy	बहुराष्ट्रीय	0
bahusankhya	बहुसंख्या	0
bahusankhyak	बहुसंख्यक	0
bahut	बहुत	0
bahuta	बहुत	0
bahutayat	बहुतायत	0
bahutere	बहुतेरे	0
bahuton	बहुतों	0
bahutse	बहुतसे	0
bahuupyogi	बहुउपयोगी	0
bahuvarshiy	बहुवर्षीय	0
bahya	बाह्य	0
bai	बै	0
baiju	बैजू	0
bail	बेल	1
bailadila	बैलाडीला	0
bailgadi	बैलगाड़ी	0
baind	बैंड	0
baingan	बैंगन	0
baingani	बैंगनी	0
baira	बैरा	0
bairal	बैरल	0
bairan	बैरन	0
bairet	बैरेट	0
baisa	बाईसा	0
baisakhi	बैसाखी	0
baitari	बैटरी	0
baith	बैठ	0
baitha	बैठा	0
baithak	बैठक	0
baithakar	बैठाकर	0
baithakon	बैठकों	0
baithana	बैठना	0
baithane	बैठने	0
baithati	बैठती	0
baithaya	बैठाया	0
baithe	बैठे	0
baithi	बैठी	0
baithkar	बैठकर	0
baitho	बैठो	0
baithta	बैठता	0
baj	बज	0
baja	बजा	1
bajaane	बजाने	0
bajaar	बाजार	0
bajaay	बजाय	0
bajaaye	बनाये	0
bajane	बजाने	0
bajar	बाजार	0
bajara	बाजरा	0
bajari	बजरी	0
bajarikaran	बाजारीकरण	0
bajariya	बजरिया	0
bajaron	बाजारों	0
bajata	बजाता	0
bajate	बजाते	0
bajati	बजाती	0
bajay	बजाय	0
bajaya	बजाया	0
bajaye	बजाए	0
baje	बजे	0
baji	बाजी	0
bajigari	बाजीगरी	0
bajirao	बाजीराव	0
bajkar	बजकर	0
bajme	बज्मे	0
bajoriya	बाजोरिया	0
bajpai	बाजपई	0
bajrangbali	बजरंगबली	0
baju	बाजू	0
bak	बक	1
bakar	बकर	0
bakari	बकरी	0
bakaron	बकरों	0
bakasur	बकासुर	0
bakaya	बकाया	0
bakbak	बकबक	0
bake	बेक	1
baker	बेकर	1
bakery	बेकरी	1
bakh	बाख	0
bakhaan	बखान	0
bakhan	बखान	0
bakhshi	बख्शी	0
bakhubi	बखूबी	0
baki	बाकी	0
baking	बेकिंग	1
bakiyon	बाकियों	0
bakra	बकरा	0
bakre	बकरे	0
bakri	बकरी	0
bakriyan	बकरियां	0
bakriyon	बकरियों	0
baksh	बक्श	0
bakta	बकता	0
bakvas	बकवास	0
bal	बल	1
balaghat	बालाघाट	0
balaji	बालाजी	0
balak	बालक	1
balakon	बालकों	0
balam	बालम	0
balan	बलान	1
balance	बैलेंस	1
balasor	बालासोर	0
balatkar	बलात्कार	0
balatkaron	बलात्कारों	0
balbhadra	बलभद्र	0
balbon	बल्बों	0
balchandra	बालचंद्र	0
balcony	बाल्कनी	1
baldev	बलदेव	1
balhara	बल्हारा	0
bali	बाली	1
balidan	बलिदान	0
balidanon	बलिदानों	0
balika	बालिका	0
balikaon	बालिकाओं	0
balishth	बलिष्ठ	0
baliya	बलिया	0
baliyan	बालियान	0
balkadu	बालकडू	0
balkan	बाल्कन	1
balkani	बालकनी	0
balki	बल्कि	0
ball	बॉल	1
ballal	बल्लाल	0
ballam	बल्लम	0
balle	बल्ले	1
ballebaaz	बल्लेबाज	0
ballebaazon	बल्लेबाजों	0
ballebaj	बल्लेबाज	0
ballebaji	बल्लेबाजी	0
ballebajon	बल्लेबाज़ों	0
balloon	बैलून	1
ballroom	बॉलरूम	1
balm	बाम	1
baloch	बलोच	0
balochi	बलोची	0
balochistan	बलोचिस्तान	0
balod	बालोद	0
balon	बालों	1
baloo	बालू	0
balooch	बलूच	0
balpan	बालपन	0
balpur	बालपुर	0
balraj	बलराज	0
balram	बलराम	0
balrampur	बलरामपुर	0
baltimore	बाल्टीमोर	1
balu	बालू	0
balua	बलुआ	0
baluchistan	बलूचिस्तान	0
balui	बलुई	0
balukashm	बालुकाश्म	0
balveer	बलवीर	0
balvikas	बालविकास	0
balvir	बलवीर	0
balwan	बलवान	0
balwant	बलवंत	0
balya	बाल्य	0
balyavastha	बाल्यावस्था	0
bam	बम	1
bamanwas	बामनवास	0
bambai	बंबई	0
bambari	बमबारी	0
bamon	बमों	0
bamvarshak	बमवर्षक	0
ban	बन	1
bana	बना	0
banaa	बना	0
banaakar	बनाकर	0
banaane	बनाने	0
banaate	बनाते	0
banaati	बनाती	0
banaayaa	बनाया	0
banaaye	बनाए	0
banaayi	बनाई	0
banaayin	बनायीं	0
banae	बनाए	0
banaee	बनाई	0
banaega	बनाएगा	0
banaegi	बनाएगी	0
banai	बनाई	0
banakar	बनाकर	0
banana	बनाना	1
bananaa	बनना	0
banane	बनाने	0
banani	बननी	0
banapura	बानापुरा	0
banaras	बनारस	0
banarasi	बनारसी	0
banarji	बनर्जी	0
banata	बनाता	0
banataa	बनता	0
banate	बनाते	0
banavat	बनावट	0
banaya	बनाया	0
banaye	बनाए	0
banayi	बनायी	0
banbe	बांबे	0
banbhatt	बाणभट्ट	0
banchar	बनचर	0
band	बैंड	1
banda	बांदा	1
bandar	बंदर	1
bandargaah	बंदरगाह	0
bandargah	बंदरगाह	0
bandargahon	बंदरगाहों	0
bandari	बंदरी	0
bandaro	बंदरो	0
bandaron	बंदरों	0
bande	बंदे	0
bander	बंदर	1
bandh	बांध	0
bandha	बंधा	0
bandhak	बंधक	0
bandhakar	बांधकर	0
bandhakon	बंधकों	0
bandhan	बंधन	0
bandhane	बांधने	0
bandhani	बांधनी	0
bandhanon	बंधनों	0
bandhate	बंधाते	0
bandhe	बंधे	0
bandhi	बंधी	0
bandhkar	बांधकर	0
bandhon	बांधों	0
bandhuaa	बंधुआ	0
bandhutv	बंधुत्व	0
bandi	बंदी	0
bandigruh	बंदीगृह	0
bandipura	बांदीपुरा	0
bandit	बैंडिट	1
bandiyon	बंदियों	0
bandobast	बंदोबस्त	0
bandon	बांडों	0
bandra	बांद्रा	0
banduk	बंदूक	0
banduke	बंदूके	0
banduken	बंदूकें	0
bandukon	बंदूकों	0
bane	बने	1
banega	बनेगा	0
banenge	बनेंगे	0
banerjee	बैनर्जी	1
banga	बंगा	0
bangal	बंगाल	0
bangala	बंगाल	1
bangali	बंगाली	0
bangalore	बैंगलोर	1
bangana	बंगाणा	0
bangkok	बैंगकॉक	1
bangla	बंगला	1
bangladesh	बांग्लादेश	1
bangladeshi	बांग्लादेशी	1
bangladeshiyon	बांग्लादेशियों	0
bangle	बंगले	1
banglore	बंगलुरू	0
bangluru	बंगलुरू	0
banh	बांह	1
bani	बनी	0
banihal	बनिहाल	0
banisbat	बनिस्बत	0
banjar	बंजर	0
banjara	बंजारा	0
bank	बैंक	1
banka	बंका	0
bankar	बनकर	0
bankein	बैंकें	0
banker	बैंकर	1
bankers	बैंकर्स	1
banking	बैंकिंग	1
banko	बैंकों	1
bankok	बैंकॉक	0
bankon	बैंकों	0
banna	बन्ना	0
banne	बनने	0
banner	बैनर	1
bannerman	बैनरमैन	1
bano	बानो	0
banon	बाणों	0
bans	बांस	1
bansari	बंसरी	0
bansuri	बांसुरी	0
banswada	बांसवाड़ा	0
bant	बांट	0
banta	बनता	1
bantane	बांटने	0
bantata	बांटता	0
bantati	बांटती	0
bante	बनते	0
banti	बनती	0
bantu	बंटू	1
banva	बनवा	0
banvaate	बनवाते	0
banvakar	बनवाकर	0
banvane	बनवाने	0
banvaya	बनवाया	0
banvaye	बनवाये	0
banzpan	बांझपन	0
bao	बाओ	1
bapat	बापट	0
bapatla	बापतला	0
bappa	बप्पा	0
baptisma	बपतिस्मा	0
baptist	बैपटिस्ट	1
bapu	बापू	0
bar	बार	1
bara	बरा	1
baraabar	बराबर	0
barabanki	बाराबंकी	0
barabar	बराबर	1
barabari	बराबरी	0
barabosa	बारबोसा	0
barah	बारह	0
barak	बराक	1
barakar	बराकर	0
baramula	बारामूला	0
barande	बरांडे	0
barar	बरार	0
barari	बरारी	0
baras	बरस	0
barat	बारात	0
barbaad	बर्बाद	0
barbad	बरबाद	0
barbadi	बर्बादी	0
barbados	बारबाडोस	1
barbai	बरबई	0
barbar	बारबार	0
barbara	बारबरा	1
barbaric	बर्बरीक	1
barbichurets	बार्बीचुरेट्स	0
barbosa	बारबोसा	1
barc	बीएआरसी	0
barcelona	बार्सिलोना	1
bardaasht	बरदाश्त	0
bardasht	बर्दाश्त	0
bare	बारे	1
barf	बर्फ	1
barfani	बर्फानी	0
barfbaari	बर्फबारी	0
barfi	बर्फी	0
bargad	बरगद	0
bargah	बारगाह	0
bargaining	बार्गेनिंग	1
bargandi	बरगंडी	0
barhalganj	बड़हलगंज	0
barhat	बारहट	0
bari	बारी	1
barik	बारीक	0
bariki	बारीकी	0
barikiyon	बारीकियों	0
barish	बारिश	1
barium	बेरियम	1
barj	बार्ज	0
barjatya	बडजात्या	0
bark	बर्क	1
barkarar	बरकरार	0
barkatullah	बरकतउल्लाह	0
barkhast	बर्खास्त	0
barkhastgi	बर्खास्तगी	0
barkheda	बरखेड़ा	0
barla	बारला	0
barmer	बाड़मेर	0
barmuda	बरमूडा	0
barnawapara	बारनवापारा	0
barnet	बार्नेट	1
barni	बरनि	0
baroda	बड़ौदा	0
barrel	बैरल	1
barrett	बैरेट	1
barrier	बैरियर	1
barrister	बैरिस्टर	1
barsaat	बरसात	0
barsaati	बरसाती	0
barsakar	बरसाकर	0
barsata	बरसता	0
barsaya	बरसाया	0
barson	बरसों	1
barsu	बारसू	0
bartaav	बर्ताव	0
bartan	बर्तन	0
bartanon	बर्तनों	0
bartav	बरताव	0
barti	बरती	0
barud	बारूद	0
barva	बारवा	0
barve	बर्वे	0
barwada	बरवाड़ा	0
bas	बस	0
basa	बसा	1
basaa	बसा	0
basahat	बसाहट	0
basana	बसाना	0
basane	बसाने	0
basant	बसंत	0
basanti	बसंती	0
basantpur	बसंतपुर	0
basata	बसता	0
basate	बसते	0
basauda	बासौदा	0
basav	बासव	0
basaya	बसाया	0
base	बसे	1
baseball	बेसबॉल	1
basein	बसें	0
baseline	बेसलाइन	1
basera	बसेरा	0
bashar	बशर	1
basharat	बशारत	0
basharte	बशर्ते	0
bashir	बशीर	1
bashrte	बशर्ते	0
basi	बसी	1
basic	बेसिक	1
basics	बेसिक्स	1
basilica	बेसिलिका	1
basket	बास्केट	1
basketball	बास्केटबॉल	1
baskhari	बसखारी	0
basmati	बासमती	0
basna	बसना	0
basne	बसने	0
basnet	बस्नेत	0
bason	बसों	1
baspa	बसपा	0
basra	बसरा	1
bassi	बस्सी	1
baste	बसते	1
basti	बस्ती	0
bastiyon	बस्तियों	0
basu	बसु	1
basudeb	बासुदेब	0
basudev	बासुदेव	0
bat	बात	1
bata	बाटा	0
bataanaa	बताना	0
bataane	बताने	0
bataao	बताओ	0
bataate	बताते	0
bataati	बताती	0
bataayaa	बताया	0
batai	बताई	0
bataiye	बताईए	0
batakh	बतख	0
batalata	बतलाता	0
batalaya	बतलाया	0
batan	बटन	1
batana	बताना	0
batane	बताने	0
batao	बताओ	0
batata	बताता	0
batate	बताते	0
batati	बताती	0
bataur	बतौर	0
bataya	बताया	0
batch	बैच	1
batchit	बातचीत	0
bate	बाटे	1
baten	बातें	0
bateshwar	बटेश्वर	0
bath	बाथ	1
bati	बाटी	0
batkar	बाटकर	0
batla	बटला	0
batlaai	बतलाई	0
batlaate	बतलाते	0
batlai	बतलाई	0
batlate	बतलाते	0
batlaya	बतलाया	0
batnon	बटनों	0
baton	बातों	1
bator	बटोर	1
batora	बटोरा	0
batore	बटोरे	0
batorkar	बटोरकर	0
batta	बट्टा	0
battalion	बटालियन	1
battery	बैटरी	1
batti	बत्ती	0
battiyon	बत्तियों	0
battle	बैटल	1
batua	बटुआ	0
batuk	बटुक	0
batukeshwar	बटुकेश्वर	0
bauddh	बौद्ध	0
bauddhik	बौद्धिक	0
bauddho	बौद्धों	0
baudh	बौद्ध	0
baudhik	बौद्धिक	0
baudhikta	बौद्धिकता	0
bauna	बौना	0
baune	बौने	0
baur	बौर	1
bavajud	बावजूद	0
baval	बवाल	0
bavjud	बावजूद	0
baya	बया	0
bayaan	बायां	0
bayan	बयान	0
bayar	बयार	1
bayen	बाएं	0
bayna	बायना	0
baywatch	बेवॉच	1
bazaar	बाजार	1
bazar	बाजार	1
bcci	बीसीसीआई	0
bcm	बीसीएम	0
be	बे	1
bear	बीयर	1
bearing	बेयरिंग	1
bears	बियर्स	1
beasar	बेअसर	0
beat	बीट	1
beaten	बीटन	1
beautiful	ब्यूटीफुल	1
beauty	ब्यूटी	1
bebaki	बेबाकी	0
bebuniyad	बेबुनियाद	0
bech	बेच	0
becha	बेचा	0
bechain	बेचैन	0
bechaini	बेचैनी	0
bechane	बेचने	0
bechani	बेचनी	0
bechare	बेचारे	0
bechari	बेचारी	0
bechati	बेचती	0
bechi	बेची	0
bechna	बेचना	0
bechne	बेचने	0
bechta	बेचता	0
bed	बेड	1
beda	बेड़ा	1
bedakhal	बेदखल	0
bedaul	बेडौल	0
bedding	बेडिंग	1
bedekar	बेडेकर	0
bedh	बेध	0
bedhadak	बेधड़क	0
bedi	बेदी	0
bedon	बेड़ों	0
bee	बी	1
beech	बीच	1
beed	बीड़	0
beej	बीज	0
beejon	बीजों	0
beemari	बीमारी	0
been	बीन	1
beena	बीना	0
beer	बियर	1
beers	बियर्स	1
bees	बीस	1
beet	बिट	1
beeta	बीता	0
befikri	बेफिक्री	0
begam	बेगम	0
begamen	बेगमें	0
begamon	बेगमों	0
begampura	बेगमपुरा	0
beghar	बेघर	0
begum	बेगम	0
begusarai	बेगूसराय	0
behaali	बेहाली	0
behad	बेहद	0
behan	बहन	1
behatar	बेहतर	0
behatarin	बेहतरीन	0
behichak	बेहिचक	0
behosh	बेहोश	0
behoshi	बेहोशी	0
behtar	बेहतर	0
behtari	बेहतरी	0
behtarin	बेहतरीन	0
beijing	बीजिंग	1
beintaha	बेइंतहा	0
bejail	बेजेल	0
bejhijhak	बेझिझक	0
bejod	बेजोड़	0
bekaar	बेकार	0
bekan	बेकन	0
bekar	बेकार	0
bekarar	बेकरार	0
bekasur	बेकसूर	0
bekhabar	बेखबर	0
bel	बेल	1
bela	बेला	1
belan	बेलन	0
belanakar	बेलनाकार	0
belani	बेलनी	0
belapur	बेलापुर	0
belarus	बेलारूस	1
belbutedar	बेलबूटेदार	0
belen	बेलें	1
belfast	बेलफास्ट	1
belgaum	बेलगांव	0
belgium	बेल्जियम	1
belgrade	बेलग्रेड	1
beli	बेली	1
believers	बिलीवर्स	1
belis	बेलिस	0
belize	बेलिज	1
bells	बेल्स	1
belon	बेलों	0
belong	बिलॉन्ग	1
belpatra	बेलपत्र	0
bemani	बेमानी	0
bemetara	बेमेतरा	0
ben	बेन	1
bench	बेंच	1
bendre	बेंद्रे	0
benedict	बेनेडिक्ट	1
benet	बेनेट	1
bengal	बंगाल	1
bengali	बंगाली	1
bengaluru	बेंगलुरु	0
beni	बेनी	1
benin	बेनिन	1
benipatti	बेनीपट्टी	0
benipuri	बेनीपुरी	0
beniwal	बैनीवाल	0
benjamin	बेंजामिन	1
beno	बेनो	1
bepanah	बेपनाह	0
beparda	बेपर्दा	0
ber	बेर	0
berang	बेरंग	0
beri	बेरी	0
berij	बेरीज	0
berkshire	बर्कशायर	1
berlin	बर्लिन	1
berliner	बर्लिनर	1
bernard	बर्नार्ड	1
berojgaari	बेरोजगारी	0
berojgar	बेरोजगार	0
berojgari	बेरोजगारी	0
berry	बेरी	1
berut	बेरुत	0
besalt	बेसाल्ट	0
besan	बेसन	0
beshak	बेशक	0
besharmi	बेशर्मी	0
beshkimti	बेशकीमती	0
beson	बेसों	0
best	बेस्ट	1
bestman	बेस्टमैन	0
beswad	बेस्वाद	0
bet	बेत	1
beta	बेटा	1
betabi	बेताबी	0
betal	बेताल	0
betar	बेतार	1
betartib	बेतरतीब	0
bete	बेटे	0
bethani	बेथानी	0
bethasha	बेतहाशा	0
bethesda	बेथेस्डा	1
beti	बेटी	0
betiya	बिटिया	0
betiyan	बेटियां	0
betiyon	बेटियों	0
betla	बेतला	0
beton	बेटों	0
betwa	बेतवा	0
between	बिटवीन	1
bevkuf	बेवकूफ	0
beyon	बेयोन	0
beyonce	बियोंसे	1
bf	बीएफ	0
bg	बीजी	0
bha	भा	0
bhaag	भाग	0
bhaagaa	भागा	0
bhaaganaa	भागना	0
bhaagane	भागने	0
bhaage	भागे	0
bhaagi	भागी	0
bhaagidaaron	भागीदारों	0
bhaagkar	भागकर	0
bhaap	भाप	0
bhaari	भारी	0
bhaartiy	भारतीय	0
bhaartiya	भारतीय	0
bhaat	भात	0
bhaav	भाव	0
bhaavna	भावना	0
bhabara	भाबरा	0
bhabha	भाभा	0
bhabhka	भभका	0
bhadaas	भड़ास	0
bhadak	भड़क	0
bhadaka	भड़का	0
bhadakane	भड़कने	0
bhadakate	भड़कते	0
bhadarvah	भदरवाह	0
bhadas	भड़ास	0
bhadavari	भदावरी	0
bhadde	भद्दे	0
bhadkane	भड़काने	0
bhadke	भड़के	0
bhadkila	भड़कीला	0
bhadohi	भदोही	0
bhadoriya	भदोरिया	0
bhadr	भद्र	0
bhadra	भद्र	0
bhadrak	भद्रक	0
bhadrapad	भाद्रपद	0
bhadravati	भद्रावती	0
bhaduri	भादुरी	0
bhag	भाग	0
bhaga	भाग	0
bhagalpur	भागलपुर	0
bhagat	भगत	0
bhagata	भगाता	0
bhagate	भगाते	0
bhagavan	भगवान	0
bhagavat	भगवत	0
bhagavati	भगवती	0
bhagaya	भगाया	0
bhage	भागे	0
bhagidar	भागीदार	0
bhagidari	भागीदारी	0
bhagidaron	भागीदारों	0
bhagirath	भगीरथ	0
bhagnani	भगनानी	0
bhagnavshesh	भग्नावशेष	0
bhagne	भागने	0
bhago	भागों	0
bhagodon	भगोड़ों	0
bhagon	भागों	0
bhagvan	भगवान	0
bhagvani	भगवानी	0
bhagwaan	भगवान	0
bhagwan	भगवान	1
bhagwanpura	भगवानपुरा	0
bhagwant	भगवंत	0
bhagwat	भगवत	0
bhagwate	भगवते	0
bhagwati	भगवती	0
bhagy	भाग्य	0
bhagyashali	भाग्यशाली	0
bhagyavati	भाग्यवती	0
bhai	भाई	0
bhaichara	भाईचारा	0
bhaichare	भाईचारे	0
bhaijan	भाईजान	0
bhains	भैंस	0
bhainsa	भैंसा	0
bhainsdehi	भैंसदेही	0
bhainse	भैंसे	0
bhainson	भैंसों	0
bhairav	भैरव	0
bhairavi	भैरवी	0
bhaiya	भैया	0
bhaiyon	भाईयों	0
bhajan	भजन	0
bhajata	भजता	0
bhajpa	भाजपा	0
bhakpa	भाकपा	0
bhakshak	भक्षक	0
bhakshan	भक्षण	0
bhakshi	भक्षी	0
bhakt	भक्त	0
bhakta	भक्त	1
bhakti	भक्ति	0
bhaktibhaav	भक्तिभाव	0
bhaktibhav	भक्तिभाव	0
bhaktikaal	भक्तिकाल	0
bhaktikal	भक्तिकाल	0
bhaktipurna	भक्तिपूर्ण	0
bhaktiyukt	भक्तियुक्त	0
bhaktmal	भक्तमाल	0
bhakto	भक्तों	0
bhakton	भक्तों	0
bhaktpur	भक्तपुर	0
bhala	भला	0
bhalai	भलाई	0
bhalchandra	भालचंद्र	0
bhale	भले	0
bhali	भली	0
bhalibhanti	भलीभांति	0
bhalla	भल्ला	0
bhalon	भालों	0
bhalu	भालू	0
bhaluon	भालुओं	0
bhalwal	भलवाल	0
bhampane	भांपने	0
bhan	भान	0
bhana	भाना	0
bhandaar	भंडार	0
bhandaaran	भंडारण	0
bhandar	भंडार	0
bhandaran	भंडारण	0
bhandari	भंडारी	0
bhandarit	भंडारित	0
bhandaron	भंडारों	0
bhandh	बंध	0
bhang	भंग	0
bhangarh	भानगढ़	0
bhangimaon	भंगिमाओं	0
bhangra	भांगड़ा	1
bhanjak	भंजक	0
bhanje	भांजे	0
bhanji	भांजी	0
bhanpte	भांपते	0
bhansali	भंसाली	0
bhanti	भांति	0
bhanu	भानु	0
bhanvar	भंवर	0
bhanwar	भंवर	0
bhap	भाप	0
bhar	भर	0
bhara	भरा	0
bharadwaj	भारद्वाज	0
bharakane	भड़कने	0
bharake	भरके	0
bharan	भरन	0
bharat	भारत	1
bharata	भारत	1
bharatbhar	भारतभर	0
bharatendu	भारतेंदु	0
bharati	भारती	0
bharatiy	भारतीय	0
bharatiya	भारतीय	0
bharatnatyam	भारतनाट्यम	0
bharatoy	भारतीय	0
bharatpur	भरतपुर	0
bharatvarsh	भारतवर्ष	0
bharatvirodhi	भारतविरोधी	0
bharavan	भरावन	0
bhardwaj	भारद्वाज	0
bhare	भरे	0
bharen	भरें	0
bhargav	भार्गव	0
bhari	भारी	0
bharipan	भारीपन	0
bhariya	भारिया	0
bharkam	भरकम	0
bharmar	भरमार	0
bharna	भरना	0
bharni	भरणी	0
bharo	भरो	0
bharosa	भरोसा	0
bharose	भरोसे	0
bharosemand	भरोसेमंद	0
bharottolan	भारोत्तोलन	0
bharpai	भरपाई	0
bharpur	भरपुर	0
bharti	भर्ती	0
bhartiy	भारतीय	0
bhartiya	भारतीय	0
bhartrhari	भर्तृहरि	0
bhartsana	भर्त्सना	0
bharuch	भरूच	0
bharucha	भरुचा	0
bharwa	भरवा	0
bharwan	भरवां	0
bharya	भार्या	0
bhas	भास	0
bhasa	भाषा	0
bhasan	भासान	0
bhasao	भाषाओं	0
bhash	भाषा	0
bhasha	भाषा	0
bhashae	भाषाई	0
bhashan	भाषण	0
bhashao	भाषाओं	0
bhashaon	भाषाओं	0
bhashashatriyon	भाषाशास्त्रियों	0
bhashavad	भाषावाद	0
bhashavid	भाषाविद	0
bhashavigyan	भाषाविज्ञान	0
bhashayen	भाषाएँ	0
bhashayi	भाषायी	0
bhashi	भाषी	0
bhashik	भाषिक	0
bhashiyon	भाषियों	0
bhashya	भाष्य	0
bhaskar	भास्कर	0
bhasm	भस्म	0
bhasmibhut	भस्मीभूत	0
bhat	भात	0
bhatak	भटक	0
bhataki	भटकी	0
bhati	भाटी	0
bhatija	भतीजा	0
bhatije	भतीजे	0
bhatiji	भतीजी	0
bhatijiyan	भतीजियां	0
bhatiya	भाटिया	0
bhatkane	भटकाने	0
bhatkate	भटकते	0
bhatkav	भटकाव	0
bhatke	भटके	0
bhatkhande	भातखंडे	0
bhatnagar	भटनागर	0
bhatt	भट्ट	1
bhatta	भत्ता	0
bhattacharya	भट्टाचार्य	0
bhatte	भत्ते	0
bhatthi	भट्ठी	0
bhatthiyon	भट्ठियों	0
bhatti	भट्टी	1
bhattiyan	भट्टियां	0
bhattiyon	भट्ठियों	0
bhatton	भत्तों	0
bhaugolik	भौगोलिक	0
bhauhen	भौहें	0
bhaum	भौम	0
bhautik	भौतिक	0
bhautiki	भौतिकी	0
bhautikta	भौतिकता	0
bhautikvadi	भौतिकवादी	0
bhautikvidon	भौतिकविदों	0
bhav	भाव	0
bhavan	भवन	0
bhavana	भावना	0
bhavanatmak	भावनात्मक	0
bhavani	भवानी	0
bhavanon	भवनों	0
bhavarth	भावार्थ	0
bhavatmak	भावात्मक	0
bhavbhuti	भवभूति	0
bhave	भावे	0
bhavi	भावी	0
bhavishy	भविष्य	0
bhavishya	भविष्य	0
bhavishyafal	भविष्यफल	0
bhavishyavakta	भविष्यवक्ता	0
bhavishyavani	भविष्यवाणी	0
bhavishyonmukhi	भविष्योन्मुखी	0
bhavna	भावना	0
bhavnagar	भावनगर	0
bhavnao	भावनाओ	0
bhavnatmak	भावनात्मक	0
bhavon	भावों	0
bhavsagar	भवसागर	0
bhavukta	भावुकता	0
bhavya	भव्य	0
bhavyata	भव्यता	0
bhawan	भवन	0
bhawani	भवानी	0
bhawanipur	भवानीपुर	0
bhay	भय	0
bhayabhit	भयभीत	0
bhayadohan	भयादोहन	0
bhayankar	भयंकर	0
bhayavah	भयावह	0
bhayawah	भयावह	0
bhaybhit	भयभीत	0
bhed	भेद	0
bhedbhaav	भेदभाव	0
bhedbhav	भेदभाव	0
bhedbhavpurn	भेदभावपूर्ण	0
bheden	भेड़ें	0
bhedi	भेदी	0
bhediya	भेड़िया	0
bhedon	भेड़ों	0
bheed	भीड	0
bheedbhad	भीड़भाड़	0
bheege	भीगे	0
bheekh	भीख	0
bheel	भील	0
bheem	भीम	0
bheema	भीमा	0
bheemrav	भीमराव	0
bheemsen	भीमसेन	0
bheench	भींच	0
bheet	भीत	0
bhej	भेज	0
bheja	भेजा	0
bhejata	भेजता	0
bhejenge	भेजेंगे	0
bheji	भेजी	0
bhejkar	भेजकर	0
bhejna	भेजना	0
bhejne	भेजने	0
bhejo	भेजो	0
bhejta	भेजता	0
bhejte	भेजते	0
bhejti	भेजती	0
bhent	भेंट	0
bhentvarta	भेंटवार्ता	0
bhesh	भेष	0
bhi	भी	0
bhid	भिड़	0
bhidna	भिड़ना	0
bhigokar	भिगोकर	0
bhijwa	भिजवा	0
bhijwaya	भिजवाया	0
bhikhari	भिखारी	0
bhiksha	भिक्षा	1
bhikshatan	भिक्षाटन	0
bhikshu	भिक्षु	0
bhilai	भिलाई	0
bhilwada	भीलवाड़ा	0
bhim	भीम	0
bhimeshwar	भीमेश्वर	0
bhimkay	भीमकाय	0
bhind	भिंड	0
bhindi	भिंडी	0
bhinga	भिनगा	0
bhinn	भिन्न	0
bhinna	भिन्न	0
bhinnata	भिन्नता	0
bhiru	भीरू	0
bhishan	भीषण	0
bhishti	भिश्ती	0
bhitar	भीतर	0
bhitti	भित्ति	0
bhittichitra	भित्तिचित्र	0
bhittichitron	भित्तिचित्रों	0
bhivandi	भिवंडी	0
bhiwadi	भिवाड़ी	0
bhog	भोग	0
bhoge	भोगे	0
bhogenge	भोगेंगे	0
bhogi	भोगी	0
bhogipur	भोगीपुर	0
bhogne	भोगने	0
bhogolik	भौगोलिक	0
bhogon	भोगों	0
bhogta	भोगता	0
bhogvilas	भोगविलास	0
bhogya	भोग्य	0
bhoi	भोई	0
bhoj	भोज	0
bhojak	भोजक	0
bhojan	भोजन	0
bhojanalay	भोजनालय	0
bhojanalayon	भोजनालयों	0
bhojanshala	भोजनशाला	0
bhojpur	भोजपुर	0
bhojpuri	भोजपुरी	0
bhojy	भोज्य	0
bholanath	भोलानाथ	0
bholaram	भोलाराम	0
bhonsle	भोंसले	0
bhoobhag	भूभाग	0
bhoogarbh	भूगर्भ	0
bhookamp	भूकंप	0
bhookhandon	भूखंडों	0
bhoomi	भूमि	0
bhoot	भूत	0
bhootiya	भुतिया	0
bhooton	भूतों	0
bhopal	भोपाल	1
bhor	भोर	0
bhot	भोट	0
bhoti	भोटी	0
bhowali	भवाली	0
bhp	बीएचपी	0
bhram	भ्रम	0
bhramak	भ्रामक	0
bhraman	भ्रमण	0
bhramar	भ्रमर	0
bhramargeet	भ्रमरगीत	0
bhramit	भ्रमित	0
bhrasht	भ्रष्ट	0
bhrashtachar	भ्रष्टाचार	0
bhrata	भ्राता	0
bhrigu	भृगु	0
bhroon	भ्रूण	0
bhrun	भ्रूण	0
bhsha	भाषा	0
bht	बहुत	0
bhu	भू	0
bhubaneshwar	भुवनेश्वर	0
bhubhag	भूभाग	0
bhubhautiki	भूभौतिकी	0
bhudrsya	भूदृश्य	0
bhugarbh	भूगर्भ	0
bhugol	भूगोल	0
bhugtaan	भुगतान	0
bhugtan	भुगतान	0
bhuja	भुजा	0
bhujal	भूजल	0
bhujaon	भुजाओं	0
bhukamp	भूकंप	0
bhukamprodhi	भूकंपरोधी	0
bhukh	भूख	0
bhukhand	भूखंड	0
bhukhandon	भूखंडों	0
bhukhmari	भुखमरी	0
bhuktan	भुगतान	0
bhul	भुल	0
bhula	भुला	0
bhulakkad	भुलक्कड़	0
bhulane	भुलाने	0
bhule	भूले	0
bhulkar	भूलकर	0
bhumadhya	भूमध्य	0
bhumi	भूमि	0
bhumigat	भूमिगत	0
bhumihar	भूमिहार	0
bhumika	भूमिका	0
bhumikaon	भूमिकाओं	0
bhumikayen	भूमिकाएं	0
bhumiyon	भूमियों	0
bhun	भुन	0
bhuna	भुना	0
bhunkar	भूनकर	0
bhupesh	भूपेश	0
bhura	भूरा	0
bhurbhuri	भुरभुरी	0
bhure	भूरे	0
bhushan	भूषण	0
bhushundi	भुशुंडि	0
bhuskhalan	भूस्खलन	0
bhusuchana	भूसूचना	0
bhuswamiyon	भूस्वामियों	0
bhut	भूत	0
bhutan	भूटान	1
bhutani	भूटानी	0
bhuteshwar	भूतेश्वर	0
bhutiya	भुतिया	0
bhutkal	भूतकाल	0
bhuton	भूतों	0
bhutpurv	भूतपूर्व	0
bhutta	भुट्टा	0
bhutte	भुट्टे	0
bhuvaigyanik	भूवैज्ञानिक	0
bhuvan	भुवन	0
bhuvigyan	भूविज्ञान	0
bhuvneshwar	भुवनेश्वर	0
bi	बाय	1
bible	बाइबल	1
bica	बीच	0
bich	बीच	0
bichauliyon	बिचौलियों	0
bichh	बिछ	0
bichha	बिछा	0
bichhai	बिछाई	0
bichhana	बिछाना	0
bichhane	बिछाने	0
bichhe	बिछे	0
bichhi	बिछी	0
bichhuon	बिच्छुओं	0
bichon	बीचों	1
bichpuri	बिचपुरी	0
bida	बीड़ा	0
bidai	बिदाई	0
bidala	बिड़ला	0
bidar	बिदार	0
bidasar	बीदासर	0
biden	बिडेन	1
bidhi	बिधि	0
big	बिग	1
bigaad	बिगाड़	0
bigad	बिगड़	0
bigadane	बिगड़ने	0
bigadate	बिगाड़ते	0
bigadati	बिगड़ती	0
bigadi	बिगड़ी	0
bigha	बीघा	0
bighe	बीघे	0
bihad	बीहड़	0
bihadon	बीहड़ों	0
bihar	बिहार	0
bihari	बिहारी	1
bij	बीज	0
bijak	बीजक	0
bijali	बिजली	0
bijapur	बीजापुर	0
bijauliya	बिजौलिया	0
bijavar	बिजावर	0
bijbehara	बिजबेहरा	0
bijganit	बीजगणित	0
bijli	बिजली	0
bijnor	बिजनौर	0
bijoy	बिजॉय	0
biju	बीजू	0
bik	बिक	0
bika	बिका	0
bikane	बिकने	0
bikaner	बीकानेर	0
bikani	बिकनी	0
bikati	बिकती	0
bike	बाइक	1
bikega	बिकेगा	0
biker	बाइकर	1
bikhar	बिखर	0
bikherate	बिखेरते	0
bikhere	बिखेरे	0
bikhre	बिखरे	0
bikhri	बिखरी	0
biki	बिकी	0
bikri	बिक्री	0
bil	बिल	1
bilal	बिलाल	0
bilari	बिलारी	0
bilaspur	बिलासपुर	0
bili	बिली	0
bilkul	बिलकुल	0
bill	बिल	1
billboard	बिलबोर्ड	1
billi	बिल्ली	0
billiards	बिलियर्ड्स	1
billings	बिलिंग्स	1
billiyon	बिल्लियों	0
billy	बिली	1
bima	बीमा	1
bimaar	बीमार	0
bimaari	बीमारी	0
bimar	बीमार	0
bimari	बीमारी	0
bimariyan	बीमारियां	0
bimariyon	बिमारियों	0
bimaron	बीमारों	0
bimaru	बीमारू	0
bimb	बिंब	0
bime	बीमे	0
bimlesh	बिमलेश	0
bin	बिन	1
bina	बिना	1
binary	बाइनरी	1
bindiya	बिंदिया	0
bindu	बिंदु	0
binduon	बिंदुओं	0
bingo	बिंगो	1
binna	बीनना	0
biocon	बायोकॉन	0
biodiesel	बायोडीजल	0
biogas	बायोगैस	0
biology	बायोलॉजी	1
biomarker	बायोमार्कर	0
biomass	बायोमास	1
biomedicin	बायोमेडिसिन	0
bionic	बायोनिक	1
bionics	बायोनिक्स	0
biopsy	बायोप्सी	1
bioscience	बायोसाइंस	1
bipasha	बिपाशा	0
bir	बीड़	1
bira	बीरा	0
biradari	बिरादरी	0
birange	बिरंगे	0
birbal	बीरबल	0
bird	बर्ड	1
birds	बर्ड्स	1
birha	बिरहा	0
birju	बिरजू	0
birla	बिरला	0
birmingham	बर्मिंघम	1
birthday	बर्थडे	1
bis	बीआईएस	1
bisar	बिसार	0
bishan	बिशन	0
bishnoi	बिश्नोई	0
bishop	बिशप	1
bishu	बिशु	0
bismil	बिस्मिल	0
bismillah	बिस्मिल्लाह	0
bison	बायसन	1
bist	बिस्ट	0
bistar	बिस्तर	0
biswas	बिस्वास	0
bit	बिट	1
bita	बिता	0
bitana	बिताना	0
bitane	बिताने	0
bitani	बितानी	0
bitata	बीतता	0
bitati	बिताती	0
bitcoin	बिटकॉइन	1
bite	बाइट	1
bitega	बीतेगा	0
bitiya	बिटिया	0
bits	बिट्स	1
bitter	बिटर	1
biwi	बीवी	0
bjp	बीजेपी	0
black	ब्लैक	1
blackberry	ब्लैकबेरी	1
bladder	ब्लैडर	1
blade	ब्लेड	1
blakon	ब्लाकों	0
blast	ब्लास्ट	1
blayer	ब्लेयर	0
blend	ब्लेंड	1
blender	ब्लेंडर	1
blessed	ब्लेस्ड	1
blessy	ब्लेसी	0
blink	ब्लिंक	1
block	ब्लॉक	1
blockbuster	ब्लॉकबस्टर	1
blog	ब्लॉग	1
blogger	ब्लॉगर	1
blogging	ब्लॉगिंग	1
blood	ब्लड	1
bloody	ब्लडी	1
bloom	ब्लूम	1
blow	ब्लो	1
blue	ब्लू	1
blues	ब्लूज	1
bluetooth	ब्लुटूथ	1
blunt	ब्लंट	1
bm	बीएम	0
bms	बीएमएस	0
bn	बीएन	0
bnaeye	बनाइये	0
bnane	बनाने	0
bo	बो	1
boaa	बोआ	0
board	बोर्ड	1
boarding	बोर्डिंग	1
boardon	बोर्डों	0
boards	बोर्ड्स	1
boars	बोअर्स	0
bob	बॉब	1
boby	बॉबी	0
bodh	बोध	0
bodha	बोधा	0
bodhak	बोधक	0
bodhgamyata	बोधगम्यता	0
bodhi	बोधि	0
bodhidharm	बोधिधर्म	0
bodhisatva	बोधिसत्व	0
bodo	बोडो	1
body	बॉडी	1
boe	बो	1
boeing	बोइंग	1
boganveliya	बोगनवेलिया	0
bogi	बोगी	0
bogiyon	बोगियों	0
bohemian	बोहेमियन	1
bohemiya	बोहेमिया	0
bohemiyan	बोहेमियन	0
bohot	बहुत	0
boi	बोई	0
boing	बोइंग	0
bok	बोक	1
boka	बोका	0
boko	बोको	0
bol	बोल	1
bola	बोला	1
bolana	बोलना	0
bolata	बोलता	0
bolate	बोलते	0
bolati	बोलती	0
bolbala	बोलबाला	0
bolchal	बोलचाल	0
bold	बोल्ड	1
bole	बोले	1
bolen	बोलें	1
boli	बोली	0
bolivia	बोलिविया	1
boliviya	बोलिविया	0
boliviyai	बोलीवियाई	0
boliya	बोलिया	0
boliyan	बोलियां	0
boliyon	बोलियों	0
bolkar	बोलकर	0
bollywood	बॉलीवुड	1
bolna	बोलना	0
bolne	बोलने	0
bolo	बोलो	0
bolon	बोलों	1
bolpur	बोलपुर	0
bolt	बोल्ट	1
bolta	बोलता	0
bolte	बोलते	1
boman	बोमन	1
bomb	बम	1
bombay	बॉम्बे	1
bomber	बॉम्बर	1
bommai	बोम्मई	0
bonapart	बोनापार्ट	0
bond	बॉन्ड	1
bondon	बॉन्डों	0
bone	बोन	1
bongaigaon	बोंगाईगांव	0
bonobo	बोनोबो	1
bonus	बोनस	1
boojh	बूझ	0
book	बुक	1
booking	बुकिंग	1
booklet	बुकलेट	1
books	बुक्स	1
boom	बूम	1
boond	बूंद	0
boot	बूट	1
boota	बूटा	0
boote	बूटे	1
booth	बूथ	1
booti	बूटी	0
bop	बीओपी	1
bor	बोर	0
bora	बोरा	1
boran	बोरान	0
border	बॉर्डर	1
borders	बॉर्डर्स	1
bordoloi	बोरदोलोई	0
bore	बोर	1
boring	बोरिंग	1
boris	बोरिस	1
boriyat	बोरियत	0
born	बॉर्न	1
borneo	बोर्नियो	1
borobudur	बोरोबुदुर	0
bose	बोस	1
boss	बॉस	1
bota	बोता	0
botad	बोटाद	0
botal	बोतल	0
botalband	बोतलबंद	0
botalon	बोतलों	0
botanical	बोटेनिकल	1
botany	बॉटनी	1
botswana	बोत्सवाना	1
bouddhik	बौद्धिक	0
bouncer	बाउंसर	1
boune	बौने	0
boutique	बुटीक	1
bovi	बोवी	0
bow	बो	1
bowl	बाउल	1
bowling	बोलिंग	1
box	बॉक्स	1
boxer	बॉक्सर	1
boxers	बॉक्सर्स	1
boxing	बॉक्सिंग	1
boy	बॉय	1
boya	बोया	0
boycott	बॉयकॉट	1
bpa	बीपीए	0
bpl	बीपीएल	0
bpm	बीपीएम	0
br	बीआर	0
braahman	ब्राह्मण	0
brace	ब्रेस	1
bradman	ब्रैडमैन	0
braham	ब्रह्म	1
brahamaji	ब्रह्माजी	0
brahm	ब्रह्म	1
brahma	ब्रह्मा	0
brahmaand	ब्रह्मांड	0
brahmakumari	ब्रह्माकुमारी	0
brahman	ब्राह्मण	1
brahmanand	ब्रह्मानंद	0
brahmand	ब्रह्माण्ड	0
brahmanda	ब्रह्माण्ड	0
brahmaputra	ब्रह्मपुत्र	0
brahmastra	ब्रह्मास्त्र	0
brahmi	ब्राह्मी	0
brahmos	ब्रह्मोस	0
brahmotsavam	ब्रह्मोत्सवम	0
brail	ब्रेल	0
brain	ब्रेन	1
brais	ब्राइस	0
braj	ब्रज	0
brajeshwari	ब्रजेश्वरी	0
brajmohan	ब्रजमोहन	0
bran	ब्रान	1
brand	ब्रांड	1
branded	ब्रांडेड	1
brando	ब्रांडो	1
brandon	ब्रांडों	1
brandy	ब्रांडी	1
bravo	ब्रेवो	1
brayan	ब्रायन	0
brazil	ब्राज़ील	1
brazili	ब्राजीली	0
break	ब्रेक	1
breaker	ब्रेकर	1
breakers	ब्रेकर्स	1
breaking	ब्रेकिंग	1
breakout	ब्रेकआउट	1
breaststroke	ब्रेस्टस्ट्रोक	0
breeding	ब्रीडिंग	1
breef	ब्रीफ	0
brent	ब्रेंट	1
bret	ब्रेट	1
brhat	बृहत	0
bri	ब्री	0
bricks	ब्रिक्स	1
bridge	ब्रिज	1
briefing	ब्रीफिंग	1
brigade	ब्रिगेड	1
brigham	ब्रिघम	1
bright	ब्राइट	1
brihaspati	बृहस्पति	0
brihattar	बृहत्तर	0
brij	बृज	0
brijbhushan	बृजभूषण	0
brijkishor	बृजकिशोर	0
brijlal	बृजलाल	0
brijraj	बृजराज	0
brin	ब्रिन	1
brisbane	ब्रिसबेन	1
brisben	ब्रिसबेन	0
bristal	ब्रिस्टल	0
brit	ब्रिट	1
britain	ब्रिटेन	1
britani	ब्रितानी	0
british	ब्रिटिश	1
britishkaalin	ब्रिटिशकालीन	0
britishon	ब्रिटिशों	0
broad	ब्रॉड	1
broadband	ब्रॉडबैंड	1
broadcasters	ब्रॉडकास्टर्स	1
broadcasting	ब्रॉडकास्टिंग	1
broadway	ब्रॉडवे	1
brock	ब्रॉक	1
broker	ब्रोकर	1
bromide	ब्रोमाइड	1
bromin	ब्रोमीन	0
brook	ब्रुक	1
brookfield	ब्रुकफील्ड	1
brookings	ब्रुकिंग्स	1
brother	ब्रदर	1
brothers	ब्रदर्स	1
brown	ब्राउन	1
browning	ब्राउनिंग	1
browse	ब्राउज	1
browser	ब्राउजर	1
browseron	ब्राउजरों	0
brt	बीआरटी	0
bruce	ब्रूस	1
brunei	ब्रुनेई	1
bruno	ब्रूनो	1
brunt	ब्रंट	1
brush	ब्रश	1
bs	बीएस	1
bsc	बीएससी	0
bsnl	बीएसएनएल	0
bts	बीटीएस	0
bu	बु	0
bua	बुआ	1
bud	बड़	1
budapest	बुडापेस्ट	1
buddh	बुद्ध	0
buddha	बुड्ढा	1
buddhdev	बुद्धदेव	0
buddhe	बुड्ढे	0
buddhi	बुद्धि	0
buddhijivi	बुद्धिजीवी	0
buddhijiviyon	बुद्धिजीवियों	0
buddhiman	बुद्धिमान	0
buddhimani	बुद्धिमानी	0
buddhimata	बुद्धिमता	0
buddhimati	बुद्धिमती	0
buddhimatta	बुद्धिमत्ता	0
buddhon	बुद्धों	0
budget	बजट	1
budh	बुध	0
budha	बूढ़ा	0
budhani	बुधनी	0
budhape	बुढ़ापे	0
budhe	बूढ़े	0
budhon	बूढों	0
budhram	बुधराम	0
budhwar	बुधवार	0
buffer	बफर	1
buffet	बफेट	1
bugs	बग्स	1
bugyalon	बुग्यालों	0
buhana	बुहाना	0
build	बिल्ड	1
builder	बिल्डर	1
builders	बिल्डर्स	1
building	बिल्डिंग	1
buildings	बिल्डिंग्स	1
bujha	बुझा	0
bujhane	बुझाने	0
bujhate	बुझाते	0
bujurg	बुजुर्ग	0
bujurgon	बुजुर्गों	0
bukanan	बुकानन	0
bukar	बुकर	1
bukhar	बुखार	0
bukhari	बुखारी	0
buki	बुकी	0
bula	बुला	1
bulae	बुलाए	0
bulai	बुलाई	0
buland	बुलंद	0
bulandi	बुलंदी	0
bulane	बुलाने	0
bulata	बुलाता	0
bulate	बुलाते	0
bulaya	बुलाया	0
bulayi	बुलायी	0
bulb	बल्ब	1
bulbul	बुलबुल	0
bulbula	बुलबुला	0
bulbule	बुलबुले	0
bulbulon	बुलबुलों	0
bulgaria	बुल्गारिया	1
bulimia	बुलिमिया	1
bulke	बुल्के	0
bulla	बुल्ला	1
bullet	बुलेट	1
bulletproof	बुलेटप्रूफ	1
bulva	बुलवा	0
bulvaya	बुलवाया	0
bum	बम	1
bump	बंप	1
bumrah	बुमराह	0
bun	बन	1
buna	बुना	0
bunai	बुनाई	0
bunch	बंच	1
bund	बूंद	1
bunde	बूंदे	1
bundela	बुंदेला	0
bundeli	बुंदेली	0
bundelkhand	बुंदेलखंड	0
bundi	बूंदी	0
bundon	बूंदों	0
bundu	बुंडू	0
bune	बुने	0
buniyad	बुनियाद	0
buniyadi	बुनियादी	0
bunkar	बुनकर	0
bunt	बंट	1
bunty	बंटी	0
bura	बुरा	0
buraai	बुराई	0
burai	बुराई	0
buraiyon	बुराइयों	0
burak	बुरक	1
buransh	बुरांश	0
bure	बुरे	0
bureau	ब्यूरो	1
burger	बर्गर	1
burhan	बुरहान	0
burhanpur	बुरहानपुर	0
buri	बुरी	1
burj	बुर्ज	0
burji	बुर्जी	0
burma	बर्मा	1
burman	बर्मन	1
burmi	बर्मी	0
burn	बर्न	1
burning	बर्निंग	1
burt	बर्ट	1
burton	बर्टन	1
buruli	बुरुली	0
bus	बस	1
busan	बुसान	0
buse	बसे	1
bush	बुश	1
bushra	बुशरा	0
business	बिजनेस	1
buson	बसों	0
but	बट	1
buta	बूटा	0
bute	बूटे	1
buth	बूथ	1
buti	बूटी	0
butiyan	बूटियां	0
butiyon	बूटियों	0
butler	बटलर	1
butter	बटर	1
button	बटन	1
buyer	बायर	1
buying	बाइंग	1
byaah	ब्याह	0
byaahi	ब्याही	0
byaaj	ब्याज	0
byaas	ब्यास	0
byaj	ब्याज	0
byan	बयान	0
byar	बयार	0
byaura	ब्यौरा	0
bye	बाय	1
byomkesh	ब्योमकेश	0
bypass	बायपास	1
c	सी	1
ca	सीए	1
cabin	केबिन	1
cabinet	कैबिनेट	1
cable	केबल	1
cactus	कैक्टस	1
cadet	कैडेट	1
cadillac	कैडिलैक	1
cafe	कैफे	1
cage	केज	1
calcium	कैल्शियम	1
calculator	कैलकुलेटर	1
calendar	कैलेंडर	1
calender	कैलेंडर	1
calicut	कालीकट	0
calis	कैलिस	0
call	कॉल	1
caller	कॉलर	1
calling	कॉलिंग	1
callingwood	कॉलिंगवुड	0
callsign	कॉलसाइन	0
calvin	कैल्विन	1
cambodia	कंबोडिया	1
cambridge	कैंब्रिज	1
came	केम	1
cameo	कैमियो	1
camer	केमर	0
camera	कैमरा	1
cameron	कैमरों	1
cameroon	कैमरून	1
camp	कैंप	1
campus	कैंपस	1
can	केन	1
canada	कनाडा	1
canadai	कनाडाई	0
canadian	कैनेडियन	1
canady	केनेडी	1
cancer	कैंसर	1
cand	कैंड	0
candy	कैंडी	1
cane	केन	1
canoeing	कैनोइंग	1
canon	कैनन	1
canteen	कैंटीन	1
canter	कैंटर	1
cantin	कैंटीन	1
canton	कैंटन	1
canvas	कैनवास	1
cany	केनी	0
cap	कैप	1
cape	केप	1
capital	कैपिटल	1
capler	केपलर	0
capsule	कैप्सूल	1
captain	कैप्टन	1
caption	कैप्शन	1
capture	कैप्चर	1
car	कार	1
carban	कार्बन	0
carbnic	कार्बनिक	0
carbohidred	कार्बोहाइड्रेट	0
carbohydrate	कार्बोहाइड्रेट	1
carbon	कार्बन	1
carbonic	कार्बनिक	1
carcinogenic	कार्सिनोजेनिक	1
card	कार्ड	1
cardboard	कार्डबोर्ड	1
carddhari	कार्डधारी	0
cardinal	कार्डिनल	1
cardiology	कार्डियोलॉजी	1
cards	कार्ड्स	1
care	केयर	1
career	करियर	1
caretaker	केयरटेकर	1
cargo	कार्गो	1
cariappa	करिअप्पा	0
caribbean	कैरेबियन	1
carlo	कार्लो	1
carlos	कार्लोस	1
carly	कार्ली	1
carnival	कार्निवल	1
carol	कैरल	1
carolina	कैरोलिना	1
carrier	करियर	1
carry	कैरी	1
cart	कार्ट	1
cartel	कार्टेल	1
carter	कार्टर	1
cartier	कार्टियर	1
cartilage	कार्टिलेज	1
carton	कार्टन	1
cartoon	कार्टून	1
cartoonist	कार्टूनिस्ट	1
case	केस	1
cash	कैश	1
casino	केसिनो	1
caspian	कैस्पियन	1
cassette	कैसेट	1
cast	कास्ट	1
casting	कास्टिंग	1
casual	कैज़ुअल	1
cat	कैट	1
catalogue	कैटलॉग	1
catalytic	कैटालिटिक	1
catch	कैच	1
catering	कैटरिंग	1
caterpillar	कैटरपिलर	1
catfish	कैटफिश	1
cathedral	कैथड्रल	1
catheter	कैथेटर	1
cathode	कैथोड	1
catholic	कैथलिक	1
caves	केव्स	1
cbc	सीबीसी	1
cbfc	सीबीएफसी	0
cbi	सीबीआई	0
cbn	सीबीएन	0
cbs	सीबीएस	1
cbt	सीबीटी	0
cc	सीसी	1
cci	सीसीआई	0
ccm	सीसीएम	0
cd	सीडी	1
cdpo	सीडीपीओ	0
ce	सीई	1
celebrity	सिलेब्रिटी	1
cell	सेल	1
cellular	सेल्युलर	1
celsius	सेल्सियस	1
celtic	सेल्टिक	1
cement	सीमेंट	1
censor	सेंसर	1
censorship	सेंसरशिप	1
cent	सेंट	1
center	सेंटर	1
centers	सेंटर्स	1
centigrade	सेंटीग्रेट	1
centimeter	सेंटीमीटर	1
centos	सैंटोस	0
central	सेंट्रल	1
centre	सेंटर	1
centres	सेंटर्स	1
ceo	सीईओ	1
ceramic	सेरेमिक	1
certificate	सर्टिफिकेट	1
certified	सर्टिफाइड	1
ceylon	सीलोन	1
cf	सीएफ	0
cg	सीजी	0
ch	सीएच	0
chaahiye	चाहिए	0
chaal	चाल	0
chaalbaazi	चालबाजी	0
chaaldhaal	चालढाल	0
chaale	चाले	0
chaar	चार	0
chaay	चाय	0
chabaen	चबाएं	0
chabahar	चाबहार	0
chabane	चबाने	0
chabhar	चाबहार	0
chabuk	चाबुक	0
chacha	चाचा	0
chachere	चचेरे	1
chachi	चाची	1
chad	चाड	1
chadamnam	छद्मनाम	0
chaddha	चड्ढा	0
chadh	चढ़	0
chadha	चढ़ा	0
chadhaega	चढ़ाएगा	0
chadhai	चढ़ाई	0
chadhakar	चढ़ाकर	0
chadhana	चढ़ाना	0
chadhane	चढ़ाने	0
chadhani	चढ़नी	0
chadhata	चढ़ाता	0
chadhate	चढ़ाते	0
chadhati	चढ़ाती	0
chadhava	चढ़ावा	0
chadhave	चढ़ावे	0
chadhaya	चढ़ाया	0
chadhe	चढ़े	0
chadhi	चढ़ी	0
chadhkar	चढ़कर	0
chadhna	चढ़ना	0
chadhne	चढ़ने	0
chadhni	चढ़नी	0
chadhta	चढ़ता	0
chadhte	चढ़ते	0
chadhti	चढ़ती	0
chadi	चाडी	0
chafekar	चाफेकर	0
chah	चाह	0
chaha	चाहा	0
chahane	चाहने	0
chahat	चाहत	0
chahata	चाहता	0
chahate	चाहते	0
chahati	चाहती	0
chahchahana	चहचहाना	0
chahe	चाहे	0
chahegi	चाहेगी	0
chahein	चाहें	0
chahen	चाहें	0
chahenge	चाहेंगे	0
chahie	चाहिए	0
chahiye	चाहिए	0
chahne	चाहने	0
chahta	चाहता	0
chahte	चाहते	0
chahti	चाहती	0
chahun	चाहूं	0
chai	चाय	1
chaibasa	चाइबासा	0
chain	चैन	1
chaipatti	चायपत्ती	0
chair	चेयर	1
chairity	चैरिटी	0
chairman	चेयरमैन	1
chait	चैत	1
chaitali	चैताली	0
chaitanya	चैतन्य	0
chaitra	चैत्र	0
chak	चॅक	0
chakar	चाकर	0
chakhane	चखने	0
chakhaya	चखाया	0
chaki	चाकी	0
chakit	चकित	0
chakka	चक्का	0
chakkar	चक्कर	0
chakki	चक्की	0
chakkiyon	चक्कियों	0
chakma	चकमा	0
chakr	चक्र	0
chakra	चक्र	0
chakradhar	चक्रधर	0
chakradhari	चक्रधारी	0
chakrakar	चक्राकार	0
chakran	चक्रण	0
chakrata	चकराता	0
chakratirth	चक्रतीर्थ	0
chakravarti	चक्रवर्ती	0
chakravat	चक्रवात	0
chakri	चकरी	0
chakriya	चक्रीय	0
chakron	चक्रों	0
chaku	चाकू	0
chakuon	चाकुओं	0
chal	चल	0
chala	चला	0
chalaa	चला	0
chalaane	चलाने	0
chalaaye	चलाए	0
chalae	चलाई	0
chalai	चलाई	0
chalain	चलाईं	0
chalak	चालक	0
chalakar	चलाकर	0
chalaki	चालाकी	0
chalan	चलन	0
chalana	चलाना	0
chalane	चलाने	0
chalanevali	चलानेवाली	0
chalani	चलानी	0
chalao	चलाओ	0
chalat	चलत	0
chalata	चलाता	0
chalate	चलाते	0
chalati	चलाती	0
chalaya	चलाया	0
chalaye	चलाए	0
chalayen	चलायें	0
chalayi	चलायी	0
chalayman	चलायमान	0
chalchitr	चलचित्र	0
chalchitra	चलचित्र	0
chaldhal	चालढाल	0
chale	चले	0
chalega	चलेगा	0
chalegi	चलेगी	0
chalein	चलें	0
chalen	चलें	0
chalengi	चलेंगी	0
chali	चली	0
chalis	चालीस	0
chalit	चलित	0
chalkar	चलकर	0
chalkon	चालकों	0
challenge	चैलेंज	1
challengers	चैलेंजर्स	1
chalna	चलना	0
chalne	चलने	0
chalnevale	चलनेवाले	0
chalnevali	चलनेवाली	0
chalnewali	चलनेवाली	0
chalni	चलनी	0
chalo	चलो	0
chalon	चालों	0
chalta	चलता	0
chalte	चलते	0
chalti	चलती	0
chaltin	चलतीं	0
chalu	चालू	0
chalukya	चालुक्य	0
chalva	चलवा	0
chalvakar	चलवाकर	0
chalvaya	चलवाया	0
cham	चाम	1
chamak	चमक	0
chamakdar	चमकदार	0
chamaknewale	चमकनेवाले	0
chamakta	चमकता	0
chamakti	चमकती	0
chaman	चमन	0
chamatkaar	चमत्कार	0
chamatkar	चमत्कार	0
chamatkari	चमत्कारी	0
chamatkarik	चमत्कारिक	0
chamatkaron	चमत्कारों	0
chamatkrit	चमत्कृत	0
chambal	चंबल	0
chamber	चेंबर	1
chambers	चैंबर्स	1
chamcha	चमचा	0
chamchamate	चमचमाते	0
chamchamati	चमचमाती	0
chamda	चमड़ा	0
chamde	चमड़े	0
chamdi	चमड़ी	0
chameli	चमेली	0
chamgadad	चमगादड़	0
chamgadadon	चमगादड़ों	0
chaminda	चमिंडा	0
chamkane	चमकाने	0
chamkila	चमकीला	0
chamkile	चमकीले	0
chamkili	चमकीली	0
chamling	चामलिंग	0
chammach	चम्मच	0
champa	चंपा	1
champaran	चंपारण	0
champawati	चंपावती	0
champion	चैंपियन	1
champions	चैंपियंस	1
champs	चैंप्स	1
champu	चंपू	0
chamundeshwari	चामुंडेश्वरी	0
chana	चना	1
chanakya	चाणक्य	0
chancellor	चांसलर	1
chanchal	चंचल	0
chand	चांद	1
chandal	चांडाल	0
chandala	चंदला	0
chandan	चंदन	0
chandanbari	चंदनबाड़ी	0
chandani	चांदनी	0
chandel	चंदेल	0
chandelon	चंदेलों	0
chanderi	चंदेरी	0
chandi	चांदी	0
chandidas	चंडीदास	0
chandigarh	चंडीगढ़	0
chandnath	चांदनाथ	0
chandni	चांदनी	0
chandra	चंद्र	1
chandrababu	चंद्रबाबू	0
chandrabhaga	चंद्रभागा	0
chandrabhanu	चंद्रभानु	0
chandragupt	चंद्रगुप्त	0
chandragupta	चंद्रगुप्त	0
chandrakanta	चंद्रकांता	0
chandrakar	चंद्राकर	0
chandralok	चंद्रलोक	0
chandrama	चन्द्रमा	0
chandranagar	चंद्रनगर	0
chandrapur	चंद्रपुर	0
chandrashekhar	चंद्रशेखर	0
chandreshwar	चंद्रेश्वर	0
chandrika	चंद्रिका	1
chandroday	चंद्रोदय	0
chandwa	चंदवा	0
chandwar	चंदवार	0
chane	चने	0
change	चेंज	1
changej	चंगेज	0
changing	चेंजिंग	1
changul	चंगुल	0
chanki	चंकी	0
channel	चैनल	1
channelon	चैनलों	0
chansari	चांसरी	0
chanta	चांटा	0
chapekar	चापेकर	0
chaplata	चपलता	0
chaplin	चैपलिन	1
chapta	चपटा	0
chapte	चपटे	0
chapters	चैप्टर्स	1
chapti	चपटी	0
char	चार	1
chara	चारा	1
charagah	चरागाह	0
charai	चराई	0
charak	चरक	0
charakhe	चरखे	0
charam	चरम	0
charan	चरण	0
charanbaddh	चरणबद्ध	0
charanjit	चरणजीत	0
charantirth	चरणतीर्थ	0
charas	चरस	0
charbagh	चारबाग	0
charbi	चरबी	0
charcha	चर्चा	0
charchaa	चर्चा	0
charchit	चर्चित	0
charcoal	चारकोल	1
charge	चार्ज	1
charged	चार्ज्ड	1
chargesheet	चार्जशीट	0
chari	चारी	0
charitable	चैरिटेबल	1
charitarth	चरितार्थ	0
charitr	चरित्र	0
charitra	चरित्र	0
charitrahin	चरित्रहीन	0
charitravan	चरित्रवान	0
charitrik	चारित्रिक	0
charitron	चरित्रों	0
charity	चैरिटी	1
charkha	चरखा	0
charkot	चार्कोट	0
charles	चार्ल्स	1
charleston	चार्ल्सटन	1
charlie	चार्ली	1
charm	चर्म	1
charminar	चारमीनार	0
charming	चार्मिंग	1
charmkar	चर्मकार	0
charmotkarsh	चरमोत्कर्ष	0
charno	चरणों	0
charnon	चरणों	0
charo	चारों	0
charon	चारों	1
chart	चार्ट	1
charted	चार्टेड	1
charter	चार्टर	1
chartered	चार्टर्ड	1
charvahe	चरवाहे	0
charvak	चार्वाक	0
charya	चर्या	0
chasani	चासनी	0
chashani	चाशनी	0
chashma	चश्मा	0
chashme	चश्मे	0
chashmon	चश्मों	0
chat	चैट	1
chata	चटा	0
chatani	चटनी	0
chatkare	चटकारे	0
chatra	छात्र	0
chatro	छात्रों	0
chattan	चट्टान	0
chattani	चट्टानी	0
chattanon	चट्टानों	0
chattarpur	छतरपुर	0
chatting	चैटिंग	1
chattopadhyay	चट्टोपाध्याय	0
chatukarita	चाटुकारिता	0
chatur	चतुर	0
chaturai	चतुराई	0
chaturbhuj	चतुर्भुज	0
chaturbhuji	चतुर्भुजी	0
chaturth	चतुर्थ	0
chaturthi	चतुर्थी	0
chaturved	चतुर्वेद	0
chaturvedi	चतुर्वेदी	0
chaubisi	चौबीसी	0
chaudah	चौदह	0
chaudai	चौड़ाई	0
chaudas	चौदस	0
chaude	चौड़े	0
chaudhari	चौधरी	0
chaudhary	चौधरी	0
chaudhaven	चौदहवें	0
chaudi	चौड़ी	0
chauguna	चौगुना	0
chauhan	चौहान	0
chaukadi	चौकड़ी	0
chaukanne	चौकन्ने	0
chaukas	चौकस	0
chauke	चौके	0
chaukhaton	चौखटों	0
chaukidari	चौकीदारी	0
chaukor	चौकोर	0
chaukse	चौकसे	0
chaulukya	चौलुक्य	0
chaumase	चौमासे	0
chaumukh	चौमुख	0
chaundh	चौंध	0
chaundhiya	चौंधिया	0
chaunka	चौंका	0
chaunkane	चौंकाने	0
chaunkati	चौंकाती	0
chaunkta	चौंकता	0
chaupai	चौपाई	0
chaura	चौरा	0
chauraha	चौराहा	0
chaurahe	चौराहे	0
chaurangi	चौरंगी	0
chauras	चौरस	0
chaurasi	चौरासी	0
chaurasiya	चौरसिया	0
chauri	चौरी	0
chauth	चौथ	0
chautha	चौथा	0
chauthai	चौथाई	0
chauthe	चौथे	0
chauthi	चौथी	0
chauthmal	चौथमल	0
chav	चाव	0
chaval	चावल	0
chavalis	चवालीस	0
chavhan	चव्हाण	0
chavi	छवि	0
chawal	चावल	0
chawla	चावला	1
chay	चाय	0
chayan	चयन	0
chayanatmak	चयनात्मक	0
chayanit	चयनित	0
chayankarta	चयनकर्ता	0
chayankartaon	चयनकर्ताओं	0
chayapachay	चयापचय	0
chaykhane	चायख़ाने	0
chaynit	चयनित	0
che	चे	1
chechak	चेचक	0
chechen	चेचेन	1
chechenya	चेचेन्या	0
chechnya	चेचेन्या	1
check	चॅक	1
cheen	चीन	0
cheers	चीयर्स	1
chees	चीज	0
chehare	चेहरे	0
chehra	चेहरा	0
chehre	चेहरे	0
chehron	चेहरों	0
chek	चॅक	1
chekon	चॅकों	0
chela	चेला	0
chelyabinsk	चेल्याबिंस्क	1
chemical	केमिकल	1
chemicals	केमिकल्स	1
chemistry	केमिस्ट्री	1
chemotherapy	कीमोथेरेपी	1
chengdu	चेंगदू	1
cheni	चेनी	0
chennai	चेन्नई	1
cheque	चॅक	1
chequo	चॅकों	0
cherian	चेरियन	0
chernobyl	चेर्नोबिल	1
cherry	चेरी	1
cheshta	चेष्टा	0
chess	चेस	1
chest	चेस्ट	1
chester	चेस्टर	1
chetak	चेतक	0
chetan	चेतन	0
chetavani	चेतावनी	0
chetavaniyon	चेतावनियों	0
chetavniyan	चेतावनियां	0
chetiya	चेतिया	0
chetna	चेतना	0
chetram	चेतराम	0
chh	छ	0
chha	छा	0
chhaatron	छात्रों	0
chhabbis	छब्बीस	0
chhad	छड़	0
chhadi	छड़ी	0
chhadon	छड़ों	0
chhah	छह	0
chhajlani	छजलानी	0
chhak	छक	0
chhaka	छका	0
chhakka	छक्का	0
chhakke	छक्के	0
chhal	छल	0
chhalang	छलांग	0
chhale	छाले	0
chhali	छली	0
chhalle	छल्ले	0
chhallon	छल्लों	0
chhalni	छलनी	0
chhamahi	छमाही	0
chhan	छन	0
chhanbin	छानबीन	0
chhand	छंद	0
chhandon	छंदों	0
chhani	छानी	0
chhanne	छानने	0
chhanv	छांव	0
chhap	छप	0
chhapa	छपा	0
chhapai	छपाई	0
chhapamar	छापामार	0
chhapamari	छापामारी	0
chhapar	छापर	0
chhape	छपे	0
chhapega	छपेगा	0
chhapi	छपी	0
chhapkar	छपकर	0
chhapne	छपने	0
chhapni	छपनी	0
chhapon	छापों	0
chhapta	छपता	0
chhat	छत	0
chhata	छटा	0
chhataon	छटाओं	0
chhatarpur	छतरपुर	0
chhath	छठ	0
chhatha	छठा	0
chhathe	छठे	0
chhathi	छठी	0
chhathven	छठवें	0
chhaton	छतों	0
chhatpatahat	छटपटाहट	0
chhatr	छात्र	0
chhatra	छात्रा	0
chhatraon	छात्राओं	0
chhatrapati	छत्रपति	0
chhatrasal	छत्रसाल	0
chhatrasangh	छात्रसंघ	0
chhatravritti	छात्रवृत्ति	0
chhatri	छतरी	0
chhatriyan	छतरियां	0
chhatriyon	छतरियों	0
chhatron	छात्रों	0
chhattisgarh	छत्तीसगढ़	0
chhattisgarhi	छत्तीसगढ़ी	0
chhau	छाउ	0
chhayadar	छायादार	0
chhayakaron	छायाकारों	0
chhayankan	छायांकन	0
chhayawad	छायावाद	0
chhayawadi	छायावादी	0
chhed	छेद	0
chheda	छेड़ा	0
chhedak	छेदक	0
chhedan	छेदन	0
chhedane	छेड़ने	0
chhedi	छेदी	0
chhedkhani	छेड़खानी	0
chhedne	छेड़ने	0
chheel	छील	0
chheen	छीन	0
chhen	छेन	0
chhibbar	छिब्बर	0
chhichhale	छिछले	0
chhidkav	छिड़काव	0
chhidra	छिद्र	0
chhidron	छिद्रों	0
chhil	छील	0
chhilka	छिलका	0
chhilke	छिलके	0
chhilkon	छिलकों	0
chhin	छिन	0
chhina	छीना	0
chhinaa	छीना	0
chhinane	छिनने	0
chhindwara	छिंदवाड़ा	0
chhine	छीने	0
chhini	छीनी	0
chhinn	छिन्न	0
chhinti	छीनती	0
chhip	छिप	0
chhipa	छिपा	0
chhipaa	छिपा	0
chhipaane	छिपाने	0
chhipane	छिपाने	0
chhipe	छिपे	0
chhipi	छिपी	0
chhipkali	छिपकली	0
chhipkar	छिपकर	0
chhipne	छिपने	0
chhitput	छिटपुट	0
chhitra	छितरा	0
chhod	छोड़	0
chhoda	छोड़ा	0
chhodaa	छोड़ा	0
chhodana	छोड़ना	0
chhodani	छोड़नी	0
chhodata	छोड़ता	0
chhodate	छोड़ते	0
chhodati	छोड़ती	0
chhode	छोड़े	0
chhoden	छोड़ें	0
chhodi	छोड़ी	0
chhodkar	छोड़कर	0
chhodne	छोड़ने	0
chhodo	छोड़ो	0
chhole	छोले	0
chhor	छोर	0
chhoro	छोरो	0
chhota	छोटा	0
chhotasaa	छोटासा	0
chhote	छोटे	0
chhoti	छोटी	0
chhoton	छोटों	0
chhoturam	छोटूराम	0
chhu	छु	0
chhua	छुआ	0
chhuaachhut	छुआछूत	0
chhuaate	छुआते	0
chhuachhoot	छुआछूत	0
chhuachhut	छुआछूत	0
chhuda	छुड़ा	0
chhudaane	छुड़ाने	0
chhudaayaa	छुड़ाया	0
chhudane	छुड़ाने	0
chhudaya	छुड़ाया	0
chhudrgrah	क्षुद्रग्रह	0
chhudwa	छुड़वा	0
chhudwaane	छुड़वाने	0
chhue	छुए	0
chhuimui	छुईमुई	0
chhune	छूने	0
chhupa	छुपा	0
chhupaa	छुपा	0
chhupaakar	छुपाकर	0
chhupaane	छुपाने	0
chhupaayaa	छुपाया	0
chhupane	छुपने	0
chhupaya	छुपाया	0
chhut	छूट	0
chhuta	छूटा	0
chhuti	छुटी	0
chhutkara	छुटकारा	0
chhuttiyan	छुट्टियाँ	0
chhuty	छुटी	0
chiang	चियांग	1
chiba	चिबा	1
chibok	चिबोक	0
chicago	शिकागो	1
chicken	चिकन	1
chid	चीड़	0
chidchida	चिड़चिड़ा	0
chidchidahat	चिड़चिड़ाहट	0
chidchidepan	चिड़चिड़ेपन	0
chidiya	चिड़िया	0
chidiyaghar	चिड़ियाघर	0
chidiyagharon	चिड़ियाघरों	0
chidiyon	चिड़ियों	0
chief	चीफ़	1
chif	चीफ	0
chihn	चिह्न	0
chihttr	छिहत्तर	0
chihuaahuaa	चिहुआहुआ	0
chij	चीज	0
chijen	चीजें	0
chijon	चीजों	0
chikh	चीख	0
chikhane	चीखने	0
chikitsa	चिकित्सा	0
chikitsak	चिकित्सक	0
chikitsakarmiyon	चिकित्साकर्मियों	0
chikitsakiy	चिकित्सकीय	0
chikitsakiya	चिकित्सकीय	0
chikitsakon	चिकित्सकों	0
chikitsalaya	चिकित्सालय	0
chikitsiy	चिकित्सीय	0
chikki	चिक्की	0
chikna	चिकना	0
chiknai	चिकनाई	0
chikne	चिकने	0
chikni	चिकनी	0
chil	चील	0
child	चाइल्ड	1
children	चिल्ड्रन	1
chillata	चिल्लाता	0
chima	चीमा	0
chimani	चिमनी	0
chimnaji	चिमनाजी	0
chimniyon	चिमनियों	0
chimpanji	चिम्पांजी	0
chimta	चिमटा	0
chimte	चिमटे	0
chin	चीन	1
china	चीन	1
chinai	चिनाई	0
chinar	चिनार	0
ching	चिंग	1
chingari	चिंगारी	0
chinh	चिन्ह	1
chinha	चिन्ह	0
chinhit	चिन्हित	0
chinhon	चिन्हों	0
chini	चीनी	0
chiniyon	चीनियों	0
chinkara	चिंकारा	0
chinni	चिन्नी	0
chinta	चिंता	0
chintagrast	चिंताग्रस्त	0
chintagufa	चिंतागुफा	0
chintak	चिंतक	0
chintakon	चिंतकों	0
chintaman	चिंतामन	0
chintan	चिंतन	0
chintansheel	चिंतनशील	0
chintaon	चिंताओं	0
chinti	चींटी	0
chintit	चिंतित	0
chintiyan	चींटियाँ	0
chintiyon	चींटियों	0
chip	चिप	1
chipak	चिपक	0
chipakkar	चिपककर	0
chipchipapan	चिपचिपापन	0
chipka	चिपका	0
chipkakar	चिपकाकर	0
chipkana	चिपकना	0
chipkane	चिपकाने	0
chipkaye	चिपकाए	0
chipke	चिपके	0
chips	चिप्स	1
chir	चिर	0
chirag	चिराग	0
chirai	चिराई	0
chirand	चिरांद	0
chirantan	चिरंतन	0
chiraunji	चिरौंजी	0
chirayata	चिरायता	0
chirayu	चिरायु	0
chirkalik	चिरकालिक	0
chirkar	चीरकर	0
chirmiri	चिरमिरी	0
chirparichit	चिरपरिचित	0
chirsthai	चिरस्थाई	0
chirti	चीरती	0
chishti	चिश्ती	0
chishtiya	चिश्तिया	0
chit	चिट	1
chita	चिता	1
chital	चीतल	0
chitale	चितले	0
chitalwana	चितलवाना	0
chitau	चितउ	0
chite	चीते	0
chitfund	चिटफंड	0
chitiyan	चीटियाँ	0
chitkar	चीत्कार	0
chitnis	चिटनिस	0
chiton	चीतों	0
chitr	चित्र	0
chitra	चित्र	1
chitrakala	चित्रकला	0
chitrakar	चित्रकार	0
chitrakaron	चित्रकारों	0
chitrakut	चित्रकूट	0
chitral	चित्राल	0
chitran	चित्रण	0
chitrankan	चित्रांकन	0
chitrgupt	चित्रगुप्त	0
chitrhar	चित्रहार	0
chitrit	चित्रित	0
chitrkarm	चित्रकर्म	0
chitrkut	चित्रकूट	0
chitron	चित्रों	0
chitrpat	चित्रपट	0
chitrsen	चित्रसेन	0
chitrshaili	चित्रशैली	0
chitt	चित्त	0
chittakarshak	चित्ताकर्षक	0
chittha	चिट्ठा	0
chittorgarh	चितौड़गढ़	0
chittur	चित्तूर	0
chitvan	चितवन	0
chivada	चिवड़ा	0
chiyang	चियांग	0
chloride	क्लोराइड	1
chlorine	क्लोरीन	1
chocolate	चॉकलेट	1
chod	छोड़	0
choda	चोपड़ा	0
chodkar	छोड़कर	0
choi	चोई	1
choice	च्वाइस	1
choithram	चोइथराम	0
chol	चोल	0
chola	चोला	0
choli	चोली	0
chomski	चोम्स्की	0
chomsky	चोम्स्की	1
chonch	चोंच	0
chopper	चॉपर	1
chopra	चोपड़ा	1
chor	चोर	0
chora	छोड़	0
choreographer	कोरियोग्राफर	1
chorgaliya	चोरगलिया	0
chori	चोरी	0
chot	चोट	0
chota	छोटा	0
chotanagpur	छोटानागपुर	0
chote	छोटे	0
choten	चोटें	0
choti	चोटी	0
chotila	चोटिला	0
chotiyon	चोटियों	0
choton	चोटों	0
chownk	चौंक	0
chris	क्रिस	1
christ	क्राइस्ट	1
christian	क्रिश्चियन	1
christina	क्रिस्टिना	1
christmas	क्रिसमस	1
christopher	क्रिस्टोफर	1
christy	क्रिस्टी	1
chromosome	क्रोमोसोम	1
chronic	क्रोनिक	1
chu	चू	1
chubha	चुभा	0
chubhan	चुभन	0
chubhi	चुभी	0
chubhne	चुभने	0
chudi	चूड़ी	0
chuha	चूहा	0
chuhe	चूहे	0
chuhon	चूहों	0
chuimui	छुईमुई	0
chuk	चूक	0
chuka	चुका	0
chukana	चुकाना	0
chukandar	चुकंदर	0
chukane	चुकाने	0
chukani	चुकानी	0
chukaya	चुकाया	0
chuke	चुके	0
chuki	चुकी	0
chukne	चूकने	0
chuko	चूको	0
chulbuli	चुलबुली	0
chulha	चूल्हा	0
chumane	चूमने	0
chumbak	चुंबक	0
chumta	चूमता	0
chuna	चुना	0
chunaav	चुनाव	0
chunar	चुनार	0
chunauti	चुनौती	0
chunav	चुनाव	0
chunavi	चुनावी	0
chunavon	चुनावों	0
chunchun	चुनचुन	0
chune	चुने	0
chunegi	चुनेगी	0
chuni	चुनी	0
chuninda	चुनिंदा	0
chunkar	चुनकर	0
chunki	चूंकि	0
chunmun	चुनमुन	0
chunni	चुन्नी	0
chunnilal	चुन्नीलाल	0
chup	चुप	0
chupchap	चुपचाप	0
chupke	चुपके	0
chuppi	चुप्पी	0
chur	चूर	0
chura	चुरा	1
churane	चुराने	0
church	चर्च	1
churchgate	चर्चगेट	0
churchon	चर्चों	0
churi	चूरी	0
churn	चूर्ण	1
churna	चूर्ण	0
churni	चूर्णी	0
chusna	चूसना	0
chust	चुस्त	0
chusti	चुस्ती	0
chutkara	छुटकारा	0
chutkula	चुटकुला	0
chutkule	चुटकुले	0
chutti	छुट्टी	0
chyang	च्यांग	0
chyavan	च्यवन	0
chyavanprash	च्यवनप्राश	0
ci	सीआई	0
cia	सीआईए	1
cic	सीआईसी	0
cid	सीआईडी	1
cigarette	सिगरेट	1
cina	चीन	1
cine	सिने	0
cinema	सिनेमा	1
cinemaghar	सिनेमाघर	0
cinemagharon	सिनेमाघरों	0
cipla	सिप्ला	0
circle	सर्कल	1
circles	सर्कल्स	1
circuit	सर्किट	1
circus	सर्कस	1
cis	सीआइएस	0
cities	सिटीज	1
citric	सिट्रिक	1
city	सिटी	1
citygroup	सिटीग्रुप	0
civil	सिविल	1
clabon	क्लबों	0
clara	क्लारा	1
clark	क्लार्क	1
classes	क्लासेज	1
classic	क्लासिक	1
classmate	क्लासमेट	1
clause	क्लॉज़	1
clean	क्लीन	1
cleaner	क्लीनर	1
cleanland	क्लीवलैंड	0
clerk	क्लर्क	1
cleveland	क्लीवलैंड	1
click	क्लिक	1
clicks	क्लिक्स	1
client	क्लाइंट	1
climax	क्लाइमेक्स	1
climbing	क्लाइंबिंग	1
cline	क्लाइन	1
clinic	क्लिनिक	1
clinical	क्लिनिकल	1
clint	क्लिंट	1
clinton	क्लिंटन	1
clip	क्लिप	1
clisht	क्लिष्ट	0
clive	क्लाइव	1
clock	क्लॉक	1
clone	क्लोन	1
cloning	क्लोनिंग	1
close	क्लॉज़	1
cloud	क्लाउड	1
club	क्लब	1
cluster	क्लस्टर	1
cme	सीएमई	0
cms	सीएमएस	0
cn	सीएन	0
cnbc	सीएनबीसी	0
cng	सीएनजी	0
cnn	सीएनएन	1
co	सीओ	1
coach	कोच	1
coaching	कोचिंग	1
coasta	कोस्टा	0
coat	कोट	1
coating	कोटिंग	1
cobalt	कोबाल्ट	1
cobra	कोबरा	1
coca	कोका	1
cochin	कोचीन	1
cock	कॉक	1
cockpit	कॉकपिट	1
cockroach	कॉकरोच	1
cocktail	कॉकटेल	1
coco	कोको	1
cod	सीओडी	1
code	कोड	1
coding	कोडिंग	1
coffee	कॉफी	1
coimbatore	कोयंबतूर	0
coke	कोक	1
cola	कोला	1
cold	कोल्ड	1
colgate	कोलगेट	1
coli	कुली	1
colin	कालीन	1
collage	कॉलेज	1
collection	कलेक्शन	1
collector	कलेक्टर	1
collectorate	कलेक्ट्रेट	0
collectors	कलेक्टर्स	1
college	कॉलेज	1
colombo	कोलंबो	1
colonel	कर्नल	1
coloniyon	कॉलोनियों	0
colony	कॉलोनी	1
color	कलर	1
coloring	कलरिंग	1
colors	कलर्स	1
colour	कलर	1
coloured	कलर्ड	1
columbia	कोलंबिया	1
columbus	कोलंबस	1
column	कॉलम	1
com	कॉम	1
comedian	कॉमेडियन	1
comedy	कॉमेडी	1
comeetee	कमेटी	0
comes	कम्स	1
comic	कॉमिक	1
comics	कॉमिक्स	1
command	कमांड	1
commander	कमांडर	1
commanding	कमांडिंग	1
commando	कमांडो	1
commands	कमांड्स	1
commentary	कमेंट्री	1
comments	कमेंट्स	1
commerce	कॉमर्स	1
commercial	कमर्शियल	1
commision	कमिशन	1
commission	कमीशन	1
commissioning	कमीशनिंग	1
commit	कमिट	1
commodity	कमोडिटी	1
commodore	कमोडोर	1
common	कॉमन	1
commonwealth	कॉमनवेल्थ	1
communication	कम्युनिकेशन	1
communications	कम्युनिकेशंस	1
communicator	कम्युनिकेटर	1
communism	कम्युनिज्म	1
communist	कम्युनिस्ट	1
communiston	कम्युनिस्टों	0
community	कम्युनिटी	1
comodor	कमोडोर	0
compact	कॉम्पैक्ट	1
companiyo	कंपनियों	0
companiyon	कंपनियों	0
company	कंपनी	1
compass	कंपास	1
complete	कंप्लीट	1
compost	कंपोस्ट	1
compound	कंपाउंड	1
computer	कंप्यूटर	1
concept	कांसेप्ट	1
concert	कॉन्सर्ट	1
conclave	कॉन्क्लेव	1
concrete	कंक्रीट	1
conditioner	कंडीशनर	1
condom	कंडोम	1
conduct	कंडक्ट	1
conductivity	कंडक्टिविटी	1
conductor	कंडक्टर	1
conference	कॉन्फ्रेंस	1
confucius	कन्फ्यूशियस	1
congo	कांगो	1
congress	कांग्रेस	1
congressvad	कांग्रेसवाद	0
connecticut	कनेक्टिकट	1
connection	कनेक्शन	1
conservation	कंजर्वेशन	1
console	कंसोल	1
consolon	कनसोलों	0
constant	कांस्टेंट	1
construction	कंस्ट्रक्शन	1
consultancy	कंसलटेंसी	1
consulting	कंसल्टिंग	1
contact	कॉन्टैक्ट	1
container	कंटेनर	1
containeron	कंटेनरों	0
content	कंटेंट	1
continuous	कंटीन्यूअस	1
contra	कॉन्ट्रा	1
contract	कॉन्ट्रैक्ट	1
control	कंट्रोल	1
controlling	कंट्रोलिंग	1
controls	कंट्रोल्स	1
convent	कॉन्वेंट	1
convention	कन्वेंशन	1
conversion	कन्वर्शन	1
cook	कुक	1
cooker	कुकर	1
cookie	कुकी	1
cool	कूल	1
coolie	कुली	0
cooling	कूलिंग	1
coop	कूप	1
cooper	कूपर	1
coopers	कूपर्स	1
copd	सीओपीडी	0
copiyan	कॉपियां	0
copiyon	कॉपियों	0
copper	कॉपर	1
copy	कॉपी	1
copyright	कॉपीराइट	1
cordoba	कोर्डोबा	1
corel	कोरल	1
cori	कोरी	0
coridor	कॉरिडोर	0
corn	कॉर्न	1
cornea	कॉर्निया	1
corner	कॉर्नर	1
corp	कॉर्प	1
corporate	कॉरपोरेट	1
corporation	कॉर्पोरेशन	1
corps	कॉर्प्स	1
corridor	कॉरिडोर	1
cosmetic	कॉस्मेटिक	1
cosmic	कॉस्मिक	1
cosmopolitan	कॉस्मोपॉलिटन	1
cost	कॉस्ट	1
costa	कोस्टा	1
costello	कोस्टोलो	1
costolo	कोस्टोलो	0
costume	कॉस्ट्यूम	1
cotton	कॉटन	1
council	काउंसिल	1
counselloron	काउंसलरों	0
count	काउंट	1
counter	काउंटर	1
countries	कंट्रीज	1
country	कंट्री	1
county	काउंटी	1
coupe	कूप	1
course	कोर्स	1
court	कोर्ट	1
cousin	कजिन	1
coventry	कॉवेंट्री	1
cover	कवर	1
coverage	कवरेज	1
covered	कवर्ड	1
cox	कॉक्स	1
cp	सीपी	0
cpi	सीपीई	0
cpr	सीपीआर	0
cpu	सीपीयू	1
cr	सीआर	0
craft	क्राफ्ट	1
crafts	क्राफ्ट्स	1
crane	क्रेन	1
cranial	क्रेनियल	1
crank	क्रैंक	1
cranon	क्रेनों	0
crash	क्रैश	1
cream	क्रीम	1
create	क्रिएट	1
creating	क्रिएटिंग	1
creator	क्रिएटर	1
creators	क्रिएटर्स	1
creature	क्रिएचर	1
credit	क्रेडिट	1
creole	क्रियोल	1
cricinfo	क्रिकइन्फो	0
cricket	क्रिकेट	1
crime	क्राइम	1
crimea	क्रीमिया	1
crimes	क्राइम्स	1
crisis	क्राइसिस	1
crisp	क्रिस्प	1
critical	क्रिटिकल	1
critics	क्रिटिक्स	1
croatia	क्रोएशिया	1
crore	करोड़	0
cross	क्रॉस	1
crossing	क्राॅसिंग	1
crossroads	क्रॉसरोड्स	1
crow	क्रो	1
crowd	क्राउड	1
crowdfunding	क्राउडफंडिंग	0
crown	क्राउन	1
crp	सीआरपी	0
crpf	सीआरपीएफ	0
crs	सीआरएस	0
crude	क्रूड	1
cruise	क्रूज	1
crusader	क्रुसेडर	1
crushing	क्रशिंग	1
cryogenic	क्रायोजेनिक	1
crystal	क्रिस्टल	1
crystallography	क्रिस्टलोग्राफी	1
cs	सीएस	0
csa	सीएसए	0
csc	सीएससी	0
cse	सीएसई	0
csir	सीएसआइआर	0
ctc	सीटीसी	0
cult	कल्ट	1
cultivation	कल्टीवेशन	1
cultivator	कल्टीवेटर	0
cultural	कल्चरल	1
culture	कल्चर	1
cup	कप	1
cupcoat	कपकोट	0
curly	कर्ली	1
currency	करेंसी	1
current	करंट	1
curse	कर्स	1
curtis	कर्टिस	1
custard	कस्टर्ड	1
custodian	कस्टोडियन	1
custody	कस्टडी	1
custom	कस्टम	1
customized	कस्टमाइज्ड	1
customs	कस्टम्स	1
cut	कट	1
cutoff	कटऑफ	1
cuttack	कटक	0
cvd	सीवीडी	0
cw	सीडब्ल्यू	0
cwc	सीडब्ल्यूसी	0
cyanide	सायनाइड	1
cyanogen	सायनोजन	0
cyber	साइबर	1
cyberia	साइबेरिया	0
cyberspace	साइबरस्पेस	1
cycle	साइकिल	1
cycling	साइक्लिंग	1
cylinder	सिलिंडर	1
cylinderon	सिलेंडरों	0
cynide	सायनाइड	0
cyrus	सिरस	1
czechoslovakia	चेकोस्लोवाकिया	1
d	डी	1
da	दा	1
daab	दाब	0
daad	दाद	0
daadhi	दाढ़ी	0
daag	दाग	0
daai	दाई	0
daak	डाक	0
daaku	डाकू	0
daakuon	डाकुओं	0
daal	डाल	0
daale	डाले	0
daan	दान	0
daana	दाना	0
daant	दांत	0
daanton	दांतों	0
daarshnik	दार्शनिक	0
daaru	दारू	0
daas	दास	1
daava	दावा	0
daave	दावे	0
daayen	दाएं	0
daayod	डायोड	0
dab	डब	1
daba	दबा	0
dabaane	दबाने	0
dabaav	दबाव	0
dabane	दबाने	0
dabang	दबंग	0
dabangg	दबंग	0
dabav	दबाव	0
dabaya	दबाया	0
dabbu	डब्बू	0
dabdaba	दबदबा	0
dabe	दबे	0
dabhade	दाभाड़े	0
dabi	दबी	0
dabkar	दबकर	0
dabna	दबना	0
daboche	दबोचे	0
dabral	डबराल	0
dabte	दबते	0
dad	डैड	1
dada	दादा	1
dadagiri	दादागिरी	0
dadhi	दाढ़ी	0
dadhich	दाधीच	0
dadhichi	दधीचि	0
dadi	दादी	0
dadu	दादू	0
dadur	दादुर	0
dafa	दफा	0
dafaa	दफा	0
dafan	दफन	0
dafn	दफ्न	0
dafnaate	दफनाते	0
dafnane	दफनाने	0
dafnaya	दफनाया	0
daftar	दफ्तर	0
daftaron	दफ्तरों	0
dag	दाग	1
dagaa	दगा	0
dagar	डगर	0
dagmagate	डगमगाते	0
dagmagaya	डगमगाया	0
dahad	दहाड़	0
dahan	दहन	0
dahej	दहेज	0
dahi	दही	0
dahina	दाहिना	0
dahini	दाहिनी	0
dahod	दाहोद	0
dai	दाई	1
daihik	दैहिक	0
daily	डेली	1
dainik	दैनिक	0
dair	दैर	0
daity	दैत्य	0
daityon	दैत्यों	0
daiv	दैव	0
daivi	डैवी	0
daiviy	दैवीय	0
dajla	दजला	0
dak	डक	1
dakait	डकैत	0
dakaiti	डकैती	0
dakghar	डाकघर	0
dakgharon	डाकघरों	0
dakhal	दखल	0
dakhalandaaji	दखलंदाजी	0
dakhalandaazi	दखलंदाज़ी	0
dakhalandaji	दखलंदाज़ी	0
dakhil	दाख़िल	0
dakhila	दाखिला	0
dakkani	दक्कनी	0
dakota	डकोटा	1
daksh	दक्ष	0
daksha	दक्षा	0
dakshata	दक्षता	0
dakshes	दक्षेस	0
dakshin	दक्षिण	0
dakshina	दक्षिणा	0
dakshinanchal	दक्षिणांचल	0
dakshinavarti	दक्षिणावर्ती	0
dakshinayan	दक्षिणायन	0
dakshini	दक्षिणी	0
dakshinpanthi	दक्षिणपंथी	0
dakshinpaschim	दक्षिणपश्चिम	0
dakshinpaschimi	दक्षिणपश्चिमी	0
dakshinpashchim	दक्षिणपश्चिम	0
dakshinpurv	दक्षिणपूर्व	0
dakshinpurva	दक्षिणपूर्व	0
dakshinpurvi	दक्षिणपूर्वी	0
dakshintam	दक्षिणतम	0
daksina	दक्षिण	0
daku	डाकू	0
dakuon	डाकुओं	0
dal	दल	1
dala	डाला	0
dalai	दलाई	1
dalal	दलाल	1
dalali	दलाली	0
dalalon	दलालों	0
dalavi	दलवी	0
dalchini	दालचीनी	0
daldal	दलदल	0
daldali	दलदली	0
dale	डाले	1
dalen	डालें	1
dalenge	डालेंगे	0
dalgat	दलगत	0
dali	डाली	1
dalil	दलील	0
dalit	दलित	0
dalito	दलितों	0
daliton	दलितों	0
daliy	दलीय	0
daliya	दलिया	0
dalma	दलमा	1
dalmiya	डालमिया	0
dalna	डालना	0
dalne	डालने	0
dalni	डालनी	0
dalta	डालता	0
dalton	डाल्टन	1
daltonganj	डाल्टनगंज	0
dam	डैम	1
dama	दमा	1
damak	दमक	0
damakte	दमकते	0
daman	दमन	1
damankari	दमनकारी	0
damishk	दमिश्क	0
damkal	दमकल	0
damodar	दामोदर	0
damor	डामोर	0
dampati	दंपति	0
dampattiyon	दंपत्तियों	0
dampatya	दाम्पत्य	0
damru	डमरू	0
dan	डैन	1
dana	दाना	1
danapur	दानापुर	0
danav	दानव	0
dance	डांस	1
dancer	डांसर	1
dancing	डांसिंग	1
dand	दंड	0
danda	डंडा	0
dandadesh	दंडादेश	0
dandadhikari	दंडाधिकारी	0
dandadhikariyon	दंडाधिकारियों	0
dandak	दंडक	0
dandatmak	दंडात्मक	0
dande	डंडे	0
dandi	डंडी	0
dandit	दंडित	0
dandiya	डांडिया	0
dandniy	दंडनीय	0
dandon	दंडों	0
dandraua	दंदरौआ	0
dane	दाने	1
dang	डांग	1
dani	दानी	1
danial	डेनियल	0
daniel	डैनियल	1
daniela	डैनिएला	1
danish	डेनिश	1
danka	डंका	0
dankarta	दानकर्ता	0
danny	डैनी	1
danon	दानों	0
dans	दंश	0
dansh	दंश	0
dant	दांत	1
dantate	डांटते	0
dantewada	दंतेवाडा	0
danthal	डंठल	0
danton	दांतों	1
dap	डीएपी	0
dar	दर	1
dara	दारा	1
daraj	दराज	0
daraje	दरजे	0
darao	डराओ	0
darar	दरार	0
dararon	दरारों	0
darasal	दरअसल	0
darbaar	दरबार	0
darbaari	दरबारी	0
darban	दरबान	0
darbar	दरबार	0
darbari	दरबारी	0
darbariyon	दरबारियों	0
darbhanga	दरभंगा	0
darbi	डर्बी	0
dard	दर्द	0
dardnaak	दर्दनाक	0
dardnak	दर्दनाक	0
dare	डेयर	1
daredevils	डेयरडेविल्स	1
daren	दरें	1
darenge	डरेंगे	0
dargah	दरगाह	0
dargahon	दरगाहों	0
darhum	डरहम	0
dari	दरी	0
daridra	दरिद्र	0
daridrata	दरिद्रता	0
darinda	दरिंदा	0
dariya	दरिया	0
dariyadili	दरियादिली	0
dariyaganj	दरियागंज	0
darj	दर्ज	0
darja	दर्जा	0
darje	दर्जे	0
darjeeling	दार्जिलिंग	1
darji	दर्जी	0
dark	डार्क	1
darkinar	दरकिनार	0
darma	दारमा	0
darmiyani	दरमियानी	0
darmyan	दरम्यान	0
darne	डरने	0
daroga	दारोगा	0
daron	दरों	0
darpan	दर्पण	0
darr	डर	1
darren	डेरेन	1
darshaataa	दर्शाता	0
darshaegi	दर्शाएगी	0
darshak	दर्शक	0
darshakon	दर्शकों	0
darshan	दर्शन	0
darshane	दर्शाने	0
darshanik	दार्शनिक	0
darshanon	दर्शनों	0
darshata	दर्शाता	0
darshate	दर्शाते	0
darshati	दर्शाती	0
darshaya	दर्शाया	0
darshkon	दर्शकों	0
darshnarthiyon	दर्शनार्थियों	0
darshnik	दार्शनिक	0
darshniy	दर्शनीय	0
darshniya	दर्शनीय	0
darta	डरता	0
darte	डरते	0
daru	दारू	0
darul	दारुल	0
darun	दारुण	0
darvaje	दरवाजे	0
darvajon	दरवाजों	0
darvesh	दरवेश	0
darvin	डार्विन	0
darwaje	दरवाजे	0
das	दास	1
dasa	दस	1
dasatv	दासत्व	0
dash	दश	1
dasha	दशा	0
dashaa	दक्षा	0
dashak	दशक	0
dashakon	दशकों	0
dasham	दशम	0
dashanan	दशानन	0
dashaon	दशाओं	0
dashboard	डैशबोर्ड	1
dashkon	दशकों	0
dashmesh	दशमेश	0
dashmi	दशमी	0
dashrath	दशरथ	0
dasi	दासी	0
dason	दसों	0
dast	दस्त	0
dasta	दासता	0
dastak	दस्तक	0
dastavej	दस्तावेज़	0
daste	दस्ते	0
dasti	दस्ती	0
daston	दस्तों	0
dastur	दस्तूर	0
dasu	दासू	0
dasvani	दासवानी	0
dasven	दसवें	0
dasvin	दसवीं	0
dasyuon	दस्युओं	0
data	डाटा	1
database	डेटाबेस	1
dataon	दाताओं	0
datiya	दतिया	0
datt	दत्त	0
datta	दत्ता	0
dattak	दत्तक	0
dattatreya	दत्तात्रेय	0
dattopant	दत्तोपंत	0
dau	दाऊ	1
daud	दाऊद	0
dauden	दौड़ें	0
daudi	दाउदी	0
daudne	दौड़ने	0
daudta	दौड़ता	0
daudte	दौड़ते	0
daughters	डॉटर्स	1
daula	दौला	0
daulatpur	दौलतपुर	0
daur	दौर	0
daura	दौरा	0
dauraa	दौरा	0
dauraan	दौरान	0
dauran	दौरान	0
daure	दौरे	0
dauron	दौरों	0
dausa	दौसा	0
dav	डीएवी	0
dava	दावा	0
davaa	दवा	0
davaaiyan	दवाइयां	0
davaaiyon	दवाइयों	0
davaiyan	दवाईयां	0
davaiyon	दवाइयों	0
davaon	दवाओं	0
dave	डेव	1
davedaar	दावेदार	0
davedar	दावेदार	0
davedari	दावेदारी	0
david	डेविड	1
davis	डेविस	1
davo	दावों	0
davon	दावों	0
dawa	दावा	0
dawaaiyan	दवाइयां	0
dawaaiyon	दवाइयों	0
dawaiyan	दवाइयां	0
dawaiyon	दवाइयों	0
dawat	दावत	0
day	डे	1
daya	दया	1
dayaa	दया	0
dayal	दयाल	0
dayalu	दयालु	0
dayaluta	दयालुता	0
dayan	डायन	1
dayanand	दयानंद	0
dayar	दायर	0
dayavan	दयावान	0
dayavati	दयावती	0
dayen	दायें	0
dayini	दायिनी	0
dayod	डायोड	0
dayoday	दयोदय	0
dayra	दायरा	0
dayre	दायरे	0
dayron	दायरों	0
days	डेज	1
dc	डीसी	1
dcp	डीसीपी	0
dcw	डीसीडब्ल्यू	0
ddd	डीडीडी	0
de	दे	1
dea	डीईए	1
deaf	डेफ	1
deal	डील	1
dealer	डीलर	1
dear	डियर	1
death	डेथ	1
deathly	डेथली	1
debara	डेबरा	0
debit	डेबिट	1
debu	देबू	0
debut	डेब्यू	1
deccan	डेक्कन	0
december	दिसंबर	1
decent	डिसेंट	1
decimal	डेसिमल	1
deck	डेक	1
declaration	डिक्लेरेशन	1
declare	डिक्लेयर	1
decode	डिकोड	1
dedh	डेढ़	0
dee	दी	1
deemak	दीमक	0
deemed	डीम्ड	1
deen	डीन	1
deena	दीना	0
deenanath	दीनानाथ	0
deenar	दीनार	0
deendayal	दीनदयाल	0
deeno	डीनो	0
deep	डीप	1
deepak	दीपक	1
deepali	दीपाली	0
deepam	दीपम	0
deepti	दीप्ति	0
deer	डियर	1
deerghvritt	दीर्घवृत्त	0
deev	दीव	0
deewali	दीवाली	0
deewana	दीवाना	0
deewanon	दीवानों	0
default	डिफॉल्ट	1
defence	डिफेंस	1
defenders	डिफेंडर्स	1
defination	डेफिनेशन	0
defo	डेफो	0
dega	देगा	0
degaa	देगा	0
degi	देगी	0
degree	डिग्री	1
deh	देह	0
dehant	देहांत	0
dehantar	देहांतरण	0
dehati	देहाती	0
dehavasan	देहावसान	0
dehradun	देहरादून	0
dekar	देकर	0
dekh	देख	0
dekha	देखा	0
dekhakar	देखकर	0
dekhana	देखना	0
dekhane	देखने	0
dekhbhal	देखभाल	0
dekhe	देखे	0
dekhein	देखें	0
dekhen	देखें	0
dekhenge	देखेंगे	0
dekhi	देखी	0
dekhiae	देखिए	0
dekhiye	देखिए	0
dekhkar	देखकर	0
dekhna	देखना	0
dekhne	देखने	0
dekhnevale	देखनेवाले	0
dekho	देखो	0
dekhrekh	देखरेख	0
dekhta	देखता	0
dekhte	देखते	0
dekhti	देखती	0
dekiya	देकिया	0
dekiyan	देकियन	0
del	डेल	1
delaware	डेलावेयर	1
delete	डिलीट	1
delhi	दिल्ली	1
deli	डेली	1
delicate	डेलिकेट	1
delivery	डिलीवरी	1
dell	डेल	1
delta	डेल्टा	1
demat	डिमैट	0
demo	डेमो	1
democracy	डेमोक्रेसी	1
democratic	डेमोक्रेटिक	1
demon	डेमोन	1
den	दें	1
dena	देना	1
dench	डेंच	0
dendaari	देनदारी	0
dene	देने	0
denevala	देनेवाला	0
denevale	देनेवाले	0
denewala	देनेवाला	0
denewale	देनेवाले	0
denge	देंगे	0
deni	देनी	0
denmark	डेनमार्क	1
dennis	डेनिस	1
dent	डेंट	1
dental	डेंटल	1
denver	डेनवर	1
deo	डियो	1
deol	देओल	0
dep	डेप	1
department	डिपार्टमेंट	1
dependent	डिपेंडेंट	1
depo	डिपो	1
deposit	डिपोजिट	1
depp	डेप	1
depression	डिप्रेशन	1
deputy	डिप्टी	1
der	देर	1
dera	डेरा	0
derapur	डेरापुर	0
dere	डेरे	0
deri	देरी	0
derik	डेरिक	1
des	डेस	1
desa	देस	0
desai	देसाई	1
descriptive	डिस्क्रिप्टिव	1
desert	डेजर्ट	1
desh	देश	0
deshaj	देशज	0
deshantar	देशांतर	0
deshbandhu	देशबंधु	0
deshbhakt	देशभक्त	0
deshbhakti	देशभक्ति	0
deshbhakton	देशभक्तों	0
deshbhar	देशभर	0
deshdroh	देशद्रोह	0
deshdrohiyon	देशद्रोहियों	0
deshikaran	देशीकरण	0
deshmukh	देशमुख	0
deshna	देशना	0
desho	देशों	0
deshon	देशों	1
deshpande	देशपांडे	0
deshprem	देशप्रेम	0
deshraj	देशराज	0
deshratna	देशरत्न	0
deshvasiyon	देशवासियों	0
deshvidesh	देशविदेश	0
deshvyapi	देशव्यापी	0
desi	देसी	1
design	डिजाइन	1
designer	डिजाइनर	1
designeron	डिजाइनरों	0
designers	डिजाइनर्स	1
designing	डिजाइनिंग	1
designon	डिजाइनों	0
desk	डेस्क	1
desktop	डेक्सटॉप	1
desmond	डेसमंड	1
dessert	डेजर्ट	1
destruction	डिस्ट्रक्शन	1
deta	देता	0
detabase	डेटाबेस	0
detailing	डिटेलिंग	1
dete	देते	0
detective	डिटेक्टिव	1
detector	डिटेक्टर	1
detectors	डिटेक्टर्स	1
detergent	डिटर्जेंट	1
deti	देती	0
detonator	डेटोनेटर	1
detriment	डेट्रिमेण्ट	1
detroit	डेट्रायट	1
dev	देव	1
devaa	देवा	0
devaani	देवानी	0
devaansh	देवांश	0
devadasi	देवदासी	0
devaki	देवकी	0
deval	देवल	1
devalayon	देवालयों	0
devan	देवन	1
devanand	देवानंद	0
devanandpur	देवानंदपुर	0
devansh	देवांश	0
devar	देवर	0
devaram	देवाराम	0
devariya	देवरिया	0
devarshi	देवर्षि	0
devasur	देवासुर	0
devata	देवता	0
devataa	देवता	0
devataon	देवताओं	0
devayani	देवयानी	0
devband	देवबंद	0
devdas	देवदास	0
developer	डेवलपर	1
developers	डेवलपर्स	1
development	डेवलपमेंट	1
deven	देवेन	0
devenport	डेवनपोर्ट	1
devgadh	देवगढ़	0
devgan	देवगन	0
devi	देवी	0
device	डिवाइस	1
devices	डिवाइसेज	1
devid	डेविड	0
devigadh	देवीगढ़	0
devika	देविका	0
devil	डेविल	1
devils	डेविल्स	1
devine	डिवाइन	1
deviyaan	देवियां	0
deviyon	देवियों	0
devkali	देवकली	0
devki	देवकी	0
devkinandan	देवकीनंदन	0
devkota	देवकोटा	0
devkul	देवकुल	0
devkumar	देवकुमार	0
devliya	देवलिया	0
devnagari	देवनागरी	0
devnagri	देवनागरी	0
devon	देवों	1
devraj	देवराज	0
devrani	देवरानी	0
devras	देवरस	0
devriya	देवरिया	0
devsena	देवसेना	0
devshayan	देवशयन	0
devsthal	देवस्थल	0
devta	देवता	0
devtaa	देवता	0
devtaaon	देवताओं	0
devtagan	देवतागण	0
devtale	देवताले	0
devtao	देवताओं	0
devtaon	देवताओं	0
devu	देवू	0
devyani	देवयानी	0
dewas	देवास	0
dey	देय	1
deyar	देयर	0
deyata	देयता	0
dg	डिग्री	0
dha	डीएचए	0
dhaabi	धाबी	0
dhaage	धागे	0
dhaagon	धागों	0
dhaak	ढाक	0
dhaal	ढाल	0
dhaam	धाम	0
dhaamnod	धामनोद	0
dhaan	धान	0
dhaanchon	ढांचों	0
dhaani	धानी	0
dhaarmik	धार्मिक	0
dhaarna	धारणा	0
dhaatu	धातु	0
dhaatuon	धातुओं	0
dhaba	ढाबा	0
dhabba	धब्बा	0
dhabbedaar	धब्बेदार	0
dhabbedar	धब्बेदार	0
dhabbo	धब्बों	0
dhabbon	धब्बों	0
dhabe	ढाबे	0
dhad	धड़	0
dhadak	धड़क	0
dhadalle	धड़ल्ले	0
dhadhkane	धधकने	0
dhadkan	धड़कन	0
dhage	धागे	0
dhah	ढह	0
dhai	ढाई	0
dhajjiyan	धज्जियां	0
dhak	ढक	0
dhaka	ढाका	1
dhakate	ढकते	0
dhake	ढके	0
dhakel	ढकेल	0
dhakela	ढकेला	0
dhakelata	ढकेलता	0
dhakele	धकेले	0
dhakelna	धकेलना	0
dhakelne	धकेलने	0
dhakelta	ढकेलता	0
dhakeshwari	ढाकेश्वरी	0
dhaki	ढकी	0
dhakka	धक्का	0
dhakkan	ढक्कन	0
dhakne	ढकने	0
dhakta	ढकता	0
dhakte	ढकते	0
dhal	ढल	0
dhala	ढाला	0
dhalai	ढलाई	0
dhalan	ढलान	0
dhalana	ढालना	0
dhalane	ढालने	0
dhalen	ढालें	0
dhali	ढाली	1
dhaliwal	धालीवाल	0
dhalna	ढालना	0
dhalon	ढालों	0
dhalte	ढलते	0
dhalti	ढलती	0
dham	धम	0
dhamaka	धमाका	0
dhamake	धमाके	0
dhamakedar	धमाकेदार	0
dhaman	धमन	0
dhamdhaa	धमधा	0
dhamkakar	धमकाकर	0
dhamkana	धमकाना	0
dhamkaya	धमकाया	0
dhamki	धमकी	0
dhammpad	धम्मपद	0
dhamni	धमनी	0
dhamniyan	धमनियां	0
dhamniyon	धमनियों	0
dhan	धन	0
dhanadhya	धनाढ्य	0
dhananjay	धनंजय	1
dhanatmak	धनात्मक	0
dhanauli	धनौली	0
dhanbaad	धनबाद	0
dhanbad	धनबाद	0
dhanbal	धनबल	0
dhancha	ढांचा	0
dhanche	ढांचे	0
dhanchon	ढांचों	0
dhanesh	धनेश	0
dhang	ढंग	0
dhani	धनी	0
dhaniya	धनिया	0
dhanno	धन्नो	0
dhanpal	धनपाल	0
dhanraj	धनराज	0
dhanrashi	धनराशि	0
dhansa	धंसा	0
dhanse	धंसे	0
dhansi	धंसी	0
dhanteras	धनतेरस	0
dhanu	धनु	0
dhanurvidya	धनुर्विद्या	0
dhanush	धनुष	0
dhanusha	धनुषा	0
dhanushbaan	धनुषबाण	0
dhanvan	धनवान	0
dhanwan	धनवान	0
dhanwar	धनवार	0
dhany	धन्य	0
dhanya	धन्य	0
dhanyavad	धन्यवाद	0
dhanyawad	धन्यवाद	0
dhar	धार	0
dhara	धारा	0
dharam	धरम	0
dharampuri	धरमपुरी	0
dharan	धारण	0
dharaon	धाराओं	0
dharatal	धरातल	0
dharataliy	धरातलीय	0
dharavahik	धारावाहिक	0
dharavahikon	धारावाहिकों	0
dharayen	धाराएं	0
dhardar	धारदार	0
dharhara	धरहरा	0
dharidar	धारीदार	0
dhariyon	धारियों	0
dharkar	धरकर	0
dharm	धर्म	0
dharma	धर्म	1
dharmaavalambi	धर्मावलंबी	0
dharmadhikari	धर्माधिकारी	0
dharmanirpeksha	धर्मनिरपेक्ष	0
dharmantaran	धर्मांतरण	0
dharmaparayan	धर्मपरायण	0
dharmarth	धर्मार्थ	0
dharmguru	धर्मगुरु	0
dharmik	धार्मिक	0
dharmikta	धार्मिकता	0
dharmnirpeksh	धर्मनिरपेक्ष	0
dharmnirpekshata	धर्मनिरपेक्षता	0
dharmnirpekshta	धर्मनिरपेक्षता	0
dharmon	धर्मों	0
dharmopadesh	धर्मोपदेश	0
dharmpal	धर्मपाल	0
dharmparivartan	धर्मपरिवर्तन	0
dharmpuri	धर्मपुरी	0
dharmsangh	धर्मसंघ	0
dharmshala	धर्मशाला	0
dharmshastra	धर्मशास्त्र	0
dharmshastron	धर्मशास्त्रों	0
dharmveer	धर्मवीर	0
dharmyuddh	धर्मयुद्ध	0
dharna	धारणा	0
dharnaon	धारणाओं	0
dharohar	धरोहर	0
dharoharon	धरोहरों	0
dharon	धारों	0
dharpakad	धरपकड़	0
dharre	ढर्रे	0
dharti	धरती	0
dharyo	धरयो	0
dhate	ढाते	0
dhatu	धातु	0
dhatura	धतूरा	0
dhaula	धौला	0
dhaulpur	धौलपुर	0
dhava	धावा	0
dhavak	धावक	0
dhave	धावे	0
dhawan	धवन	0
dheema	धीमा	0
dheemi	धीमी	0
dheer	धीर	0
dheeraj	धीरज	0
dheere	धीरे	0
dheeredheere	धीरेधीरे	0
dhele	ढेले	0
dher	ढेर	0
dheron	ढेरों	0
dhi	धी	0
dhila	ढीला	0
dhile	ढीले	0
dhili	ढीली	0
dhima	धीमा	0
dhimapan	धीमापन	0
dhime	धीमे	0
dhimi	धीमी	0
dhir	धीर	0
dhiraj	धीरज	1
dhire	धीरे	0
dhiredhire	धीरेधीरे	0
dhnyan	ज्ञान	0
dho	धो	0
dhobi	धोबी	0
dhod	धोद	0
dhokala	ढोकला	0
dhokar	धोकर	0
dhokha	धोखा	0
dhokhadhadi	धोखाधड़ी	0
dhokhe	धोखे	0
dhokhebaji	धोखेबाजी	0
dhol	ढोल	0
dhola	ढोला	0
dholka	धोलका	0
dhona	ढोना	0
dhone	धोने	0
dhong	ढोंग	0
dhoni	धोनी	0
dhoom	धूम	0
dhoondhna	ढूंढना	0
dhoondhne	ढूंढने	0
dhoop	धूप	0
dhore	धोरे	0
dhota	ढोता	0
dhoti	धोती	0
dhotre	धोत्रे	0
dhoya	धोया	0
dhratal	धरातल	0
dhritrashtra	धृतराष्ट्र	0
dhruv	ध्रुव	0
dhruvon	ध्रुवों	0
dhul	धूल	0
dhulai	धुलाई	0
dhuli	धूलि	0
dhulmul	ढुलमुल	0
dhulne	धुलने	0
dhum	धूम	0
dhumawati	धूमावती	0
dhumdham	धूमधाम	0
dhumil	धूमिल	0
dhumketu	धूमकेतु	0
dhumrapan	धूम्रपान	0
dhun	धुन	0
dhunaa	धुंआ	0
dhundh	धुंध	0
dhundhale	धुंधले	0
dhundhali	धुंधली	0
dhundhana	ढूंढना	0
dhundhane	ढूंढने	0
dhune	धुने	0
dhuni	धूणी	0
dhunon	धुनों	0
dhup	धूप	0
dhupiya	धूपिया	0
dhur	धुर	0
dhuri	धुरी	0
dhurtata	धूर्तता	0
dhusar	धूसर	0
dhutt	धुत्त	0
dhvani	ध्वनि	0
dhvanik	ध्वनिक	0
dhvanit	ध्वनित	0
dhvaniyon	ध्वनियों	0
dhvast	ध्वस्त	0
dhvja	ध्वजा	0
dhwaj	ध्वज	0
dhwani	ध्वनि	0
dhwaniyon	ध्वनियों	0
dhwast	ध्वस्त	0
dhyaan	ध्यान	0
dhyan	ध्यान	0
dhyanpurvak	ध्यानपूर्वक	0
di	दी	1
diabetes	डाइबिटीज	1
diae	दिए	0
diagnosis	डायग्नोसिस	1
diagnostic	डायग्नोस्टिक	1
dial	डायल	1
dialer	डायलर	0
dialogues	डायलॉग्स	1
dialysis	डायलिसिस	1
diamond	डायमंड	1
diana	डायना	1
diariyan	डायरियां	0
diary	डायरी	1
dibba	डिब्बा	0
dibbe	डिब्बे	0
dibbon	डिब्बों	0
dibyendu	दिब्येंदु	0
dick	डिक	1
did	डिड	1
didi	दीदी	1
didli	डिडली	0
die	डाई	1
diesel	डीजल	1
diet	डायट	1
different	डिफरेंट	1
difficult	डिफिकल्ट	1
dig	डीग	1
digambar	दिगंबर	0
digar	दीगर	0
dige	डिगे	0
digestion	डाइजेशन	1
diggaj	दिग्गज	0
diggajon	दिग्गजों	0
diggi	डिग्गी	0
digilocker	डिजिलॉकर	0
digital	डिजिटल	1
digitalikaran	डिजिटलीकरण	0
digo	डीगो	0
digvijay	दिग्विजय	0
dihar	डीआईएचएआर	0
dijain	डिज़ाइन	0
dijiye	दीजिए	0
dik	दिक्	0
dike	डाइक	1
dikh	दिख	0
dikha	दिखा	0
dikhaa	दिखा	0
dikhae	दिखाए	0
dikhaega	दिखाएगा	0
dikhai	दिखाई	0
dikhaiye	दिखाइए	0
dikhana	दिखाना	0
dikhane	दिखाने	0
dikhani	दिखानी	0
dikhao	दिखाओ	0
dikhata	दिखाता	0
dikhate	दिखाते	0
dikhati	दिखाती	0
dikhava	दिखावा	0
dikhavati	दिखावटी	0
dikhawati	दिखावटी	0
dikhaya	दिखाया	0
dikhaye	दिखाये	0
dikhe	दिखे	0
dikhegi	दिखेगी	0
dikhenge	दिखेंगे	0
dikhi	दिखी	0
dikhlaai	दिखलाई	0
dikhlaata	दिखलाता	0
dikhlaaya	दिखलाया	0
dikhlaaye	दिखलाए	0
dikhlata	दिखलाता	0
dikhlaya	दिखलाया	0
dikhlaye	दिखलाए	0
dikhna	दिखना	0
dikhne	दिखने	0
dikhnewale	दिखनेवाले	0
dikhta	दिखता	0
dikhtaa	दिखता	0
dikhte	दिखते	0
dikhti	दिखती	0
dikhya	दिखया	0
dikhyaa	दिखया	0
dikkat	दिक्कत	0
diksha	दीक्षा	0
dikshant	दीक्षांत	0
dikshit	दीक्षित	0
dil	दिल	0
dila	दिला	0
dilaen	दिलाएं	0
dilai	दिलाई	0
dilana	दिलाना	0
dilane	दिलाने	0
dilata	दिलाता	0
dilate	दिलाते	1
dilati	दिलाती	0
dilaya	दिलाया	0
dilchasp	दिलचस्प	0
dilchaspi	दिलचस्पी	0
diler	दिलेर	0
dileri	दिलेरी	0
dilip	दिलिप	1
dilli	दिल्ली	0
dilon	दिलों	0
dilshaan	दिलशान	0
dilshan	दिलशान	0
dilvana	दिलवाना	0
dilvane	दिलवाने	0
dilwaata	दिलवाता	0
dilwaaya	दिलवाया	0
dilwada	दिलवाड़ा	0
dilwana	दिलवाना	0
dilwane	दिलवाने	0
dilwata	दिलवाता	0
dilwaya	दिलवाया	0
dimag	दिमाग	0
dimak	दीमक	0
dimapur	दीमापुर	0
dimension	डाइमेंशन	1
din	दिन	1
dina	दिन	1
dinanath	दीनानाथ	0
dinank	दिनांक	0
dinar	दीनार	1
dincharya	दिनचर्या	0
dincharyaa	दिनचर्या	0
dindahaade	दिनदहाड़े	0
dinesh	दिनेश	1
dinkar	दिनकर	0
dinner	डिनर	1
dino	दिनो	1
dinon	दिनों	0
dinraat	दिनरात	0
dinraatri	दिनरात्रि	0
diode	डायोड	1
dioxide	डाइऑक्साइड	1
dipak	दीपक	0
dipali	दीपाली	0
dipalpur	दीपालपुर	0
dipawali	दीपावली	0
dipendra	दीपेंद्र	0
dipesh	दीपेश	0
diploma	डिप्लोमा	1
diplomacy	डिप्लोमेसी	1
dipti	डिप्टी	0
direct	डायरेक्ट	1
direction	डायरेक्शन	1
director	डायरेक्टर	1
directorate	डायरेक्टोरेट	1
directors	डायरेक्टर्स	1
directory	डायरेक्टरी	1
dirgh	दीर्घ	0
dirgha	दीर्घ	0
dirghavritta	दीर्घवृत्त	0
dirghayu	दीर्घायु	0
dirghvrutt	दीर्घवृत्त	0
dirt	डर्ट	1
dirty	डर्टी	1
disa	दिसा	1
disaster	डिजास्टर	1
discharge	डिस्चार्ज	1
disclaimer	डिस्क्लेमर	1
disco	डिस्को	1
discom	डिस्कॉम	0
disconnect	डिस्कनेक्ट	1
discover	डिस्कवर	1
discovery	डिस्कवरी	1
discuss	डिसकस	1
dish	डिश	1
disha	दिशा	0
dishaa	दिशा	0
dishaen	दिशाएं	0
dishanirdesh	दिशानिर्देश	0
dishanirdeshon	दिशानिर्देशों	0
dishaon	दिशाओं	0
disk	डिस्क	1
disney	डिज़्नी	1
disneyland	डिज़्नीलैंड	1
disorder	डिसऑर्डर	1
dispatch	डिस्पैच	1
display	डिसप्ले	1
dispur	दिसपुर	0
distinction	डिस्टिंक्शन	1
district	डिस्ट्रिक्ट	1
districts	डिस्ट्रिक्ट्स	1
disturb	डिस्टर्ब	1
disum	दिसुम	0
divaan	दीवान	0
divala	दिवाला	0
divaliya	दिवालिया	0
divan	दिवान	1
divangat	दिवंगत	0
divar	दीवार	0
divas	दिवस	1
divasiy	दिवसीय	0
divasiya	दिवसीय	0
divason	दिवसों	0
diver	दिवेर	1
divik	दिविक	0
diving	डाइविंग	1
division	डिविजन	1
divisionon	डिविजनों	0
divsiy	दिवसीय	0
divya	दिव्या	0
divyanka	दिव्यांका	0
diwaan	दिवान	0
diwali	दिवाली	1
diwan	दिवान	0
diwane	दीवाने	0
diwani	दीवानी	0
diwar	दीवार	0
diwaron	दीवारों	0
diwas	दिवस	0
dixit	दीक्षित	0
diya	दिया	0
diyaa	दिया	0
diyara	दियारा	0
diye	दिये	0
diyon	दीयों	0
dj	डीजे	1
dk	डीके	1
dm	डीएम	0
dmc	डीएमसी	0
dme	डीएमई	0
dmk	डीएमके	0
dna	डीएनए	1
dnyan	ज्ञान	0
do	दो	1
dobara	दोबारा	0
dobhal	डोभाल	0
dobriyal	डोबरियाल	0
dock	डॉक	1
docomo	डोकोमो	0
doctor	डॉक्टर	1
doctori	डॉक्टरी	0
doctoron	डॉक्टरों	0
doctrin	डॉक्ट्रिन	0
document	डॉक्युमेंट	1
documentary	डाक्यूमेंट्री	1
doda	डोडा	0
dodo	दोदो	1
dog	डॉग	1
doga	डोगा	0
dogale	दोगले	0
dogra	डोगरा	0
dogri	डोगरी	0
doguna	दोगुना	0
doguni	दोगुनी	0
doha	दोहा	1
dohara	दोहरा	0
dohare	दोहरे	0
dohari	दोहरी	0
dohe	दोहे	0
dohon	दोहों	0
dohraen	दोहराएं	0
dohrate	दोहराते	0
dohrav	दोहराव	0
dohraya	दोहराया	0
dohre	दोहरे	0
dohri	दोहरी	0
doing	डूइंग	1
dola	डोला	0
dole	डोले	1
doli	डोली	0
doll	डॉल	1
dollar	डॉलर	1
dollars	डॉलर्स	1
dolly	डॉली	1
dolphin	डॉल्फिन	1
dolphinon	डॉल्फिनों	0
dom	डोम	1
domat	दोमट	0
domenica	डोमेनिका	0
domination	डोमिनेशन	1
dominic	डॉमिनिक	1
dominika	डोमिनिका	0
don	डॉन	1
donald	डोनाल्ड	1
done	दोने	1
dono	दोनों	0
donon	दोनों	0
dont	डोंट	0
doob	डूब	0
doodhnath	दूधनाथ	0
doodi	डूडी	0
doom	डूम	1
doomsday	डूम्सडे	1
doon	दूं	0
door	दूर	1
doorbinon	दूरबीनों	0
doordaraj	दूरदराज	0
doordarshan	दूरदर्शन	1
doordarshi	दूरदर्शी	0
doori	दूरी	0
doors	डोर्स	1
doosra	दूसरा	0
doosre	दूसरे	0
doosri	दूसरी	0
doot	दूत	0
dopahar	दोपहर	0
dora	डोरा	1
doraemon	डोरेमॉन	0
dorahe	दोराहे	0
dorai	दोराई	0
dorak	डोरक	0
dori	डोरी	1
doria	डोरिया	1
dorji	दोरजी	0
doron	डोरोन	1
dorothi	डोरोथी	0
dorothy	डोरोथी	1
dos	डोस	1
dosh	दोष	1
doshi	दोषी	1
doshon	दोषों	0
dost	दोस्त	1
dostana	दोस्ताना	0
dosti	दोस्ती	0
doston	दोस्तों	0
dostpur	दोस्तपुर	0
dot	डॉट	1
doti	डोटी	0
double	डबल	1
doubles	डबल्स	1
dow	डाउ	1
downs	डाउंस	1
dpi	डीपीआई	0
dps	डीपीएस	0
dpsc	डीपीएससी	0
dr	डॉ॰	1
dracula	ड्रैकुला	1
draft	ड्राफ्ट	1
draftsman	ड्राफ्ट्समैन	1
dragon	ड्रैगन	1
drainage	ड्रेनेज	1
drake	ड्रेक	1
drama	ड्रामा	1
dramuk	द्रमुक	0
dras	द्रास	0
draupadi	द्रौपदी	0
drav	द्रव	0
dravid	द्रविड़	0
dravit	द्रवित	0
dravy	द्रव्य	0
dravya	द्रव्य	0
dravyaman	द्रव्यमान	0
dravyon	द्रव्यों	0
draw	ड्रॉ	1
drdo	डीआरडीओ	0
dream	ड्रीम	1
dreamgirl	ड्रीमगर्ल	0
dreams	ड्रीम्स	1
dress	ड्रेस	1
dressden	ड्रेसडेन	0
dressed	ड्रेस्ड	1
dressing	ड्रेसिंग	1
drift	ड्रिफ्ट	1
drill	ड्रिल	1
drilling	ड्रिलिंग	1
drinking	ड्रिंकिंग	1
drisht	दृष्ट	0
drishtaant	दृष्टांत	0
drishti	दृष्टि	0
drishtigat	दृष्टिगत	0
drishtigochar	दृष्टिगोचर	0
drishtikon	दृष्टिकोण	0
drishtya	दृष्टया	0
drishya	दृश्य	0
drishyaman	दृश्यमान	0
drishyo	दृश्यों	0
drishyon	दृश्यों	0
dristi	दृष्टी	0
drive	ड्राइव	1
driveron	ड्राइवरों	0
drivers	ड्राइवर्स	1
driving	ड्राइविंग	1
drm	डीआरएम	0
dron	द्रोण	0
dronacharya	द्रोणाचार्य	0
dronagiri	द्रोणागिरी	0
drone	ड्रोन	1
droni	द्रोणी	0
drop	ड्रॉप	1
dropbox	ड्रॉपबॉक्स	1
drsti	दृष्टि	0
drug	ड्रग	1
drugs	ड्रग्स	1
drum	ड्रम	1
drunk	ड्रंक	1
drupad	द्रुपद	0
drushti	दृष्टि	0
drushtikon	दृष्टिकोण	0
drushy	दृश्य	0
drut	द्रुत	0
ds	डीएस	0
dsp	डीएसपी	0
dtc	डीटीसी	0
dtp	डीटीपी	0
du	दूर	1
dua	दुआ	0
dual	डुएल	1
duaon	दुआओं	0
dub	डुब	1
duba	डूबा	1
dubak	दुबक	0
dubaki	डुबकी	0
dubara	दुबारा	0
dubbing	डबिंग	1
dube	दुबे	1
dubey	दुबे	1
dubhar	दूभर	0
dubhashiya	दुभाषिया	0
dubi	डूबी	0
dubki	डुबकी	0
dubla	दुबला	0
dublin	डबलिन	1
dubne	डूबने	0
dubo	डुबो	0
duck	डक	1
duckworth	डकवर्थ	1
dudh	दूध	0
dudharu	दुधारू	0
dudhi	दूधी	0
dudhnath	दूधनाथ	0
dudhwa	दुधवा	0
dudoo	दूदू	0
dudu	दूदू	0
duet	डुएट	1
dugad	दूगड़	0
dugdh	दुग्ध	0
dugdha	दुग्ध	0
duggar	डुग्गर	1
dugna	दुगना	0
duguni	दुगुनी	0
duhkh	दु:ख	0
duj	दूज	0
dukaan	दूकान	0
dukaandaari	दुकानदारी	0
dukaandaaron	दुकानदारों	0
dukan	दूकान	0
dukh	दुख	0
dukhaant	दुखांत	0
dukhad	दुखद	0
dukhant	दुखांत	0
dukhdaai	दुखदाई	0
dukhi	दुखी	0
dukhne	दुखने	0
dulha	दुल्हा	0
dulhan	दुल्हन	0
dulhe	दूल्हे	0
dum	दुम	1
dumat	दुमट	0
dumini	डुमिनी	0
dumping	डंपिंग	1
dun	दून	1
duna	दूना	1
duncan	डंकन	1
dundubhi	दुंदुभी	0
dunga	दूंगा	0
dungi	दूंगी	0
duniya	दुनिया	0
duniyaa	दुनिया	0
duniyabhar	दुनियाभर	0
duniyan	दुनियां	0
duniyaon	दुनियाओं	0
duniyavi	दुनियावी	0
dunk	डंक	1
dupatte	दुपट्टे	0
duphar	दुपहर	0
duphiya	दुपहिया	0
duplicate	डुप्लीकेट	1
dur	दूर	0
durachar	दुराचार	0
duracharan	दुराचरण	0
durand	डूरंड	1
durani	दुरानी	0
durasth	दूरस्थ	0
durbal	दुर्बल	0
durbalta	दुर्बलता	0
durbeen	दूरबीन	0
durbhagya	दुर्भाग्य	0
durbhagyashali	दुर्भाग्यशाली	0
durbhagyavash	दुर्भाग्यवश	0
durbin	दूरबीन	1
durbinon	दूरबीनों	0
durdarshi	दूरदर्शी	0
durdasha	दुर्दशा	0
durdin	दुर्दिन	1
durg	दुर्ग	0
durga	दुर्गा	0
durgaami	दूरगामी	0
durgadas	दुर्गादास	0
durgam	दुर्गम	0
durgandh	दुर्गंध	0
durgavati	दुर्गावती	0
durge	दुर्गे	0
durghatna	दुर्घटना	0
durghatnavash	दुर्घटनावश	0
durgon	दुर्गों	0
duri	दूरी	1
duriyon	दूरियों	0
durjan	दुर्जन	0
durlabh	दुर्लभ	0
durrani	दुर्रानी	0
durupayog	दुरूपयोग	0
durupyog	दुरुपयोग	0
durvarti	दूरवर्ती	0
durvasa	दुर्वासा	0
duryodhan	दुर्योधन	0
dus	दस	0
dusara	दूसरा	0
dusare	दूसरे	0
dusari	दूसरी	0
dushit	दूषित	0
dushkar	दुष्कर	0
dushkarmon	दुष्कर्मों	0
dushman	दुश्मन	0
dushmani	दुश्मनी	0
dushmanon	दुश्मनों	0
dushparinaam	दुष्परिणाम	0
dushprabhav	दुष्प्रभाव	0
dusht	दुष्ट	0
dushyant	दुष्यंत	0
dusra	दूसरा	0
dusraa	दूसरा	0
dusre	दूसरे	0
dusri	दूसरी	0
dusron	दूसरों	0
dutch	डच	1
duton	दूतों	0
dutt	दत्त	1
duty	ड्यूटी	1
duvidha	दुविधा	0
dvaar	द्वार	0
dvaara	द्वारा	0
dvaimaasik	द्वैमासिक	0
dvaimasik	द्वैमासिक	0
dvait	द्वैत	0
dvanadv	द्वंद्व	0
dvanadvon	द्वंद्वों	0
dvar	द्वार	0
dvara	द्वारा	0
dvd	डीवीडी	1
dveep	द्वीप	0
dvesh	द्वेष	0
dvibhashi	द्विभाषी	0
dvip	द्वीप	0
dvipiya	द्वीपीय	0
dvipon	द्वीपों	0
dvipsamuh	द्वीपसमूह	0
dvistariya	द्विस्तरीय	0
dvitiya	द्वितीय	0
dvitiyak	द्वितीयक	0
dvivarshiya	द्विवर्षीय	0
dwaar	द्वार	0
dwaarka	द्वारका	0
dwapar	द्वापर	0
dwar	द्वार	0
dwara	द्वारा	0
dwaraa	द्वारा	0
dwarchar	द्वारचार	0
dwarf	ड्वार्फ	1
dwarka	द्वारका	0
dwaron	द्वारों	0
dweep	द्वीप	0
dweepon	द्वीपों	0
dweepsamuh	द्वीपसमूह	0
dwip	द्वीप	0
dwipon	द्वीपों	0
dwitiy	द्वितीय	0
dwitiya	द्वितीय	0
dwitiyak	द्वितीयक	0
dwivedi	द्विवेदी	1
dye	डाई	1
dynamics	डायनेमिक्स	1
dynamo	डायनेमो	1
dyotak	द्योतक	0
dyslexia	डिस्लेक्सिया	1
e	ई	1
ea	इए	0
each	ईच	1
eagle	ईगल	1
eak	एक	0
ear	इयर	1
earbuds	इयरबड्स	0
early	अर्ली	1
earn	अर्न	1
earnest	अर्नेस्ट	1
east	ईस्ट	1
easter	ईस्टर	1
eastern	ईस्टर्न	1
easton	ईस्टन	1
ebak	ऐबक	0
ebay	ईबे	1
ebc	इबीसी	0
ebola	इबोला	1
ebooks	ईबुक्स	0
ecb	ईसीबी	0
ecg	ईसीजी	0
echocardiography	इकोकार्डियोग्राफी	0
economic	इकोनॉमिक	1
economics	इकनॉमिक्स	1
economist	इकोनोमिस्ट	1
economy	इकॉनोमी	1
ecosystem	इकोसिस्टम	1
eden	ईडन	1
edi	एड़ी	1
edilade	एडिलेड	0
edinburgh	एडिनबर्ग	1
edison	एडिसन	1
edit	एडिट	1
editing	एडिटिंग	1
editor	एडिटर	1
edmond	एडमंड	1
education	एजुकेशन	1
edward	एडवर्ड	1
edwards	एडवर्ड्स	1
edwin	एडविन	1
ee	ईo	1
eeda	ईडा	0
effect	इफेक्ट	1
eggs	एग्स	1
ego	इगो	1
ehsas	एहसास	0
ehtiyat	एहतियात	0
eid	ईद	1
einstein	आइंस्टीन	1
eitihasik	ऐतिहासिक	0
eitihasikta	ऐतिहासिकता	0
ejensi	एजेंसी	0
ek	एक	1
eka	एक	1
ekad	एकड़	0
ekadash	एकादश	0
ekadashi	एकादशी	0
ekadh	एकाध	0
ekadhik	एकाधिक	0
ekadhikar	एकाधिकार	0
ekaek	एकाएक	0
ekagra	एकाग्र	0
ekagrachit	एकाग्रचित	0
ekagrata	एकाग्रता	0
ekal	एकल	0
ekam	एकं	0
ekanki	एकांकी	0
ekant	एकांत	0
ekathe	इकट्ठे	0
ekatr	एकत्र	0
ekatra	एकत्र	0
ekatrit	एकत्रित	0
ekattha	इकठ्ठा	0
ekdusre	एकदूसरे	0
ekikaran	एकीकरण	0
ekikrit	एकीकृत	0
ekikrut	एकीकृत	0
ekjut	एकजुट	0
ekjutta	एकजुटता	0
ekka	इक्का	0
ekkis	इक्कीस	0
ekkoshiya	एककोशीय	0
eklauta	इकलौता	0
eklauti	इकलौती	0
eklavya	एकलव्य	0
ekmatr	एकमात्र	0
ekmatra	एकमात्र	0
ekrupata	एकरूपता	0
eksamaan	एकसमान	0
eksaman	एकसमान	0
eksingaa	इकसिंगा	0
ekta	एकता	0
ektaa	एकता	0
ektarfa	एकतरफा	0
el	एल	1
ela	एला	1
elaan	ऐलान	0
elangovan	एलांगोवन	0
elbe	एल्बे	1
election	इलेक्शन	1
electric	इलेक्ट्रिक	1
electrical	इलेक्ट्रिकल	1
electro	इलेक्ट्रो	1
electrode	इलेक्ट्रोड	1
electromagnetic	इलेक्ट्रोमैग्नेटिक	1
electron	इलेक्ट्रॉन	1
electronic	इलेक्ट्रॉनिक	1
electronics	इलेक्ट्रॉनिक्स	1
electrons	इलेक्ट्रॉन्स	1
elements	एलिमेंट्स	1
elen	इलेन	0
eleven	इलेवन	1
eli	इली	1
elil	एलील	0
elimination	एलिमिनेशन	1
elina	एलीना	0
eliot	इलियट	1
elite	एलिट	1
elizabeth	एलिजाबेथ	1
ellen	एलेन	1
else	एल्स	1
embassy	एंबेसी	1
emergency	इमरजेंसी	1
emerson	एमरसन	1
emilia	एमिलिया	1
emilio	एमिलियो	1
emma	एम्मा	1
emoji	इमोजी	0
emotional	इमोशनल	1
emotions	इमोशंस	1
empire	अंपायर	1
ems	ईएमएस	1
en	में	1
enable	इनेबल	1
enalog	एनालॉग	0
enamdar	ईनामदार	0
enclave	एनक्लेव	1
encoding	इनकोडिंग	1
encryption	एनक्रिप्शन	1
end	एंड	1
endless	एंडलेस	1
endorphin	एंडोर्फिन	1
energy	एनर्जी	1
enfield	एनफील्ड	1
engine	इंजन	1
engineer	इंजीनियर	1
engineering	इंजीनियरिंग	1
engineeron	इंजीनियरों	0
engineers	इंजिनियर्स	1
enginon	इंजनों	0
england	इंग्लैंड	1
english	इंग्लिश	1
enigma	एनिग्मा	1
enough	इनफ	1
ent	ईएनटी	1
entertainment	एंटरटेनमेंट	1
entry	एंट्री	1
eo	ईओ	0
eon	इयोन	1
epi	एपीआई	0
epic	एपिक	1
epilepsy	एपिलेप्सी	1
episode	एपिसोड	1
equity	इक्विटी	1
eran	एरन	0
erdogan	एर्डोगन	0
eri	एरी	0
eric	एरिक	1
ericsson	एरिक्सन	1
erina	एरिना	1
ernakulam	एरनाकुलम	0
ernst	एर्न्स्ट	1
erope	यूरोप	0
eros	इरोस	1
esa	एसा	0
escalator	एस्केलेटर	1
escobar	एस्कोबार	1
esha	एशा	0
eskimo	एस्किमो	1
esl	ईएसएल	0
esm	ईएसएम	0
espn	ईएसपीएन	1
espncricinfo	ईएसपीएनक्रिकइन्फो	0
essential	एसेंशियल	1
essex	एसेक्स	1
estate	एस्टेट	1
estonia	एस्टोनिया	1
estradiol	एस्ट्राडियोल	0
et	ईटी	1
etah	एटा	0
etawah	इटावा	0
ethanol	इथेनॉल	1
ethics	एथिक्स	1
ethiopia	इथियोपिया	1
etihaasik	एतिहासिक	0
etihasik	ऐतिहासिक	0
eton	इटन	1
etv	ईटीवी	0
euclid	यूक्लिड	1
eugene	यूजीन	1
eurasia	यूरेशिया	1
eureka	यूरेका	1
euro	यूरो	1
europa	यूरोपा	1
europe	यूरोप	1
europea	यूरोपिय	0
european	यूरोपियन	1
europiy	यूरोपीय	0
europiya	यूरोपिय	0
eva	ईवा	1
evam	एवं	0
evan	एवं	1
evans	इवांस	1
evarest	एवरेस्ट	0
eve	इव	1
event	इवेंट	1
eveready	एवरेडी	1
everest	एवरेस्ट	1
evidence	एविडेंस	1
evil	एविल	1
evm	एवं	0
evolution	एवोल्यूशन	1
evro	एवरो	0
exa	एक्सा	0
exchange	एक्सचेंज	1
executive	एक्ज़ीक्यूटिव	1
expendable	एक्सपेंडेबल	1
explain	एक्सप्लेन	1
expo	एक्सपो	1
export	एक्सपोर्ट	1
express	एक्सप्रेस	1
expression	एक्सप्रेशन	1
expressway	एक्सप्रेसवे	1
extension	एक्सटेंशन	1
extraction	एक्सट्रैक्शन	1
extreme	एक्सट्रीम	1
eye	आई	1
eyes	आईज	1
f	एफ़	1
faad	फाड़	0
faasla	फासला	0
fables	फेबल्स	1
face	फेस	1
facebook	फेसबुक	1
facility	फैसिलिटी	1
factor	फैक्टर	1
factoriyan	फैक्ट्रियां	0
factory	फैक्ट्री	1
facts	फैक्ट्स	1
faculty	फैकल्टी	1
fad	फाड़	1
fadak	फड़क	0
fadfadane	फड़फड़ाने	0
fafole	फफोले	0
fafund	फफूंद	0
fafundi	फफूंदी	0
fahad	फहद	0
fahe	फाहे	0
fahrakar	फहराकर	0
fahraya	फहराया	0
fail	फ़ैल	1
faila	फैला	0
failaanaa	फैलना	0
failaane	फैलाने	0
failaav	फैलाव	0
failaaye	फैलाए	0
failana	फैलाना	0
failane	फ़ैलाने	0
failani	फैलनी	0
failata	फैलाता	0
failate	फैलाते	0
failav	फैलाव	0
failaya	फैलाया	0
failaye	फैलाए	0
faile	फैले	1
faili	फैली	0
failna	फैलना	0
failne	फैलने	0
failte	फैलते	0
failti	फैलती	0
failure	फेल्यर	1
fair	फेयर	1
fairly	फेयरली	1
fairo	फैरो	0
fairwell	फेयरवेल	0
faisal	फैसल	1
faisale	फ़ैसले	0
faisalon	फ़ैसलों	0
faisla	फैसला	0
faisle	फैसले	0
faislon	फैसलों	0
faiyaj	फैयाज	0
faiyaz	फैयाज	0
faizabad	फैजाबाद	0
faizal	फैजल	0
fajal	फजल	0
fakkad	फक्कड़	0
fakt	फक्त	0
fal	फल	0
fala	फला	0
falahar	फलाहार	0
falahari	फलाहारी	0
falak	फलक	0
falaknuma	फलकनुमा	0
falan	फलन	0
falasvarup	फलस्वरूप	0
falat	फलत	0
falfool	फलफूल	0
falgun	फाल्गुन	0
fali	फली	0
falit	फलित	0
faliyon	फलियों	0
falkanar	फाल्कनर	0
falke	फाल्के	1
fall	फॉल	1
fallopian	फैलोपियन	1
falon	फलों	0
false	फाल्स	1
falswaroop	फलस्वरूप	0
falswarup	फलस्वरूप	0
faltu	फालतू	0
family	फैमिली	1
famous	फेमस	1
fan	फैन	1
fanaa	फना	0
fancy	फैंसी	1
fank	फंक	0
fankar	फनकार	0
fanning	फैनिंग	1
fans	फैन्स	1
fansi	फाँसी	0
fantasy	फैंटसी	1
far	फर	1
farah	फराह	1
farakka	फरक्का	0
faras	फारस	0
farat	फरात	0
fareb	फरेब	0
fargo	फ़ार्गो	1
farhad	फरहाद	0
farhan	फरहान	0
farid	फरीद	0
farida	फरीदा	0
faridabad	फरीदाबाद	0
faridpur	फरीदपुर	0
fariyadi	फरियादी	0
farjana	फरजाना	0
farji	फर्जी	0
fark	फर्क	0
farm	फ़ॉर्म	1
farman	फरमान	1
farmanon	फरमानों	0
farmaya	फरमाया	0
farook	फारुक	0
farooq	फारुक	0
farsh	फर्श	0
farshi	फर्शी	0
farsi	फारसी	1
fasad	फसाद	0
fasahat	फसाहत	0
fasal	फसल	0
fashion	फैशन	1
fashionable	फैशनेबल	1
fasi	फसी	0
fasivadi	फासीवादी	0
fasla	फासला	0
faslen	फसलें	0
faslon	फसलों	0
fast	फास्ट	1
fat	फैट	1
fatah	फतह	1
fatak	फाटक	0
fatan	फटन	0
fate	फटे	1
fateh	फतेह	1
fatehabad	फतेहाबाद	0
fatehi	फतेही	0
fatehpur	फतेहपुर	0
father	फादर	1
fatka	फटका	0
fatkar	फटकार	0
fatva	फतवा	0
fatve	फतवे	0
fauj	फौज	0
faujdar	फौजदार	0
fauji	फौजी	0
faujiya	फौजिया	0
faujiyon	फौजियों	0
fauladi	फौलादी	0
faulkner	फॉकनर	1
fauran	फ़ौरन	0
fax	फैक्स	1
fayadon	फायदों	0
fayde	फायदे	0
faydon	फायदों	0
fbi	एफबीआई	1
fbr	एफबीआर	0
fc	एफसी	0
fcc	एफसीसी	1
fda	एफडीए	1
fear	फीयर	1
feature	फीचर	1
features	फीचर्स	1
february	फरवरी	1
fed	फेड	1
federal	फेडरल	1
federation	फेडरेशन	1
feedback	फीडबैक	1
feelkhana	फीलखाना	0
fees	फीस	1
feet	फीट	1
feete	फीते	0
fefadon	फेफड़ों	0
fefdo	फेफडों	0
fekne	फेकने	0
fellowship	फैलोशिप	1
fema	फेमा	1
femina	फेमिना	1
fencing	फेंसिंग	1
feng	फेंग	1
fenk	फेंक	0
fenka	फेंका	0
fenkate	फेंकते	0
fenke	फेंके	0
fenki	फेंकी	0
fentana	फेंटना	0
fente	फेंटे	0
ferata	फेरता	0
ferbadal	फेरबदल	0
fere	फेरे	0
ferrer	फेरर	1
fertilizer	फर्टिलाइजर	1
fertilizers	फर्टिलाइजर्स	1
fest	फेस्ट	1
festival	फेस्टिवल	1
festivals	फेस्टिवल्स	1
fever	फीवर	1
fi	फाई	1
fiat	फिएट	1
fiber	फाइबर	1
fibrosis	फाइब्रोसिस	1
fichar	फीचर	0
fiction	फिक्शन	1
field	फ़ील्ड	1
fielder	फील्डर	1
fifa	फीफा	1
fifth	फिफ्थ	1
fight	फाइट	1
fighter	फाइटर	1
fiji	फिजी	1
fike	फीके	1
fiki	फीकी	0
filament	फिलामेंट	1
fild	फील्ड	0
file	फाइल	1
filein	फाइलें	0
filler	फिलर	1
film	फिल्म	1
filmai	फिल्माई	0
filmankan	फिल्मांकन	0
filmaya	फिल्माया	0
filmen	फिल्में	0
filmi	फिल्मी	0
filming	फिल्मिंग	1
filmkar	फिल्मकार	0
filmo	फिल्मों	0
filmon	फिल्मों	0
filmotsav	फिल्मोत्सव	0
films	फिल्म्स	1
filon	फाइलों	0
filter	फिल्टर	1
final	फाइनल	1
finaliston	फाइनलिस्टों	0
finals	फाइनल्स	1
finance	फाइनेंस	1
financial	फाइनेंशियल	1
finch	फिंच	1
find	फाइंड	1
fine	फाइन	1
finish	फिनिश	1
finisher	फिनिशर	1
finland	फिनलैंड	1
fir	फिर	1
firangi	फिरंगी	0
firangiyon	फिरंगियों	0
fire	फायर	1
firebrigade	फायरबिग्रेड	0
firefox	फायरफॉक्स	1
firestar	फायरस्टार	0
firing	फायरिंग	1
firm	फर्म	1
firmware	फर्मवेयर	1
firoj	फीरोज	0
firoz	फिरोज़	0
firozabad	फिरोजाबाद	0
firozpur	फिरोजपुर	0
first	फर्स्ट	1
firta	फिरता	0
fisadi	फीसदी	0
fisalna	फिसलना	0
fish	फिश	1
fisher	फिशर	1
fishers	फिशर्स	1
fit	फिट	1
fita	फीता	0
fitness	फिटनेस	1
five	फाइव	1
fixation	फिक्सेशन	1
fixed	फिक्स्ड	1
fixing	फिक्सिंग	1
flag	फ्लैग	1
flagship	फ्लैगशिप	1
flap	फ्लैप	1
flash	फ़्लैश	1
flat	फ़्लैट	1
flesh	फ्लैश	1
flexible	फ्लेक्सिबल	1
flick	फ्लिक	1
flide	फ़्लॉइड	0
flight	फ्लाइट	1
flightein	फ्लाइटें	0
flip	फ्लिप	1
floor	फ्लोर	1
flooring	फ्लोरिंग	1
flop	फ्लॉप	1
floppy	फ्लॉपी	1
flora	फ्लोरा	1
florence	फ्लोरेंस	1
florida	फ्लोरिडा	1
flot	फ्लोट	0
flows	फ्लोज	1
floyd	फ़्लॉइड	1
flu	फ्लू	1
flue	फ्लू	1
fluorine	फ्लोरीन	1
flute	फ्लूट	1
fly	फ्लाई	1
flying	फ्लाइंग	1
fm	एफएम	1
fo	रोग	0
foda	फोडा	0
fodana	फोड़ना	0
fodane	फोड़ने	0
fodate	फोड़ते	0
fodkar	फोड़कर	0
fok	फोक	0
folk	फोक	1
follower	फॉलोअर	1
font	फ़ॉन्ट	1
foo	फू	1
food	फूड	1
fool	फूल	1
fools	फूल्स	1
foot	फुट	1
footage	फुटेज	1
football	फुटबॉल	1
footballer	फुटबॉलर	0
for	फॉर	1
forbes	फोर्ब्स	1
force	फोर्स	1
ford	फोर्ड	1
fore	फोर	1
foreign	फारेन	1
forensic	फोरेंसिक	1
forest	फॉरेस्ट	1
forestry	फोरेस्ट्री	1
forex	फोरेक्स	1
fork	फोर्क	1
form	फॉर्म	1
format	फॉर्मेट	1
former	फॉर्मर	1
formon	फोरमों	0
formula	फार्मूला	1
fors	फारस	1
fort	फोर्ट	1
fortified	फोर्टीफाइड	1
fortune	फॉर्चून	1
forum	फोरम	1
forward	फॉरवर्ड	1
fossil	फॉसिल	1
foster	फॉस्टर	1
found	फाउंड	1
foundation	फाउंडेशन	1
foundry	फाउंड्री	1
four	फोर	1
fox	फॉक्स	1
fracture	फ्रैक्चर	1
frame	फ़्रेम	1
framework	फ्रेमवर्क	1
france	फ्रांस	1
franchise	फ़्रेंचाइज़ी	1
francis	फ्रांसिस	1
francisco	फ्रैंसिस्को	1
francisi	फ्रांसिसी	0
francisiyon	फ्रांसीसियों	0
francois	फ्रेंकोइस	1
frank	फ्रैंक	1
frankfurt	फ्रेंकफर्ट	1
franklin	फ्रैंकलिन	1
fransisi	फ्रांसिसी	0
frazer	फ्रेजर	1
fred	फ्रेड	1
fredi	फ्रेडी	0
fredrick	फ्रेडरिक	1
free	फ्री	1
freedom	फ्रीडम	1
freeman	फ्रीमैन	1
freestyle	फ्रीस्टाइल	1
freeway	फ्रीवे	1
freezer	फ्रीजर	1
freezing	फ्रीजिंग	1
french	फ्रेंच	1
frequency	फ्रिक्वेंसी	1
fresh	फ्रेश	1
freya	फ्रेया	1
frida	फ्रीडा	1
friday	फ्राइडे	1
fried	फ्रायड	1
friend	फ्रेंड	1
friendly	फ्रेंडली	1
friends	फ्रेंड्स	1
from	फ्रॉम	1
front	फ्रंट	1
frontal	फ्रंटल	1
frontier	फ्रंटियर	1
frontiers	फ्रंटियर्स	1
frozen	फ्रोजन	1
fructose	फ्रुक्टोज	1
fuel	फ्यूअल	1
fufa	फूफा	0
fuharon	फुहारों	0
fukuoka	फुकुओका	1
ful	फूल	0
fulan	फूलन	0
fulane	फुलाने	0
fule	फुले	0
fuliya	फुलिया	0
fulka	फुलका	0
full	फुल	1
fuller	फुलर	1
fund	फंड	1
fundamentals	फंडामेंटल्स	1
fungus	फंगस	1
funk	फंक	1
funky	फंकी	1
funsi	फुंसी	0
funtoosh	फंटूश	0
furat	फुरत	0
furniture	फर्नीचर	1
fursat	फुर्सत	0
furti	फुर्ती	0
furtila	फुर्तीला	0
fusfusate	फुसफुसाते	0
fuslakar	फुसलाकर	0
fut	फुट	0
futkar	फुटकर	0
future	फ़्यूचर	1
futuristic	फ्यूचरिस्टिक	1
fz	एफजेड	0
g	जी॰	1
gaa	गा	0
gaai	गाई	0
gaal	गाल	1
gaale	गाले	0
gaali	गाली	0
gaan	गान	0
gaana	गाना	0
gaane	गाने	0
gaanv	गाँव	0
gaaon	गाँव	0
gaati	गाती	0
gaay	गाय	0
gaban	गबन	0
gabbana	गब्बाना	0
gabriel	गेब्रियल	1
gaccha	गच्चा	0
gada	गदा	0
gadadhari	गदाधारी	0
gadana	गाड़ना	0
gadate	गाड़ते	0
gadbad	गड़बड़	0
gadbada	गड़बड़ा	0
gadbadi	गड़बड़ी	0
gadbadiyan	गड़बड़ियां	0
gadda	गड्ढा	0
gaddafi	गद्दाफी	0
gaddaron	गद्दारों	0
gaddha	गड्ढा	0
gaddhe	गड्ढे	0
gaddhon	गड्ढों	0
gaddi	गद्दी	0
gaderiya	गड़ेरिया	0
gadge	गाडगे	0
gadget	गेजेट	1
gadh	गढ़	0
gadha	गधा	0
gadhe	गधे	0
gadhepan	गाढ़ेपन	0
gadhi	गढ़ी	0
gadhne	गढ़ने	0
gadhon	गढ़ों	0
gadhpahara	गढ़पहरा	0
gadhwal	गढ़वाल	0
gadi	गाड़ी	0
gadisar	गड़ीसर	0
gadiya	गाड़िया	0
gadiyon	गाड़ियों	0
gadna	गाड़ना	0
gadne	गाड़ने	0
gadya	गद्य	0
gae	गए	1
gagan	गगन	1
gaganchumbi	गगनचुम्बी	0
gagandeep	गगनदीप	0
gagar	गागर	0
gahan	गहन	1
gahara	गहरा	0
gaharai	गहराई	0
gahare	गहरे	0
gahari	गहरी	0
gaharwar	गहरवार	0
gahe	गाहे	0
gahlaut	गहलौत	0
gahlot	गहलोत	0
gahmari	गहमरी	0
gahna	गहना	0
gahne	गहने	0
gahrati	गहराती	0
gai	गई	1
gaii	गई	0
gaikwad	गायकवाड	0
gail	गैल	1
gainda	गैंडा	0
gainde	गैंडे	0
gair	गैर	1
gairkanooni	गैरकानूनी	0
gairkanuni	गैरकानूनी	0
gairlabhkari	गैरलाभकारी	0
gairmaujud	गैरमौजूद	0
gairola	गैरोला	0
gairsarkari	गैरसरकारी	0
gais	गैस	0
gaison	गैसें	0
gaj	गज	0
gajak	गजक	0
gajal	गजल	0
gajanan	गजानन	0
gajar	गाजर	0
gaje	गाजे	0
gajendra	गजेंद्र	0
gajetiyar	गजेटियर	0
gajipur	गाजीपुर	0
gajlon	गजलों	0
gajraj	गजराज	0
gal	गल	1
gala	गला	1
galactic	गैलेक्टिक	1
galat	गलत	0
galaxy	गैलक्सी	1
gale	गले	1
galgali	गलगली	0
gali	गली	1
galileo	गैलीलियो	1
galina	गैलिना	1
galiyara	गलियारा	0
galiyare	गलियारे	0
galiyaron	गलियारों	0
galiyon	गलियों	0
galla	गल्ला	1
gallbladder	गॉलब्लैडर	1
galle	गल्ले	1
gallery	गैलरी	1
gallium	गैलियम	1
galti	गलती	0
galtiyon	गलतियों	0
gam	गम	0
gama	गामा	1
gaman	गमन	0
gambhir	गंभीर	0
gambhirta	गंभीरता	0
gamchha	गमछा	0
game	गेम	1
games	गेम्स	1
gaming	गेमिंग	1
gamini	गामिनी	0
gamle	गमले	0
gamlon	गमलों	0
gan	गण	1
gana	गाना	0
ganamanya	गणमान्य	0
ganana	गणना	0
gananaon	गणनाओं	0
ganapati	गणपती	0
ganatantra	गणतंत्र	0
ganavesh	गणवेश	0
ganda	गंदा	1
gande	गंदे	0
gandgi	गंदगी	0
gandgiyon	गंदगियों	0
gandh	गंध	0
gandhak	गंधक	0
gandhar	गांधार	0
gandhari	गांधारी	0
gandharv	गंधर्व	0
gandharvsen	गंधर्वसेन	0
gandhi	गांधी	1
gandhinagar	गांधीनगर	0
gandhivadi	गांधीवादी	0
gandi	गंदी	0
gandla	गंदला	0
gane	गाने	0
ganesh	गणेश	0
ganeshan	गणेशन	0
ganeshji	गणेशजी	0
ganeshotsav	गणेशोत्सव	0
ganeshpur	गणेशपुर	0
gang	गैंग	1
ganga	गंगा	0
gangaa	गंगा	0
gangadas	गंगादास	0
gangadhar	गंगाधर	0
ganganagar	गंगानगर	0
gangaram	गंगाराम	0
gangasagar	गंगासागर	0
gange	गंगे	1
gangoli	गंगोली	0
gangotri	गंगोत्री	0
gangster	गैंगस्टर	1
gangwa	गंगवा	0
gangwar	गंगवार	0
ganit	गणित	0
ganitagya	गणितज्ञ	0
ganitagyon	गणितज्ञों	0
ganitiya	गणितीय	0
ganiyari	गनियारी	0
ganj	गंज	0
ganje	गंजे	0
ganna	गणना	0
ganne	गन्ने	0
ganon	गानों	0
ganpat	गनपत	0
ganpati	गणपती	0
ganrajya	गणराज्य	0
gantavyon	गंतव्यों	0
ganv	गांव	0
ganva	गंवा	0
ganvke	गाँवके	0
ganwai	गंवाई	0
ganwani	गंवानी	0
gao	गाओ	1
gaon	गांव	0
gaonon	गांवों	0
gap	गैप	1
gappe	गप्पे	0
garage	गैरेज	1
garaj	गरज	0
garam	गरम	0
garami	गरमी	0
garba	गरबा	0
garbage	गार्बेज	1
garbh	गर्भ	0
garbhashay	गर्भाशय	0
garbhavastha	गर्भावस्था	0
garbhdharan	गर्भधारण	0
garbhpat	गर्भपात	0
garbhvati	गर्भवती	0
garbhwati	गर्भवति	0
garcia	गार्सिया	1
gardan	गर्दन	0
garden	गार्डेन	1
garfield	गारफील्ड	1
garg	गर्ग	1
gargacharya	गर्गाचार्य	0
gargi	गार्गी	0
garh	ग्रह	0
garhwal	गढ़वाल	0
garhwali	गढ़वाली	0
gari	गारी	1
garimamay	गरिमामय	0
garishth	गरिष्ठ	0
gariyaband	गरियाबंद	0
garja	गरजा	0
garjiya	गर्जिया	0
garlic	गार्लिक	1
garm	गर्म	0
garmagarmi	गर्मागर्मी	0
garmi	गर्मी	0
garmiyan	गर्मियां	0
garmiyon	गर्मियों	0
garmjoshi	गर्मजोशी	0
garnu	गर्नु	0
garo	गारो	1
gart	गर्त	0
garud	गरुड़	0
garv	गर्व	0
gary	गैरी	1
gas	गैस	1
gash	गश	1
gasht	गश्त	0
gashti	गश्ती	0
gasiy	गैसीय	0
gasoline	गैसोलीन	1
gason	गैसों	0
gastrointestinal	गैस्ट्रोइंटेस्टाइनल	1
gat	गत	1
gata	गाता	0
gate	गेट	1
gatekeeper	गेटकीपर	1
gates	गेट्स	1
gateway	गेटवे	1
gatha	गाथा	0
gathan	गठन	0
gathaon	गाथाओं	0
gathbandhan	गठबंधन	0
gathila	गठीला	0
gathili	गठीली	0
gathit	गठित	0
gathiya	गठिया	0
gathjod	गठजोड़	0
gati	गति	0
gatihin	गतिहीन	0
gatij	गतिज	0
gatiki	गतिकी	0
gatiman	गतिमान	0
gatirodh	गतिरोध	0
gatishilta	गतिशीलता	0
gatividhi	गतिविधि	0
gatividhiyan	गतिविधियाँ	0
gatividhiyo	गतिविधियों	0
gatividhiyon	गतिविधियों	0
gatiyon	गतियों	0
gatka	गतका	0
gaton	गेटों	0
gatte	गत्ते	0
gatthar	गट्ठर	0
gau	गौ	1
gaud	गौण	0
gauda	गौडा	0
gauge	गेज	1
gaughat	गऊघाट	0
gauhatya	गौहत्या	0
gaun	गौण	0
gaune	गौने	0
gaur	गौर	0
gauraiya	गौरैया	0
gaurang	गौरांग	0
gaurav	गौरव	0
gauravmayi	गौरवमयी	0
gauravpurna	गौरवपूर्ण	0
gauravshali	गौरवशाली	0
gaurhari	गौरहरि	0
gauri	गौरी	0
gauribazar	गौरीबाजार	0
gauriganj	गौरीगंज	0
gaurishankar	गौरीशंकर	0
gaurtalab	गौरतलब	0
gaus	गौस	1
gautam	गौतम	0
gautambuddha	गौतमबुद्ध	0
gautambuddhanagar	गौतमबुद्धनगर	0
gautami	गौतमी	0
gautra	गौत्र	0
gavahi	गवाही	0
gavahon	गवाहों	0
gavali	गवली	0
gavaskar	गावस्कर	0
gay	गे	1
gaya	गया	0
gayab	गायब	0
gayak	गायक	0
gayaki	गायकी	0
gayakon	गायकों	0
gayan	गायन	0
gayana	गयाना	0
gayasuddin	गयासुद्दीन	0
gayasur	गयासुर	0
gayatri	गायत्री	0
gaye	गए	1
gayenge	गायेंगे	0
gayi	गयी	0
gayika	गायिका	0
gayikaon	गायिकाओं	0
gayin	गयीं	0
gayon	गायों	0
gaza	गाज़ा	1
gazal	गजल	0
gazalon	गजलों	0
gazette	गेजेट	1
gazipur	गाज़ीपुर	0
gb	जीबी	0
gca	जीसीए	0
gdp	जीडीपी	1
gear	गियर	1
gec	जीईसी	0
geet	गीत	0
geeta	गीता	0
geetanjali	गीतांजलि	0
geetkar	गीतकार	0
geetkaron	गीतकारों	0
geeton	गीतों	0
gehlot	गेहलोत	0
gehne	गहने	0
gehra	गहरा	0
gehrai	गहराई	0
gehu	गेहूँ	0
gehun	गेहूं	0
gend	गेंद	0
gendbaaz	गेंदबाज	0
gende	गेंडे	0
genden	गेंदें	0
gendon	गेंदों	0
general	जनरल	1
generalon	जनरलों	0
generation	जनरेशन	1
generator	जेनरेटर	1
generic	जेनेरिक	1
genetic	जेनेटिक	1
genetically	जेनेटिकली	1
geneva	जेनेवा	1
genome	जिनोम	1
genre	जेनर	1
genus	जीनस	1
geoffrey	जेफ्री	1
geographic	ज्योग्राफिक	1
geography	जियोग्राफी	1
geometry	ज्योमेट्री	1
george	जॉर्ज	1
georgia	जॉर्जिया	1
gerard	जेरार्ड	1
german	जर्मन	1
germany	जर्मनी	1
germs	जर्म्स	1
geru	गेरू	0
gete	गेटे	0
geyser	गीजर	1
gh	जीएच	0
ghaat	घात	0
ghaati	घाटी	0
ghabra	घबरा	0
ghabrati	घबराती	0
ghabraya	घबराया	0
ghade	घड़े	0
ghadi	घड़ी	0
ghadiyalon	घड़ियालों	0
ghadiyon	घड़ियों	0
ghaghra	घाघरा	0
ghajini	गजनी	0
ghan	घन	0
ghana	घना	1
ghane	घने	0
ghani	घनी	0
ghanibhut	घनीभूत	0
ghanishth	घनिष्ठ	0
ghanshyam	घनश्याम	0
ghanta	घंटा	0
ghantaghar	घंटाघर	0
ghantanad	घंटानाद	0
ghante	घंटे	0
ghanti	घंटी	0
ghanton	घंटों	0
ghapla	घपला	0
ghar	घर	0
gharane	घराने	0
gharanon	घरानों	0
gharaunda	घरौंदा	0
gharelu	घरेलू	0
gharon	घरों	0
gharshan	घर्षण	0
ghasit	घसीट	0
ghasitate	घसीटते	0
ghasitne	घसीटने	0
ghat	घाट	0
ghata	घटा	0
ghatak	घटक	0
ghatakar	घटाकर	0
ghatampur	घाटमपुर	0
ghatana	घटाना	0
ghatanaasthal	घटनास्थल	0
ghatanaon	घटनाओं	0
ghatane	घटाने	0
ghatata	घटता	0
ghatate	घटते	0
ghatati	घटती	0
ghate	घाटे	0
ghatega	घटेगा	0
ghategi	घटेगी	0
ghati	घाटी	0
ghatit	घटित	0
ghatiya	घटिया	0
ghatiyon	घाटियों	0
ghatkar	घटकर	0
ghatkon	घटकों	0
ghatkopar	घाटकोपर	0
ghatna	घटना	0
ghatnaaon	घटनाओं	0
ghatnachakra	घटनाचक्र	0
ghatnakram	घटनाक्रम	0
ghatnakrm	घटनाक्रम	0
ghatnaon	घटनाओं	0
ghatnasthal	घटनास्थल	0
ghatnayen	घटनाएं	0
ghatne	घटने	0
ghaton	घाटों	0
ghatotkach	घटोत्कच	0
ghatprabha	घाटप्रभा	0
ghatti	घटती	0
ghav	घाव	0
ghavon	घावों	0
ghayal	घायल	0
ghaylon	घायलों	0
ghaziabad	गाजियाबाद	0
ghee	घी	1
ghengha	घेंघा	0
gher	घेर	0
ghera	घेरा	0
gherabandi	घेराबंदी	0
gherav	घेराव	0
ghere	घेरे	0
gherne	घेरने	0
gherta	घेरता	0
ghi	घी	0
ghimire	घिमिरे	0
ghinauna	घिनौना	0
ghir	घिर	0
ghira	घिरा	0
ghire	घिरे	0
ghiri	घिरी	0
ghirni	घिरनी	0
ghiror	घिरोर	0
ghisa	घीसा	0
ghoda	घोड़ा	0
ghode	घोड़े	0
ghodon	घोड़ों	0
ghol	घोल	0
ghola	घोला	0
gholen	घोलें	0
ghonghe	घोंघे	0
ghonsale	घोंसले	0
ghonsalon	घोंसलों	0
ghontkar	घोंटकर	0
ghor	घोर	0
ghorpade	घोरपड़े	0
ghosh	घोष	1
ghoshal	घोषाल	0
ghoshana	घोषणा	0
ghoshanapatr	घोषणापत्र	0
ghoshanapatron	घोषणापत्रों	0
ghoshit	घोषित	0
ghoshna	घोषणा	0
ghosi	घोसी	0
ghota	घोटा	0
ghotala	घोटाला	0
ghotale	घोटाले	0
ghran	घ्राण	0
ghrana	घराना	0
ghrina	घृणा	0
ghrinit	घृणित	0
ghrishneshwar	घृष्णेश्वर	0
ghrit	घृत	0
ghruna	घृणा	0
ghudsavar	घुड़सवार	0
ghudsavari	घुड़सवारी	0
ghughra	घूघरा	0
ghul	घुल	0
ghulansheel	घुलनशील	0
ghule	घुले	0
ghuli	घुली	0
ghulne	घुलने	0
ghum	घूम	0
ghuma	घुमा	0
ghumane	घुमाने	0
ghumanewale	घूमनेवाले	0
ghumata	घुमाता	0
ghumate	घुमाते	0
ghumav	घुमाव	0
ghumavdaar	घुमावदार	0
ghumaya	घुमाया	0
ghumi	घूमी	0
ghumkar	घूमकर	0
ghumman	घुम्मन	0
ghumna	घूमना	0
ghumne	घूमने	0
ghumta	घूमता	0
ghumte	घूमते	0
ghumti	घूमती	0
ghungharu	घुंघरू	0
ghunghat	घुंघट	0
ghunghrale	घुंघराले	0
ghurnan	घूर्णन	0
ghus	घुस	0
ghushma	घुश्मा	0
ghushmeshwar	घुश्मेश्वर	0
ghusi	घुसी	0
ghusne	घुसने	0
ghuste	घुसते	0
ghutna	घुटना	0
ghutne	घुटने	0
ghutnon	घुटनों	0
gibraltar	जिब्राल्टर	1
gibs	गिब्स	0
gibson	गिब्सन	1
giddh	गिद्ध	0
giddhon	गिद्धों	0
gift	गिफ्ट	1
giga	गीगा	0
gila	गीला	1
gilani	गिलानी	0
gilbart	गिलबर्ट	0
gild	गिल्ड	1
gilen	गिलेन	0
gilgit	गिलगिट	1
gilhari	गिलहरी	0
gili	गीली	0
giliyan	गिलियन	0
gill	गिल	1
gilmar	गिल्मर	0
gilmer	गिल्मर	1
gina	गिना	1
gine	गिने	0
ginen	गिनें	0
gini	गिनी	0
ginta	गिनता	0
ginti	गिनती	0
gip	जीआईपी	0
gippy	गिप्पी	0
gir	गिर	0
gira	गिरा	0
girae	गिराए	0
giraftar	गिरफ्तार	0
girane	गिराने	0
girao	गिराओ	0
girata	गिराता	0
girati	गिराती	0
giraudhpuri	गिरौधपुरी	0
giravat	गिरावट	0
giraya	गिराया	0
gird	गिर्द	1
girdharilal	गिरधारीलाल	0
gire	गिरे	1
girftar	गिरफ्तार	0
girftari	गिरफ्तारी	0
girftariyan	गिरफ्तारियां	0
girgit	गिरगिट	0
giri	गिरि	0
giridhar	गिरिधर	0
girija	गिरिजा	1
girijaghar	गिरिजाघर	0
giriraj	गिरिराज	0
girja	गिरजा	0
girje	गिरजे	0
girl	गर्ल	1
girna	गिरना	0
girnar	गिरनार	0
girne	गिरने	0
giroh	गिरोह	0
girta	गिरता	0
girte	गिरते	0
girvi	गिरवी	0
gis	जीआईएस	0
gisel	गिसेल	0
gitar	गिटार	0
gite	गीते	0
gitti	गिट्टी	0
glacier	ग्लेशियर	1
gladiator	ग्लैडिएटर	1
glani	ग्लानि	0
glass	ग्लास	1
glassgo	ग्लासगो	0
glasson	ग्लासों	1
glatiramer	ग्लाटिरामेर	0
glaucoma	ग्लूकोमा	1
glaxo	ग्लैक्सो	1
glen	ग्लेन	1
glide	ग्लाइड	1
glider	ग्लाइडर	1
glob	ग्लोब	1
global	ग्लोबल	1
globe	ग्लोब	1
glorious	ग्लोरियस	1
glycemic	ग्लाइसेमिक	1
glycerine	ग्लिसरीन	0
glycol	ग्लाइकोल	1
gmail	जीमेल	1
go	गो	1
goa	गोवा	1
goal	गोल	1
goat	गोट	1
gobar	गोबर	0
gobhi	गोभी	0
gobi	गोबी	1
gobind	गोबिंद	0
gobindgarh	गोबिंदगढ़	0
god	गोद	1
godaan	गोदान	0
godam	गोदाम	0
godan	गोदान	0
godavari	गोदावरी	0
goddard	गोडार्ड	1
godhara	गोधरा	0
godhuli	गोधूलि	0
godi	गोदी	0
godmother	गॉडमदर	1
godrej	गोदरेज	1
godse	गोडसे	0
goes	गोज	1
goga	गोगा	1
gogai	गोगई	0
gogaji	गोगाजी	0
gogo	गोगो	1
gohil	गोहिल	0
gokhale	गोखले	0
gokul	गोकुल	0
gokulanand	गोकुलानंद	0
gokuldham	गोकुलधाम	0
gol	गोल	0
gola	गोला	1
golaan	गोलान	0
golabari	गोलाबारी	0
golaee	गोलाई	0
golai	गोलाई	0
golakar	गोलाकार	0
golan	गोलान	1
golardh	गोलार्ध	0
golband	गोलबंद	0
gold	गोल्ड	1
goldberg	गोल्डबर्ग	1
golden	गोल्डन	1
golding	गोल्डिंग	1
goldy	गोल्डी	1
gole	गोले	0
golf	गोल्फ	1
goli	गोली	0
golibaari	गोलीबारी	0
golibari	गोलीबारी	0
goliyaan	गोलियां	0
goliyan	गोलियां	0
goliyon	गोलियों	0
golma	गोलमा	0
golmaal	गोलमाल	0
golmal	गोलमाल	0
golmatol	गोलमटोल	0
golmej	गोलमेज	0
golon	गोलों	0
golu	गोलू	0
goms	गोम्स	0
gomti	गोमती	0
gomukh	गोमुख	0
gond	गोंड	1
gonda	गोंडा	1
gondi	गोंडी	0
gondwana	गोंडवाना	1
gone	गोन	1
good	गुड	1
google	गूगल	1
gopa	गोपा	0
gopad	गोपद	0
gopal	गोपाल	1
gopalan	गोपालन	0
gopaldas	गोपालदास	0
gopalganj	गोपालगंज	0
gopalkrishna	गोपालकृष्ण	0
gopalkrishnan	गोपालकृष्णन	0
gopalprasad	गोपालप्रसाद	0
gopalpur	गोपालपुर	0
gopalpura	गोपालपुरा	0
gopashtami	गोपाष्टमी	0
gopeshwar	गोपेश्वर	0
gopi	गोपी	1
gopichandra	गोपीचंद्र	0
gopikrishan	गोपीकृष्ण	0
gopinath	गोपीनाथ	1
gopiyon	गोपियों	0
gopniya	गोपनीय	0
gopniyata	गोपनीयता	0
gora	गोरा	1
goradia	गोराडिया	0
gorakhdham	गोरखधाम	0
gorakhnath	गोरखनाथ	0
gorakhpur	गोरखपुर	0
goraksh	गोरक्ष	0
gorakshnath	गोरक्षनाथ	0
gore	गोरे	1
goregaon	गोरेगांव	0
gori	गोरी	1
gorilla	गोरिल्ला	1
goriya	गोरिया	0
gorkha	गोरखा	0
gorkhe	गोरखे	0
gosai	गोसाई	0
goshthiyan	गोष्ठियां	0
goswamiji	गोस्वामीजी	0
gota	गोता	0
gotakhor	गोताखोर	0
gotakhoron	गोताखोरों	0
gotam	गोतम	0
gote	गोटे	0
goth	गोठ	1
gothic	गोथिक	1
gotia	गोतिया	0
gotra	गोत्र	0
govardhan	गोवर्धन	0
govardhandas	गोवर्धनदास	0
governance	गवर्नेंस	1
governing	गवर्निंग	1
government	गवर्नमेंट	1
governor	गर्वनर	1
govil	गोविल	0
govind	गोविंद	0
govinda	गोविंदा	0
govindpur	गोविंदपुर	0
govindpuri	गोविंदपुरी	0
goya	गोया	1
goyanka	गोयंका	0
gps	जीपीएस	1
gpu	जीपीयू	0
gra	ग्रा	0
graam	ग्राम	0
grace	ग्रेस	1
grade	ग्रेड	1
graduate	ग्रेजुएट	1
graduation	ग्रेजुएशन	1
grah	ग्रह	0
grahak	ग्राहक	0
grahako	ग्राहकों	0
grahakon	ग्राहकों	0
graham	ग्राहम	1
grahan	ग्रहण	0
grahiy	ग्रहीय	0
grahkon	ग्राहकों	0
grahon	ग्रहों	0
grain	ग्रेन	1
gram	ग्राम	1
gramin	ग्रामीण	0
grammy	ग्रैमी	1
gramodyog	ग्रामोद्योग	0
gramon	ग्रामों	0
gramwasi	ग्रामवासी	0
gramy	ग्राम्य	0
gran	ग्रां	1
granado	ग्रेनेडों	1
grand	ग्रैंड	1
grant	ग्रांट	1
granth	ग्रन्थ	0
granthi	ग्रंथि	0
grantho	ग्रंथों	0
granthon	ग्रंथों	0
graph	ग्राफ	1
graphene	ग्राफीन	0
graphic	ग्राफिक	1
graphical	ग्राफिकल	1
graphics	ग्राफिक्स	1
graphite	ग्रेफाइट	1
gras	ग्रास	1
grasit	ग्रसित	0
grass	ग्रास	1
grast	ग्रस्त	0
graves	ग्रेव्स	1
gravity	ग्रैविटी	1
gravy	ग्रेवी	1
great	ग्रेट	1
greater	ग्रेटर	1
greatest	ग्रेटेस्ट	1
greece	ग्रीस	1
greed	ग्रीड	1
greek	ग्रीक	1
green	ग्रीन	1
greenfield	ग्रीनफील्ड	1
greenland	ग्रीनलैंड	1
gref	ग्रेफ	0
gregori	ग्रेगोरी	1
gregory	ग्रेगोरी	1
grenada	ग्रेनेडा	1
grenade	ग्रेनेड	1
grenoble	ग्रेनोबल	1
gret	ग्रेट	0
grewal	ग्रेवाल	1
grey	ग्रे	1
grid	ग्रिड	1
grierson	ग्रियर्सन	1
grih	गृह	0
grihasthashram	गृहस्थाश्रम	0
grihasthi	गृहस्थी	0
grihini	गृहिणी	0
grihiniyon	गृहिणियों	0
grihpravesh	गृहप्रवेश	0
grill	ग्रिल	1
grilled	ग्रिल्ड	1
grills	ग्रिल्स	1
grils	ग्रिल्स	0
grishm	ग्रीष्म	0
griva	ग्रीवा	0
groom	ग्रूम	1
groomsman	ग्रूम्समैन	0
ground	ग्राउंड	1
group	ग्रुप	1
groupon	ग्रुपों	0
groups	ग्रुप्स	1
grover	ग्रोवर	1
grow	ग्रो	1
growth	ग्रोथ	1
gruh	गृह	0
gruhan	गृहण	0
gruhani	गृहणी	0
gruhmantri	गृहमंत्री	0
gruhpravesh	गृहप्रवेश	0
grylls	ग्रिल्स	0
gst	जीएसटी	0
guam	गुआम	1
guangdong	ग्वांगडोंग	1
guarantee	गारंटी	1
guard	गार्ड	1
guardian	गार्जियन	1
guardians	गार्जियंस	1
guards	गार्ड्स	1
guatemala	ग्वाटेमाला	1
gubbara	गुब्बारा	0
gubbare	गुब्बारे	0
gucci	गूची	1
guda	गुदा	0
guddi	गुड्डी	0
guddu	गुड्डू	0
gudgudana	गुदगुदाना	0
gudgudane	गुदगुदाने	0
gudhal	गुड़हल	0
gudiya	गुड़िया	0
gudwane	गुदवाने	0
gufa	गुफा	0
gufanuma	गुफानुमा	0
gufaon	गुफाओं	0
gufayen	गुफाएं	0
gufi	गूफी	0
guide	गाइड	1
guiding	गाइडिंग	1
guild	गिल्ड	1
guilt	गिल्ट	1
guinness	गिनीज़	1
guitar	गिटार	1
gujara	गुज़ारा	0
gujaral	गुजराल	0
gujarat	गुजरात	1
gujarati	गुजराती	0
gujarish	गुजारिश	0
gujarna	गुजरना	0
gujarne	गुजरने	0
gujarta	गुजरता	0
gujarte	गुजरते	0
gujhiya	गुझिया	0
gujiya	गुजिया	0
gujral	गुजराल	0
gujranwala	गुजरांवाला	0
gujrati	गुजराती	0
gujre	गुजरे	0
gujrega	गुजरेगा	0
gul	गुल	1
gulab	गुलाब	0
gulabi	गुलाबी	0
gulal	गुलाल	0
gulam	गुलाम	0
gulami	गुलामी	0
gulamon	गुलामों	0
gular	गुलर	0
guldaste	गुलदस्ते	0
guleri	गुलेरी	0
gulf	गल्फ	1
gulfam	गुलफाम	0
gulivar	गुलिवर	0
guliver	गुलिवर	0
gulivers	गुलिवर्स	0
guliwar	गुलिवर	0
gulkand	गुलकंद	0
gulla	गुल्ला	1
gulliver	गुलिवर	1
gulmohar	गुलमोहर	0
gulzar	गुलज़ार	0
gum	गुम	1
gumbad	गुंबद	0
gumla	गुमला	0
gumnam	गुमनाम	0
gumrah	गुमराह	0
gumsum	गुमसुम	0
gun	गुण	1
guna	गुना	0
gunah	गुनाह	0
gunahgar	गुनाहगार	0
gunahon	गुनाहों	0
gunak	गुणक	0
gunan	गुणन	0
gunank	गुणांक	0
gunatmak	गुणात्मक	0
gunavatta	गुणवत्ता	0
gunbad	गुंबद	0
gunbadon	गुंबदों	0
gunda	गुंडा	0
gunde	गुंडे	0
gundharm	गुणधर्म	0
gundon	गुंडों	0
gundoshon	गुणदोषों	0
gungan	गुणगान	0
gungi	गूंगी	0
gungunahat	गुनगुनाहट	0
gungunane	गुनगुनाने	0
gungunaya	गुनगुनाया	0
gungune	गुनगुने	0
guni	गुणी	0
gunj	गूंज	0
gunjaish	गुंजाइश	0
gunjan	गुंजन	0
gunjane	गूंजने	0
gunjata	गूंजता	0
gunjate	गूंजते	0
guno	गुणों	0
gunon	गुणों	0
gunratn	गुणरत्न	0
gunsutra	गुणसूत्र	0
gunsutriy	गुणसूत्रीय	0
gunsutron	गुणसूत्रों	0
gunth	गूंथ	0
gunthe	गूंथे	0
gunthi	गुंथी	0
gunthkar	गूंथकर	0
guntur	गुंटूर	1
gunvatta	गुणवत्ता	0
gunvattapurn	गुणवत्तापूर्ण	0
gupt	गुप्त	0
guptangon	गुप्तांगों	0
guptchar	गुप्तचर	0
guptcharon	गुप्तचरों	0
gur	गुर	0
gurdas	गुरदास	0
gurdaspur	गुरदासपुर	0
gurde	गुर्दे	0
gurera	गुरेरा	0
gurgaon	गुड़गांव	0
gurilla	गुरिल्ला	0
gurjar	गुर्जर	0
gurmeet	गुरमीत	0
gurpreet	गुरप्रीत	0
guru	गुरु	1
gurubhakti	गुरुभक्ति	0
gurudas	गुरदास	0
gurudev	गुरुदेव	0
gurudwara	गुरुद्वारा	0
gurudware	गुरुद्वारे	0
gurukul	गुरुकुल	0
gurukulam	गुरुकुलम	0
gurung	गुरुंग	0
guruon	गुरुओं	0
gurur	गुरूर	0
gurusatta	गुरुसत्ता	0
gurushishy	गुरुशिष्य	0
gurutv	गुरुत्व	0
gurutvakarshan	गुरुत्वाकर्षण	0
gurutviy	गुरूत्वीय	0
guruwar	गुरुवार	0
gussa	गुस्सा	0
gussail	गुस्सैल	0
gussaye	गुस्साए	0
gusse	गुस्से	0
gustakhi	गुस्ताखी	0
gut	गुट	1
gutbaji	गुटबाजी	0
guton	गुटों	0
guwahati	गुवाहाटी	0
gwadar	ग्वादर	0
gwala	ग्वाला	0
gwale	ग्वाले	0
gwalior	ग्वालियर	0
gwar	ग्वार	0
gyaan	ज्ञान	0
gyaat	ज्ञात	0
gyan	ज्ञान	0
gyananand	ज्ञानानंद	0
gyanarjan	ज्ञानार्जन	0
gyani	ज्ञानी	0
gyanoday	ज्ञानोदय	0
gyanopadesh	ज्ञानोपदेश	0
gyanpeeth	ज्ञानपीठ	0
gyanpith	ज्ञानपीठ	0
gyanpur	ज्ञानपुर	0
gyanvapi	ज्ञानवापी	0
gyanvigyan	ज्ञानविज्ञान	0
gyapan	ज्ञापन	0
gyarah	ग्यारह	0
gyat	ज्ञात	0
gyata	ज्ञाता	0
gyataon	ज्ञाताओं	0
gym	जिम	1
gymkhana	जिमखाना	0
gymnasium	जिम्नेजियम	1
gymnastics	जिम्नास्टिक्स	1
gypsum	जिप्सम	1
h	एच	1
ha	ह	1
haal	हाल	0
haalat	हालत	0
haan	हान	1
haar	हार	1
haas	हास	1
haasil	हासिल	0
haat	हाट	0
haath	हाथ	0
haathon	हाथों	0
haav	हाव	0
habal	हबल	0
habib	हबीब	1
habiba	हबीबा	0
habibganj	हबीबगंज	0
habibulla	हबीबुल्ला	0
hacker	हैकर	1
hacking	हैकिंग	1
had	हद	1
hada	हाड़ा	1
hadappa	हड़प्पा	0
hadase	हादसे	0
haddi	हड्डी	0
haddiyan	हड्डियां	0
haddiyon	हडि्डयों	0
hadi	हादी	0
hadis	हदीस	0
hadpe	हड़पे	0
hadsa	हादसा	0
hadse	हादसे	0
hadtaal	हड़ताल	0
hadtal	हड़ताल	0
hadtalen	हड़तालें	0
hadtalon	हड़तालों	0
haemoglobin	हीमोग्लोबिन	0
hafiz	हाफिज	0
hafte	हफ्ते	0
hafton	हफ्तों	0
hag	हाग	1
haga	हागा	1
hai	है	0
haidari	हैदरी	0
haider	हैदर	1
haidergarh	हैदरगढ़	0
haidrabad	हैदराबाद	0
haim	हैं	1
hain	हैं	1
hair	हेयर	1
hairaan	हैरान	0
hairani	हैरानी	0
hairo	हैरो	0
haisiyat	हैसियत	0
haiti	हैती	1
haj	हज	0
hajaar	हजार	0
hajar	हजार	0
hajare	हजारे	0
hajari	हजारी	0
hajaribagh	हजारीबाग	0
hajarika	हजारिका	0
hajariprasad	हजारीप्रसाद	0
hajaro	हजारो	0
hajaron	हजारों	0
haji	हाजी	0
hajipur	हाजीपुर	0
hajir	हाजिर	0
hajiyon	हाजियों	0
hajma	हाजमा	0
hajrat	हजरत	0
hak	हक	0
hakdar	हकदार	0
hakdari	हकदारी	0
haki	हाकी	0
hakim	हाकिम	1
hakimon	हाकिमों	0
hakon	हकों	1
haksar	हक्सर	0
hal	हल	1
halaki	हालाकि	0
halal	हलाल	0
halanki	हालांकि	0
halat	हालत	0
halchal	हलचल	0
haldiram	हल्दीराम	0
haldvani	हल्द्वानी	0
haldwani	हल्द्वानी	0
halen	हेलन	1
half	हाफ	1
halfnama	हलफनामा	0
halka	हल्का	0
halke	हल्के	0
halki	हल्की	0
hall	हॉल	1
hallmark	हॉलमार्क	1
halls	हॉल्स	1
ham	हम	1
hamala	हमला	0
hamalavaron	हमलावरों	0
hamalon	हमलों	0
hamara	हमारा	0
hamare	हमारे	0
hamari	हमारी	0
hamburger	हैमबर्गर	1
hame	हमें	0
hamein	हमें	0
hamen	हमें	0
hamesha	हमेशा	0
hametite	हैमेटाइट	0
hami	हामी	0
hamid	हमीद	1
hamidullah	हमीदुल्लाह	0
hamilton	हैमिल्टन	1
hamir	हमीर	0
hamja	हम्ज़ा	0
hamko	हमको	0
hamla	हमला	0
hamlavaron	हमलावरों	0
hamle	हमले	0
hamlon	हमलों	0
hammer	हैमर	1
hammir	हम्मीर	0
hamse	हमसे	0
han	हान	1
hanan	हनन	1
hancock	हैनकॉक	1
hand	हैंड	1
handed	हैंडेड	1
handerson	हेंडरसन	0
handheld	हैंडहेल्ड	1
handle	हैंडल	1
handling	हैंडलिंग	1
hands	हैंड्स	1
handset	हैंडसेट	1
hanging	हैंगिंग	1
hangzhou	हांगझोऊ	0
hani	हानि	1
hanikarak	हानिकारक	0
hanish	हनीश	1
haniyon	हानियों	0
hans	हंस	1
hansi	हंसी	0
hanskar	हंसकर	0
hansne	हंसने	0
hanson	हंसों	1
hansraj	हंसराज	0
hansram	हंसराम	0
hansta	हंसता	0
hansti	हंसती	0
hanu	हनु	0
hanuman	हनुमान	0
hanumangarh	हनुमानगढ़	0
hanumant	हनुमंत	0
hanush	हानूश	0
happy	हैप्पी	1
haq	हक	1
har	हर	1
hara	हरा	1
haraa	हरा	0
harad	हरड़	0
harakar	हराकर	0
haram	हरम	0
haran	हरण	1
harate	हराते	0
harati	हराती	0
haraya	हराया	0
harbhajan	हरभजन	0
harbour	हार्बर	1
hard	हार्ड	1
hardayal	हरदयाल	0
hardev	हरदेव	0
hardik	हार्दिक	0
harding	हार्डिंग	1
hardoi	हरदोई	0
hardware	हार्डवेयर	1
hare	हरे	1
harek	हरेक	0
hareli	हरेली	0
hargij	हरगिज	0
hargiz	हरगिज़	0
hargobind	हरगोबिंद	0
hari	हरी	1
haridas	हरिदास	0
haridwar	हरिद्वार	0
harihar	हरिहर	0
harijanon	हरिजनों	0
harikesh	हरिकेश	0
harinam	हरिनाम	0
hariprasad	हरिप्रसाद	0
haripur	हरीपुर	0
harish	हरीश	0
harishchander	हरिशचंद्र	0
harishchandr	हरिशचंद्र	0
harishchandra	हरिशचंद्र	0
harit	हरित	0
harivansh	हरिवंश	0
hariyana	हरियाणा	0
hariyanvi	हरियाणवी	0
harj	हर्ज	0
harjeet	हरजीत	0
harjinder	हरजिंदर	0
harkat	हरकत	0
harkate	हरकते	0
harkaton	हरकतों	0
harleen	हरलीन	0
harley	हार्ले	1
harman	हर्मन	1
harmandir	हरमंदिर	0
harmeet	हरमीत	0
harmon	हार्मोन	1
harmukh	हरमुख	0
harnaut	हरनौत	0
harne	हारने	1
harni	हरनी	0
harper	हार्पर	1
harpers	हार्पर्स	1
harris	हैरिस	1
harrison	हैरिसन	1
harry	हैरी	1
harsh	हर्ष	1
harshdeep	हर्षदीप	0
harshnath	हर्षनाथ	0
harshvardhan	हर्षवर्धन	0
harsingar	हरसिंगार	0
hart	हार्ट	1
harun	हारून	0
harvard	हार्वर्ड	1
harvey	हार्वे	1
haryana	हरियाणा	1
haryani	हरयानी	0
harz	हर्ज	0
has	हास	1
hasan	हसन	1
hasanpur	हसनपुर	0
hase	हासे	1
haseena	हसीना	0
hashim	हाशिम	1
hashimoto	हाशिमोतो	1
hashiya	हाशिया	0
hashmi	हाशमी	1
hashtag	हैशटैग	1
hasil	हासिल	0
hasina	हसीना	0
hassanandani	हस्सनंदनी	0
hasta	हस्त	1
hastaakshar	हस्ताक्षर	0
hastakshar	हस्ताक्षर	0
hastaksharit	हस्ताक्षरित	0
hastaksharkartaon	हस्ताक्षरकर्ताओं	0
hastakshep	हस्तक्षेप	0
hastalekh	हस्तलेख	0
hastalikhit	हस्तलिखित	0
hastantaran	हस्तांतरण	0
hastantarit	हस्तांतरित	0
hastashilpa	हस्तशिल्प	0
hasti	हस्ती	0
hastinapur	हस्तिनापुर	0
hastings	हेस्टिंग्स	1
hastiyan	हस्तियां	0
hastiyon	हस्तियों	0
hastkshep	हस्तक्षेप	0
hastlikhit	हस्तलिखित	0
hastlipi	हस्तलिपि	0
hastmaithun	हस्तमैथुन	0
hastrekha	हस्तरेखा	0
hastshilp	हस्तशिल्प	0
hasya	हास्य	0
hasyaprad	हास्यप्रद	0
hasyapurna	हास्यपूर्ण	0
hasyaspad	हास्यास्पद	0
hat	हट	1
hata	हटा	1
hatahat	हताहत	0
hatahaton	हताहतों	0
hatakar	हटाकर	0
hatana	हटाना	0
hatane	हटाने	0
hatao	हटाओ	0
hatash	हताश	0
hatasha	हताशा	0
hatata	हटता	0
hatati	हटती	0
hataya	हटाया	0
hataye	हटाए	0
hatayen	हटाएं	0
hate	हाते	1
hath	हाथ	1
hatha	हाथा	0
hathauda	हथौड़ा	0
hathaude	हथौड़े	0
hatheli	हथेली	0
hatheliyon	हथेलियों	0
hathgola	हथगोला	0
hathgole	हथगोले	0
hathi	हाथी	0
hathini	हथिनी	0
hathiyaar	हथियार	0
hathiyar	हथियार	0
hathiyarband	हथियारबंद	0
hathiyaron	हथियारों	0
hathiyon	हाथियों	0
hathkargha	हथकरघा	0
hatho	हाथों	0
hathon	हाथों	0
hathras	हाथरस	0
hathyog	हठयोग	0
hatiya	हटिया	0
hatkar	हटकर	0
hatna	हटना	0
hatne	हटने	0
hatotsahit	हतोत्साहित	0
hatrick	हैट्रिक	1
hatte	हटते	0
hatvaya	हटवाया	0
hatwa	हटवा	0
hatya	हत्या	0
hatyakand	हत्याकांड	0
hatyaon	हत्याओं	0
hatyara	हत्यारा	0
hatyare	हत्यारे	0
hatyaron	हत्यारों	0
hauj	हौज	0
hausala	हौसला	0
hava	हवा	0
havai	हवाई	0
havaldar	हवलदार	0
havan	हवन	0
havana	हवाना	1
havaon	हवाओं	0
havbhav	हावभाव	0
havel	हवेल	1
haveli	हवेली	0
haven	हेवेन	1
havi	हावी	0
hawa	हवा	0
hawadar	हवादार	0
hawai	हवाई	0
hawala	हवाला	0
hawaldar	हवालदार	0
hawale	हवाले	0
haweli	हवेली	0
hawk	हॉक	1
hawwa	हव्वा	0
hayat	हयात	0
hayek	हायेक	1
hayes	हायेस	1
hazar	हजार	0
hazaribagh	हजारीबाग	0
hazir	हाजिर	0
hazrat	हजरत	0
hdfc	एचडीएफसी	0
hdmi	एचडीएमआई	0
he	हे	1
head	हेड	1
headed	हेडेड	1
headgear	हेडगियर	1
headphone	हेडफोन	1
healing	हीलिंग	1
health	हेल्थ	1
healthcare	हेल्थकेयर	1
hear	हिअर	1
heart	हार्ट	1
heat	हीट	1
heater	हीटर	1
heating	हीटिंग	1
heaven	हेवेन	1
heavy	हेवी	1
hebrew	हिब्रू	1
hector	हेक्टर	1
hedgewar	हेडगेवार	0
hedging	हेजिंग	1
hedron	हेड्रॉन	0
hee	ही	1
heen	हीन	0
heena	हिना	0
heenata	हीनता	0
heer	हीर	1
heet	हिट	0
hegel	हेगेल	1
heisenberg	हाइजनबर्ग	0
hel	हेल	0
hele	हेले	0
helen	हेलेन	1
helena	हेलेना	1
helicopter	हेलिकॉप्टर	1
helium	हिलियम	1
hello	हेलो	1
helmand	हेलमंद	0
helmet	हेलमेट	1
hema	हेमा	0
hemamalini	हेमामालिनी	0
hemanand	हेमानंद	0
hemant	हेमंत	1
hemchand	हेमचंद	0
hemchandra	हेमचंद्र	0
hemkaran	हेमकरन	0
hemlata	हेमलता	0
hemoglobin	हीमोग्लोबिन	1
hemorrhage	हैमरेज	1
hemu	हेमू	0
hen	हेन	1
henken	हेनकेन	1
henry	हेनरी	1
hera	हेरा	1
herbal	हर्बल	1
here	हिअर	1
herfer	हेरफेर	0
heritage	हेरिटेज	1
hero	हीरो	1
heroin	हेरोइन	1
heroine	हिरोइन	1
herold	हेरोल्ड	1
heron	हेरोन	1
heropanti	हीरोपंती	0
herpher	हेरफेर	0
hetu	हेतु	1
hey	हे	1
heyak	हेयक	0
hi	ही	1
hian	हैं	0
hibernation	हाइबरनेशन	1
hichki	हिचकी	0
hicks	हिक्स	1
hidayat	हिदायत	0
hide	हाइड	1
high	हाई	1
higher	हायर	1
highlights	हाइलाइट्स	1
highness	हाइनेस	1
highschool	हाईस्कूल	1
highspeed	हाईस्पीड	1
highway	हाईवे	1
hii	ही	0
hij	हिज	0
hijack	हाइजैक	1
hijade	हिजड़े	0
hijadon	हिजड़ों	0
hijari	हिजरी	0
hiki	हिकी	0
hiking	हाइकिंग	1
hil	हिल	0
hila	हिला	0
hilata	हिलाता	0
hilaya	हिलाया	0
hile	हिले	1
hilen	हिलें	0
hill	हिल	1
hillary	हिलेरी	1
hills	हिल्स	1
hilna	हिलना	0
hilton	हिल्टन	1
him	हिम	1
himachal	हिमाचल	0
himalay	हिमालय	0
himalaya	हिमालय	1
himalayan	हिमालयन	1
himani	हिमानी	0
himanshu	हिमांशु	0
himaskhalan	हिमस्खलन	0
himmat	हिम्मत	0
himnad	हिमनद	0
himoglobin	हीमोग्लोबिन	0
himpat	हिमपात	0
himskhalan	हिमस्खलन	0
himyug	हिमयुग	0
hin	हीं	0
hina	हिना	0
hinata	हीनता	0
hind	हिंद	1
hindi	हिन्दी	1
hindu	हिन्दू	1
hinduja	हिंदुजा	0
hinduo	हिंदुओं	0
hinduon	हिंदुओं	0
hindustan	हिन्दुस्तान	1
hindustani	हिंदुस्तानी	0
hing	हींग	1
hinglaj	हिंगलाज	0
hingot	हिंगोट	0
hinsa	हिंसा	0
hinsak	हिंसक	0
hinsatmak	हिंसात्मक	0
hip	हिप	1
hippie	हिप्पी	1
hippiyon	हिप्पियों	0
hippy	हिप्पी	0
hir	हीर	0
hira	हीरा	0
hiraben	हीराबेन	0
hirai	हिराई	1
hirak	हीरक	0
hirakhand	हीराखंड	0
hirakund	हीराकुंड	0
hiraman	हीरामन	0
hiranyakashipu	हिरण्यकशिपु	0
hirasat	हिरासत	0
hire	हीरे	1
hiren	हीरेन	0
his	हिज	1
hisab	हिसाब	0
hisar	हिसार	0
hisham	हिशम	1
hissa	हिस्सा	0
hissaa	हिस्सा	0
hisse	हिस्से	0
hissedar	हिस्सेदार	0
hissedari	हिस्सेदारी	0
hisso	हिस्सो	0
hisson	हिस्सों	0
history	हिस्ट्री	1
hit	हिट	1
hitaishi	हितैषी	0
hitaishiyon	हितैषियों	0
hitdharakon	हितधारकों	0
hitesh	हितेश	0
hitgrahiyon	हितग्राहियों	0
hitkari	हितकारी	0
hitler	हिटलर	1
hiton	हितों	0
hitopadesh	हितोपदेश	0
hits	हिट्स	1
hittite	हित्तिते	1
hiv	एचआईवी	1
hms	एचएमएस	0
ho	हो	1
hoardings	होर्डिंग्स	0
hobby	हॉबी	1
hobert	होबर्ट	1
hobs	हॉब्स	1
hockey	हॉकी	1
hod	होड़	0
hoga	होगा	0
hogan	होगन	1
hogi	होगी	0
hokar	होकर	0
holdings	होल्डिंग्स	1
hole	होल	1
holes	होल्स	1
holi	होली	0
holika	होलिका	0
holkar	होलकर	0
holland	हॉलैंड	1
hollywood	हॉलीवुड	1
holocaust	होलोकास्ट	1
hologram	होलोग्राम	1
home	होम	1
homeopathy	होम्योपैथी	1
homer	होमर	1
homes	होम्स	1
homework	होमवर्क	1
homi	होमी	0
homo	होमो	1
hon	हों	1
hona	होना	0
honda	होंडा	1
honduras	होंडुरास	1
hone	होने	1
honewala	होनेवाला	0
honewale	होनेवाले	0
honewali	होनेवाली	0
honewalon	होनेवालों	0
honey	हनी	1
honeymoon	हनीमून	1
hong	हाँग	1
honge	होंगे	0
hongi	होंगी	0
hongkong	हांगकांग	1
honhaar	होनहार	0
honi	होनी	0
honolulu	होनोलूलू	1
honours	ऑनर्स	0
honth	होंठ	0
hook	हुक	1
hooks	हुक्स	1
hoon	हूं	1
hop	होप	1
hope	होप	1
hopkins	हॉपकिंस	1
horizon	होराइजन	1
horizontal	हॉरिजॉन्टल	1
hormonal	हार्मोनल	1
hormone	हार्मोन	1
horn	हॉर्न	1
horror	हॉरर	1
horse	हॉर्स	1
hosh	होश	0
hoshiyar	होशियार	0
hoshiyarpur	होशियारपुर	0
hoskote	होसकोटे	0
hospital	हॉस्पिटल	1
host	होस्ट	1
hosting	होस्टिंग	1
hot	हॉट	1
hota	होता	0
hotal	होटल	0
hote	होते	1
hotel	होटल	1
hotelon	होटलों	0
hotels	होटल्स	1
hothon	होठों	0
hoti	होती	0
hotmail	हॉटमेल	1
hotspot	हॉटस्पॉट	1
hotstar	हॉटस्टार	0
hottest	होटेस्ट	1
hound	हाउंड	1
house	हाउस	1
housefull	हाउसफुल	0
household	हाउसहोल्ड	1
householder	हाउसहोल्डर	1
housing	हाउसिंग	1
houtan	हाउटन	0
hove	होव	1
hovercraft	होवरक्राफ्ट	1
howard	होवार्ड	1
howell	हॉवेल	1
howrah	हावड़ा	0
hoy	होय	1
hpcl	एचपीसीएल	0
hpv	एचपीवी	0
hrady	हृदय	0
hras	ह्रास	0
hriday	हृदय	0
hridyangam	हृदयंगम	0
hs	एचएस	0
hsi	एचएसआई	0
htc	एचटीसी	0
html	एचटीएमएल	1
http	एचटीटीपी	1
hu	हु	1
hua	हुआ	1
huaa	हुआ	0
huang	हुआंग	1
hub	हब	1
hubei	हुबेई	0
hudda	हुड्डा	0
huddang	हुड़दंग	0
hudhud	हुदहुद	0
hudson	हडसन	1
hue	हुए	1
hug	दृग	1
huge	ह्यूज	1
hugo	ह्यूगो	1
hui	हुई	1
huin	हुईं	0
hujjat	हुज्जत	0
hukam	हुकम	0
hukm	हुक्म	0
hukumat	हुकूमत	0
hulk	हल्क	1
hullad	हुल्लड़	0
hulsi	हुलसी	0
hum	हम	1
huma	हुमा	0
human	ह्यूमन	1
humare	हमारे	0
humayun	हुमायूं	0
hume	ह्यूम	1
humein	हमें	0
humko	हमको	0
humlog	हमलोग	0
humlogon	हमलोगों	0
humne	हमने	0
humpy	हंपी	0
humrahi	हमराही	0
humsafar	हमसफर	0
hun	हूं	1
hungal	हंगल	0
hungama	हंगामा	0
hungary	हंगरी	1
hunger	हंगर	1
hungry	हंगरी	1
hunkar	हुंकार	0
hunkari	हुंकारी	0
hunon	हूणों	0
hunt	हंट	1
hunter	हंटर	1
huraira	हुरैरा	0
huranga	हुरंगा	0
huron	हूरों	1
hurt	हर्ट	1
hurts	हर्ट्स	1
husain	हुसैन	1
husband	हसबैंड	1
hussain	हुसैन	1
hut	हट	1
hutatma	हुतात्मा	0
huti	हुती	0
hutu	हुतु	1
huvar	हूवर	0
huy	ह्यू	0
huye	हुए	0
huyi	हुयी	0
hyas	हृास	0
hybrid	हाइब्रिड	1
hyderabad	हैदराबाद	1
hydraulic	हाइड्रॉलिक	1
hydro	हाइड्रो	1
hydrocarbon	हाइड्रोकार्बन	1
hydrochloric	हाइड्रोक्लोरिक	0
hydrogen	हाइड्रोजन	1
hydrolic	हाइड्रोलिक	0
hydroxide	हाइड्राक्साइड	1
hye	हुए	1
hyena	हाइना	1
hyensang	ह्वेनसांग	0
hyogo	ह्योगो	1
hypersonic	हाइपरसोनिक	1
hypertension	हाइपरटेंशन	1
hypnotism	हिप्नोटिज्म	1
hypothermia	हाइपोथर्मिया	1
hypothyroidism	हाइपोथायरायडिज्म	0
hysteria	हिस्टीरिया	1
hyu	ह्यू	0
hyundai	हुंडई	1
hyuston	ह्यूस्टन	0
i	ई	1
iaf	आईएएफ	0
ians	आईएएनएस	0
ias	आईएएस	0
iba	आईबीए	1
ibadat	इबादत	0
ibadatein	इबादतें	0
ibarat	इबारत	0
ibm	आईबीएम	1
ibn	इब्न	1
ibna	इब्न	0
ibne	इब्ने	0
ibobi	इबोबी	0
ibp	आईबीपी	0
ibrahim	इब्राहिम	1
ibrahimpur	इब्राहिमपुर	0
ic	आईसी	0
icc	आईसीसी	0
iccha	इच्छा	0
icchha	इच्छा	0
icds	आईसीडीएस	0
ice	आइस	1
icecream	आइसक्रीम	0
iceland	आइसलैंड	1
ichashakti	इच्छाशक्ति	0
ichcha	इच्छा	0
ichchaon	इच्छाओं	0
ichchashakti	इच्छाशक्ति	0
ichchuk	इच्छुक	0
ichha	इच्छा	0
icici	आईसीआईसीआई	0
icing	आइसिंग	1
icl	आईसीएल	0
icon	आइकन	1
icp	आईसीपी	0
ict	आईसीटी	0
id	आईडी	1
idc	आईडीसी	0
idea	आइडिया	1
idfc	आईडीएफसी	0
idhan	इंधन	0
idhar	इधर	0
idiots	इडियट्स	1
idli	इडली	0
idlib	इदलिब	0
idol	आईडल	1
idols	आइडल्स	1
iec	आईईसी	0
ies	आईईएस	0
iftar	इफ्तार	0
igar	आइगर	0
igatpuri	इगतपुरी	0
iggy	इगी	0
iglesias	इग्लेसियस	1
ignu	इग्नू	0
iifa	आईफा	0
iim	आईआईएम	0
iis	इस	0
iit	आईआईटी	0
ijaad	इजाद	0
ijaajat	इजाज़त	0
ijaak	इजाक	0
ijaazat	इज़ाजत	0
ijajat	इज़ाजत	0
ijhaar	इजहार	0
ikai	इकाई	0
ikaiyon	इकाइयों	0
ikattha	इकट्ठा	0
ikiya	आइकिया	0
ikkatha	इक्कठा	0
ikkathe	इक्कठे	0
ikkis	इक्कीस	0
iklauta	इकलौता	0
iklauti	इकलौती	0
ikshvaku	इक्ष्वाकु	0
iksinga	इकसिंगा	0
iksinge	इकसिंगे	0
iksinghon	इकसिंगों	0
ilaaj	इलाज	0
ilaaka	इलाका	0
ilaakon	इलाकों	0
ilahabaad	इलाहाबाद	0
ilaj	इलाज	0
ilaka	इलाका	0
ilake	इलाके	0
ilako	इलाको	0
ilakon	इलाकों	0
iland	आईलेंड	0
ilaqo	इलाक़ों	0
ilhan	इल्हान	0
iltutmish	इल्तुतमिश	0
ilzaam	इल्ज़ाम	0
ima	आईएमए	0
imaan	ईमान	0
imaandari	ईमानदारी	0
imaarat	इमारत	0
imad	इमाद	0
imagery	इमेजरी	1
imagine	इमैजिन	1
imali	इमली	0
imam	इमाम	1
imambada	इमामबाड़ा	0
imambara	इमामबाड़ा	0
iman	इमान	1
imandaari	ईमानदारी	0
imandar	ईमानदार	0
imandari	ईमानदारी	0
imarat	इमारत	0
imarata	इमारत	0
imaraten	इमारतें	0
imarati	इमारती	0
imaraton	इमारतों	0
imarti	इमरती	0
imax	आईमैक्स	1
imd	आईएमडी	0
ime	आइऍमई	0
immigration	इमिग्रेशन	1
immune	इम्यून	1
immunology	इम्यूनोलॉजी	1
imperial	इंपीरियल	1
improving	इंप्रूविंग	1
imran	इमरान	0
imt	आईएमटी	0
in	इन	1
inam	इनाम	0
inamdar	ईनामदार	0
inayat	इनायत	0
inbox	इनबॉक्स	1
inch	इंच	1
incharge	इनचार्ज	0
inchi	इंची	0
incoming	इनकमिंग	1
incubator	इनक्यूबेटर	1
indar	इंदर	0
independence	इंडीपेंडेंस	1
independent	इंडीपेंडेंट	1
inder	इंदर	0
index	इंडेक्स	1
indhan	ईंधन	0
india	इंडिया	1
indian	इंडियन	1
indiana	इंडियाना	1
indians	इंडियंस	1
indic	इण्डिक	1
indica	इंडिका	1
indication	इंडिकेशन	1
indicators	इंडिकेटर्स	1
indies	इंडीज	1
indira	इंदिरा	1
indo	इंडो	1
indonesia	इंडोनेशिया	1
indoor	इनडोर	1
indore	इंदौर	0
indra	इंद्र	0
indraprasth	इंद्रप्रस्थ	0
indraprastha	इंद्रप्रस्थ	0
indresh	इंद्रेश	0
indriya	इंद्रिय	0
indriyon	इंद्रियों	0
indu	इंदु	0
indus	इंडस	1
indusind	इंडसइंड	0
industrial	इंडस्ट्रियल	1
industries	इंडस्ट्रीज	1
industry	इंडस्ट्री	1
inevitable	इनएविटेबल	1
infantry	इन्फैंट्री	1
infinity	इनफिनिटी	1
influenza	इन्फ्लूएंजा	1
information	इन्फॉर्मेशन	1
infrared	इंफ्रारेड	1
ing	आईएनजी	1
ingit	इंगित	0
inhaler	इन्हेलर	1
inhe	इन्हें	0
inhen	इन्हें	0
inhi	इन्हीं	0
inhin	इन्हीं	0
inhne	इन्हें	0
inhon	इन्हों	0
inhone	इन्होंने	0
inhonne	इन्होंने	0
initiative	इनिशिएटिव	1
injan	इंजन	0
injection	इंजेक्शन	1
ink	इंक	1
inka	इनका	0
inkaa	इनका	0
inkaar	इंकार	0
inkar	इनकार	0
inke	इनके	0
inki	इनकी	0
inko	इनको	0
inline	इनलाइन	1
inme	इनमें	0
inmein	इनमें	0
inmen	इनमें	0
innocent	इनोसेंट	1
innovation	इन्नोवेशन	1
inpar	इनपर	0
input	इनपुट	1
inputs	इनपुट्स	1
ins	आईएनएस	1
insaan	इंसान	0
insan	इंसान	0
insanon	इंसानों	0
inse	इनसे	0
insha	इंशा	0
inside	इनसाइड	1
inspector	इंस्पेक्टर	1
install	इंस्टाल	1
installation	इंस्टालेशन	1
institute	इंस्टिट्यूट	1
institution	इंस्टिट्यूशन	1
institutions	इंस्टीट्यूशंस	1
instructor	इंस्ट्रक्टर	1
instruments	इंस्ट्रुमेंट्स	1
int	इंट	0
inte	ईंटे	0
integration	इंटीग्रेशन	1
integrity	इंटीग्रिटी	1
intejaam	इंतजाम	0
intel	इंटेल	1
intelligence	इंटेलिजेंस	1
inten	ईंटें	0
inter	इंटर	1
interaction	इंटरेक्शन	1
interactive	इंटरैक्टिव	1
intercity	इंटरसिटी	1
interface	इंटरफेस	1
interior	इंटीरियर	1
interiors	इंटीरियर्स	1
intermediate	इंटरमीडिएट	1
international	इंटरनेशनल	1
internet	इंटरनेट	1
internship	इंटर्नशिप	1
interstate	इंटरस्टेट	1
interval	इंटरवल	1
interview	इंटरव्यू	1
intezaar	इंतजार	0
intimate	इंटिमेट	1
intraction	इंटरेक्शन	0
invasive	इनवेसिव	1
investers	इनवेस्टर्स	0
investing	इन्वेस्टिंग	1
investments	इन्वेस्टमेंट्स	1
investors	इनवेस्टर्स	1
invisible	इनविजिबल	1
iodide	आयोडाइड	1
iodine	आयोडीन	1
ip	आईपी	1
ipl	आईपीएल	0
ipo	आईपीओ	0
ips	आईपीएस	0
ipu	ईपू	0
iq	आईक्यू	1
ira	इरा	1
iraada	इरादा	0
irada	इरादा	0
irade	इरादे	0
iradon	इरादों	0
iran	ईरान	1
irana	ईरान	0
irani	ईरानी	1
iraniyon	ईरानियों	0
iraq	इराक	1
iraqi	इराकी	1
ird	इर्द	0
irdgird	इर्दगिर्द	0
ireland	आयरलैंड	1
irfan	इरफान	0
irish	आयरिश	1
irom	इरोम	0
iron	आयरन	1
irs	आईआरएस	1
irshaad	इरशाद	0
irshad	इरशाद	0
irshya	ईर्ष्या	0
irwin	इरविन	1
is	इस	1
isa	इस	1
isaac	इसाक	1
isaai	ईसाई	0
isaaiyat	ईसाइयत	0
isabel	इसाबेल	1
isabela	इसाबेला	0
isai	ईसाई	0
isaiyon	ईसाईयों	0
isak	इसाक	0
isaka	इसका	0
isake	इसके	0
isaki	इसकी	0
isamem	इसमें	0
isane	इसने	0
isase	इससे	0
isavi	इसवी	0
isbn	आईएसबीएन	1
ise	इसे	1
ish	ईश	1
isha	ईशा	0
ishaan	इशान	0
ishaaron	इशारों	0
ishak	इसहाक	0
ishan	ईशान	0
ishant	इशांत	0
ishninda	ईशनिंदा	0
ishq	इश्क	0
ishqbaaz	इश्कबाज	0
ishqiya	इश्किया	0
ishvar	ईश्वर	0
ishwar	ईश्वर	0
ishwari	ईश्वरी	0
ishwariy	ईश्वरीय	0
ishwariya	ईश्वरीय	0
isi	इसी	0
isiliye	इसीलिए	0
isis	आईएसआईएस	1
iska	इसका	0
iskaa	इसका	0
iskcon	इस्कॉन	0
iske	इसके	0
iski	इसकी	0
isko	इसको	0
isl	आइएसएल	0
islaam	इस्लाम	0
islam	इस्लाम	1
islamabad	इस्लामाबाद	1
islami	इस्लामी	1
islamic	इस्लामिक	1
islamiya	इस्लामिया	1
island	आइलैंड	1
islie	इसलिए	0
isliye	इसलिए	0
isme	इसमें	0
ismein	इसमें	0
ismem	इसमें	0
ismen	इसमें	0
isne	इसने	0
iso	आईएसओ	0
isolated	आइसोलेटेड	1
ispaat	इस्पात	0
ispar	इसपर	0
ispat	इस्पात	0
israel	इस्राइल	1
israeli	इजराइली	1
isro	इसरो	0
iss	आईएसएस	0
isse	इससे	0
issue	इशू	1
isteefa	इस्तीफा	0
istemaal	इस्तेमाल	0
istemal	इस्तेमाल	0
istifa	इस्तीफा	0
istrail	इस्राइल	0
isvi	ईस्वी	0
it	आईटी	1
italian	इटालियन	1
italy	इटली	1
itanagar	ईटानगर	0
itar	इतर	1
itava	इटावा	0
itc	आईटीसी	0
itch	इच	1
itf	आईटीएफ	0
itihaas	इतिहास	0
itihaaskaar	इतिहासकार	0
itihaaskaaron	इतिहासकारों	0
itihaason	इतिहासों	0
itihas	इतिहास	0
itihaskar	इतिहासकार	0
itminaan	इत्मीनान	0
itna	इतना	0
itne	इतने	0
itni	इतनी	0
itra	इत्र	0
ittefaq	इत्तेफाक	0
itti	इत्ती	0
itunes	आइट्यून्स	1
itv	आईटीवी	0
ityaadi	इत्यादि	0
ityadi	इत्यादि	0
iv	आइवी	0
ivan	इवान	1
ivanov	इवानोव	1
iyan	इयान	0
izaafaa	इज़ाफ़ा	0
izhaar	इजहार	0
j	जे	1
ja	जा	1
jaa	जा	0
jaadon	जाड़ों	0
jaadui	जादुई	0
jaag	जाग	0
jaage	जागे	0
jaagi	जागी	0
jaagruk	जागरूक	0
jaaiye	जाइए	0
jaakar	जाकर	0
jaake	जाके	0
jaakir	जाकिर	0
jaal	जाल	0
jaalghar	जालघर	0
jaaliyon	जालियों	0
jaam	जाम	0
jaamner	जामनेर	0
jaamun	जामुन	0
jaan	जान	1
jaana	जाना	0
jaanboojh	जानबूझ	0
jaanbujh	जानबूझ	0
jaanch	जांच	0
jaanchne	जांचने	0
jaane	जाने	0
jaanemaane	जानेमाने	0
jaangh	जांघ	0
jaanghon	जांघों	0
jaani	जानी	0
jaanimaani	जानीमानी	0
jaaniye	जानिये	0
jaankar	जानकर	0
jaankari	जानकारी	0
jaanmaal	जानमाल	0
jaante	जानते	0
jaanti	जानती	0
jaanwar	जानवर	0
jaaoge	जाओगे	0
jaap	जाप	0
jaapani	जापानी	0
jaari	जारी	0
jaasusi	जासूसी	0
jaat	जाट	0
jaata	जाता	0
jaataa	जाता	0
jaatak	जातक	0
jaate	जाते	0
jaati	जाती	0
jaatigat	जातिगत	0
jaatiy	जातीय	0
jaatiyan	जातियां	0
jaaton	जाटों	0
jaavitri	जावित्री	0
jaay	जाय	0
jaaye	जाए	0
jaayega	जाएगा	0
jaayegi	जाएगी	0
jaayen	जाएं	0
jaayenge	जायेंगे	0
jaaykedar	जायकेदार	0
jab	जब	1
jaba	जब	0
jabade	जबड़े	0
jabadon	जबड़ों	0
jabalpur	जबलपुर	0
jabaradast	जबरदस्त	0
jabaran	जबरन	0
jabardast	जबरदस्त	0
jabardasti	जबरदस्ती	0
jabde	जबड़े	0
jabera	जबेरा	0
jabik	जबिक	0
jabki	जबकि	0
jabran	जबरन	0
jabt	जब्त	0
jabtak	जबतक	0
jack	जैक	1
jacket	जैकेट	1
jackets	जैकेट्स	1
jacob	जैकब	1
jad	जड़	0
jadaa	जड़ा	0
jadane	जड़ने	0
jadda	जड़ा	0
jadhav	जाधव	0
jadibuti	जड़ीबूटी	0
jadmool	जड़मूल	0
jadmul	जड़मूल	0
jadne	जड़ने	0
jadon	जाड़ों	0
jadugar	जादूगर	0
jadugarni	जादूगरनी	0
jadugaron	जादूगरों	0
jadui	जादूई	0
jae	जाए	1
jaega	जाएगा	0
jaegi	जाएगी	0
jaenge	जाएंगे	0
jafar	जफर	0
jag	जग	0
jaga	जगा	0
jagaa	जगा	0
jagaane	जगाने	0
jagadguru	जगद्गुरु	0
jagah	जगह	0
jagaho	जगहों	0
jagahon	जगहों	0
jagajjanani	जगज्जननी	0
jagane	जगाने	0
jaganmohan	जगनमोहन	0
jagannath	जगन्नाथ	0
jagannathan	जगन्नाथन	0
jagannathpuri	जगन्नाथपुरी	0
jagaruk	जागरूक	0
jagarukata	जागरूकता	0
jagat	जगत	0
jagata	जगता	0
jagate	जागते	0
jagati	जगती	0
jagdalpur	जगदलपुर	0
jagdamba	जगदंबा	0
jagdeep	जगदीप	0
jagdeesh	जगदीश	0
jagdev	जगदेव	0
jagdish	जगदीश	1
jage	जागे	0
jagegi	जागेगी	0
jaggi	जग्गी	0
jaghon	जगहों	0
jagi	जागी	0
jagir	जागीर	0
jagirdar	जागीरदार	0
jagiron	जागीरों	0
jagjit	जगजीत	0
jagjivan	जगजीवन	0
jagmagaa	जगमगा	0
jagmagaahat	जगमगाहट	0
jagmohan	जगमोहन	0
jagna	जगना	0
jagpal	जगपाल	0
jagran	जागरण	0
jagrani	जगरानी	0
jagrat	जाग्रत	0
jagruk	जागरूक	0
jagrukta	जागरूकता	0
jagvir	जगवीर	0
jaha	जहां	0
jahaj	जहाज	0
jahaji	जहाजी	0
jahajon	जहाजों	0
jaham	जहाँ	0
jahan	जहां	0
jahanabad	जहानाबाद	0
jahanara	जहाँनारा	0
jahangir	जहांगीर	0
jahannum	जहन्नुम	0
jahazon	जहाज़ों	0
jahir	जाहिर	0
jahira	जाहिरा	0
jahreele	जहरीले	0
jahrile	जहरीले	0
jai	जै	1
jaichand	जयचंद	0
jaidev	जयदेव	0
jaidi	जैदी	0
jaie	जई	0
jail	जेल	1
jailon	जेलों	0
jaimangla	जयमंगला	0
jain	जैन	1
jainab	जैनब	0
jaindharam	जैनधर्म	0
jaindharm	जैनधर्म	0
jainendra	जैनेंद्र	0
jainse	जैंसे	0
jaipal	जयपाल	0
jaipur	जयपुर	0
jairam	जयराम	0
jais	जैस	0
jaisa	जैसा	0
jaisalmer	जैसलमेर	0
jaise	जैसे	0
jaish	जैश	0
jaisi	जैसी	0
jaisingh	जयसिंह	0
jaitley	जेटली	0
jaitun	जैतून	0
jaiv	जैव	0
jaivik	जैविक	0
jaivvividhtaa	जैवविविधता	0
jaiye	जाइए	0
jajba	जज़्बा	0
jajbaa	जज्बा	0
jajbaati	जज्बाती	0
jajbaaton	जज्बातों	0
jajbati	जज्बाती	0
jajbaton	जज्बातों	0
jajmaan	जजमान	0
jakar	जाकर	0
jakarta	जकार्ता	1
jake	जाके	1
jakhad	जाखड़	0
jakhira	जखीरा	0
jakhmon	ज़ख्मों	0
jakir	ज़ाकिर	0
jal	जल	0
jala	जला	0
jalaa	जला	0
jalaabhishek	जलाभिषेक	0
jalaal	जलाल	0
jalaashay	जलाशय	0
jalabhishek	जलाभिषेक	0
jalagar	जलागार	0
jalai	जलाई	0
jalakar	जलाकर	0
jalal	जलाल	0
jalalabad	जलालाबाद	1
jalali	जलाली	0
jalaluddin	जलालुद्दीन	0
jalamsingh	जालमसिंह	0
jalan	जलन	0
jalandhar	जालंधर	0
jalane	जलाने	0
jalapurti	जलापूर्ति	0
jalashay	जलाशय	0
jalashayon	जलाशयों	0
jalate	जलाते	0
jalaun	जालौन	0
jalaur	जालौर	0
jalavan	जलावन	0
jalaya	जलाया	0
jalaye	जलाए	0
jalayen	जलाएं	0
jalchar	जलचर	0
jald	जल्द	0
jaldamrumadhya	जलडमरूमध्य	0
jaldasyu	जलदस्यु	0
jaldbaji	जल्दबाजी	0
jaldbazi	जल्दबाजी	0
jaldhara	जलधारा	0
jaldharaon	जलधाराओं	0
jaldharayen	जलधाराएं	0
jaldi	जल्दी	0
jale	जले	0
jalebi	जलेबी	0
jalegi	जलेगी	0
jaleshwar	जलेश्वर	0
jalgrahan	जलग्रहण	0
jali	जाली	0
jalidar	जालीदार	0
jaliy	जलीय	0
jaliyon	जालियों	0
jaljanit	जलजनित	0
jalkar	जलकर	0
jallad	जल्लाद	0
jalladon	जल्लादों	0
jalmagn	जलमग्न	0
jalmarg	जलमार्ग	0
jalna	जलना	0
jalne	जलने	0
jaloos	जलूस	0
jalore	जालौर	0
jalpan	जलपान	0
jalpari	जलपरी	0
jalpraday	जलप्रदाय	0
jalpralay	जलप्रलय	0
jalprapat	जलप्रपात	0
jalprlay	जलप्रलय	0
jalse	जलसे	0
jalseema	जलसीमा	0
jalsima	जलसीमा	0
jalstar	जलस्तर	0
jalstrot	जलस्त्रोत	0
jalta	जलता	0
jalti	जलती	0
jalus	जलूस	0
jalvahi	जलवाही	0
jalvashp	जलवाष्प	0
jalvayu	जलवायु	0
jalviduyat	जलविद्युत	0
jalvidyut	जलविद्युत	0
jalyaan	जलयान	0
jalyan	जलयान	0
jam	जैम	1
jama	जमा	1
jamaa	जमा	0
jamaal	जमाल	0
jamaana	जमाना	0
jamaanat	जमानत	0
jamaane	जमाने	0
jamaat	जमात	0
jamaavadaa	जमावड़ा	0
jamaavade	जमावड़े	0
jamaavadon	जमावड़ों	0
jamaavat	जमावट	0
jamaica	जमैका	1
jamakar	जमाकर	0
jamakarta	जमाकर्ता	0
jamalapur	जमालपुर	0
jamali	जमाली	0
jamalpur	जमालपुर	0
jamana	जमाना	0
jamanat	जमानत	0
jamanati	जमानती	0
jamane	जमने	0
jamani	जमानी	0
jamat	जमात	0
jamata	जमता	0
jamataa	जमता	0
jamate	जमते	0
jamav	जमाव	0
jamavada	जमावड़ा	0
jamavade	जमावड़े	0
jamavadon	जमावड़ों	0
jamavat	जमावट	0
jambheshwar	जंभेश्वर	0
jame	जमे	0
jamee	जमी	0
jameela	जमीला	0
jameen	जमीन	0
jameeni	जमीनी	0
james	जेम्स	1
jami	जमी	1
jamia	जामिया	0
jamil	जमील	0
jamila	जमीला	1
jamin	जमीन	0
jamindaari	जमींदारी	0
jamindar	जमींदार	0
jamindaron	जमींदारों	0
jaminen	जमीनें	0
jamini	जमीनी	0
jamir	जमीर	0
jamiyat	जमियत	0
jamkar	जमकर	0
jammu	जम्मू	1
jamnagar	जामनगर	0
jamne	जमने	0
jamner	जामनेर	0
jamtada	जामताड़ा	0
jamte	जमते	0
jamun	जामुन	0
jamuna	जमुना	0
jamvant	जामवंत	0
jamvanti	जामवंती	0
jamwaramgarh	जमवारामगढ़	0
jan	जन	1
jana	जाना	1
janaadhikaar	जनाधिकार	0
janahit	जनहित	0
janajatiye	जनजातीय	0
janaje	जनाजे	0
janak	जनक	1
janakarosh	जनाक्रोश	0
janaki	जानकी	0
janakpur	जनकपुर	0
janam	जन्म	0
janamejaya	जनमेजय	0
janamorcha	जनमोर्चा	0
janan	जनन	0
jananayakon	जननायकों	0
janane	जानने	0
janani	जननी	0
janardan	जनार्दन	0
janasamuh	जनसमूह	0
janasankhya	जनसंख्या	0
janasevakon	जनसेवकों	0
janashruti	जनश्रुति	0
janata	जनता	1
janataa	जनता	0
janaze	जनाजे	0
janbhagidari	जनभागीदारी	0
janbujh	जानबूझ	0
janch	जांच	0
janchkartaon	जांचकर्ताओं	0
janchon	जांचों	0
janchta	जांचता	0
jane	जाने	1
janemane	जानेमाने	0
janen	जानें	0
janet	जनेट	1
janeu	जनेऊ	0
janevala	जानेवाला	0
janevale	जानेवाले	0
janevali	जानेवाली	0
jangade	जांगड़े	0
jangali	जंगली	0
jangalon	जंगलों	0
jangh	जांघ	0
janghon	जांघों	0
jangipur	जंगीपुर	0
jangli	जंगली	0
janglon	जंगलों	0
janhit	जनहित	0
janimani	जानीमानी	0
janit	जनित	0
janiye	जानिये	0
janjaati	जनजाति	0
janjaatiy	जनजातीय	0
janjati	जनजाति	0
janjatiyon	जनजातियों	0
jankar	जानकर	0
jankari	जानकारी	0
jankipuram	जानकीपुरम	0
janleva	जानलेवा	0
janlokpal	जनलोकपाल	0
janm	जन्म	0
janma	जन्म	0
janmaa	जन्मा	0
janmaanas	जनमानस	0
janmadata	जन्मदाता	0
janmadin	जन्मदिन	0
janmadivas	जन्मदिवस	0
janmajaat	जन्मजात	0
janmal	जानमाल	0
janmanas	जनमानस	0
janmane	जन्मने	0
janmapatri	जन्मपत्री	0
janmat	जनमत	0
janmdata	जन्मदाता	0
janmdin	जन्मदिन	0
janme	जन्मे	0
janmen	जन्में	0
janmi	जन्मी	0
janmjaat	जन्मजात	0
janmjat	जन्मजात	0
janmon	जन्मों	0
janmorcha	जनमोर्चा	0
janmotsav	जन्मोत्सव	0
janmpatri	जन्मपत्री	0
janmtithi	जन्मतिथि	0
jannati	जन्नती	0
jannayakon	जननायकों	0
janon	जनों	0
janpad	जनपद	0
janpadon	जनपदों	0
janpratinidhi	जनप्रतिनिधि	0
janprtinidhi	जनप्रतिनिधि	0
jansahyog	जनसहयोग	0
jansamanye	जनसामान्य	0
jansampark	जनसंपर्क	0
jansankhya	जनसंख्या	0
jansankhyaa	जनसंख्या	0
jansatta	जनसत्ता	0
jansevakon	जनसेवकों	0
janshakti	जनशक्ति	0
janshikayat	जनशिकायत	0
janta	जनता	0
jantantr	जनतंत्र	0
jantantra	जनतंत्र	0
jantantrik	जनतांत्रिक	0
jantar	जंतर	0
jante	जानते	0
janti	जानती	0
jantu	जंतु	0
jantuon	जंतुओं	0
january	जनवरी	1
janvad	जनवाद	0
janvadi	जनवादी	0
janvar	जानवर	0
janvaron	जानवरों	0
janwar	जानवर	0
jaoge	जाओगे	0
jap	जप	1
japan	जापान	1
japani	जापानी	0
japaniyon	जापानियों	0
jar	जार	1
jara	जरा	1
jarasandh	जरासंध	0
jaratkaru	जरत्कारु	0
jarhe	जारहे	0
jari	जारी	0
jarie	जरिए	0
jariya	जरिया	0
jariye	जरिए	0
jarjar	जर्जर	0
jarnail	जरनैल	0
jaroor	जरुर	0
jaroorat	जरूरत	0
jarooratmand	जरुरतमंद	0
jarooraton	जरूरतों	0
jaroori	जरूरी	0
jarsiyon	जर्सियों	0
jarur	जरुर	0
jarurat	जरूरत	0
jaruraten	जरूरतें	0
jaruratmand	जरुरतमंद	0
jaruratmandon	जरूरतमंदों	0
jarurato	जरूरतों	0
jaruraton	जरूरतों	0
jaruri	जरूरी	0
jarvis	जार्विस	1
jas	जस	1
jasbeer	जसबीर	0
jasdev	जसदेव	0
jashn	जश्न	0
jasjeet	जसजीत	0
jaskaran	जसकरण	0
jasleen	जसलीन	0
jasol	जसोल	0
jason	जेसन	1
jasoosi	जासूसी	0
jaspur	जसपुर	0
jasraaj	जसराज	0
jasrana	जसराना	0
jassa	जस्सा	0
jasta	जस्ता	0
jastaa	जस्ता	0
jaste	जस्ते	0
jasusi	जासूसी	0
jasvant	जसवंत	0
jaswant	जसवंत	0
jata	जाता	0
jataa	जटा	0
jataate	जताते	0
jatak	जातक	0
jatako	जातकों	0
jatakon	जातकों	0
jatara	जतारा	0
jatata	जताता	0
jatate	जताते	0
jatav	जाटव	0
jatayu	जटायु	0
jate	जाते	0
jatee	जाती	0
jathar	जठर	0
jati	जाती	0
jatigat	जातिगत	0
jatil	जटिल	0
jatilata	जटिलता	0
jatin	जतिन	0
jatiy	जातीय	0
jatiya	जातियाँ	0
jatiyan	जातियां	0
jatiyata	जातीयता	0
jatiyon	जातियों	0
jatkon	जातकों	0
jaton	जाटों	0
jattha	जत्था	0
jatthe	जत्थे	0
jaunpur	जौनपुर	0
java	जावा	1
javab	जवाब	0
javabdeh	जवाबदेह	0
javabdehi	जवाबदेही	0
javabi	जवाबी	0
javahar	जवाहर	0
javani	जवानी	0
javascript	जावास्क्रिप्ट	1
javed	जावेद	0
javitri	जावित्री	0
jaw	जॉ	1
jawab	जवाब	0
jawahar	जवाहर	0
jawaharlal	जवाहरलाल	0
jawan	जवान	0
jawani	जवानी	0
jay	जाय	1
jaya	जाया	1
jayad	जायद	0
jayadratha	जयद्रथ	0
jayanand	जयानंद	0
jayant	जयंत	0
jayanti	जयंती	0
jayantilal	जयंतीलाल	0
jayantiya	जयंतिया	0
jayasi	जायसी	0
jayasurya	जयसूर्या	0
jayaswal	जायसवाल	0
jayate	जायते	0
jaydad	जायदाद	0
jaydev	जयदेव	0
jaye	जाये	1
jayega	जाएगा	0
jayegaa	जाएगा	0
jayegi	जाएगी	0
jayen	जायें	0
jayenge	जायेंगे	0
jayengi	जाएंगी	0
jaykedar	जायकेदार	0
jaynagar	जयनगर	0
jayshree	जयश्री	0
jaysingh	जयसिंह	0
jazz	जैज़	1
jb	जब	0
jc	जेसी	0
jd	जेडी	0
je	के	1
jean	जीन	1
jeb	जेब	1
jeddah	जद्दा	0
jee	जी	1
jeed	जिद	0
jeen	जीण	0
jeene	जीने	0
jeep	जीप	1
jeernasheerna	जीर्णशीर्ण	0
jeet	जीत	0
jeeta	जीता	0
jeete	जीते	0
jeetendra	जितेन्द्र	0
jeetu	जीतू	0
jeev	जीव	0
jeeva	जीवा	0
jeevan	जीवन	0
jeevandarshan	जीवनदर्शन	0
jeevankaal	जीवनकाल	0
jeevansaathi	जीवनसाथी	0
jeevanyaapan	जीवनयापन	0
jeevit	जीवित	0
jeevvigyan	जीवविज्ञान	0
jef	जेफ	0
jefet	जेफेट	0
jeff	जेफ	1
jeffrey	जैफरी	1
jehad	जेहाद	0
jehalam	जेहलम	0
jehanabad	जहानाबाद	0
jel	जेल	0
jelly	जेली	1
jellyfish	जेलीफिश	1
jelon	जेलों	0
jemima	जेमीमा	1
jena	जेना	1
jenar	जेनर	0
jeneva	जिनेवा	0
jeng	जेंग	0
jenna	जेन्ना	1
jenner	जेंनेर	1
jennifer	जेनिफर	1
jerald	जेराल्ड	1
jerry	जेरी	1
jersey	जर्सी	1
jerusalama	जेरूशलम	0
jerusalem	जेरूसलम	1
jesia	जेसिया	0
jess	जेस	1
jessica	जेसिका	1
jessore	जैसोर	0
jesus	जीसस	1
jet	जेट	1
jetti	जेट्टी	0
jewel	ज्वेल	1
jewellery	ज्वेलरी	0
jha	झा	1
jhad	झड़	0
jhadane	झड़ने	0
jhadap	झड़प	0
jhadapen	झडपें	0
jhadasa	झाड़सा	0
jhadate	झड़ते	0
jhade	झाड़े	0
jhadi	झाड़ी	0
jhadiyon	झाड़ियों	0
jhadna	झड़ना	0
jhadon	झाड़ों	0
jhadu	झाडू	0
jhag	झाग	0
jhagada	झगड़ा	0
jhagadane	झगड़ने	0
jhagadate	झगड़ते	0
jhagade	झगड़े	0
jhagadon	झगड़ों	0
jhagadte	झगड़ते	0
jhakiyan	झाकियां	0
jhala	झाला	0
jhalak	झलक	0
jhalara	झालरा	0
jhalarapatan	झालरापाटन	0
jhalaron	झालरों	0
jhalkari	झलकारी	0
jhalki	झलकी	0
jhalkiyan	झलकियां	0
jhalkiyon	झलकियों	0
jhanda	झंडा	0
jhande	झंडे	0
jhangar	झांगर	0
jhangiyani	झंगियानी	0
jhanjharpur	झंझारपुर	0
jhanjhavat	झंझावात	0
jhankar	झंकार	0
jhanki	झांकी	0
jhanse	झांसे	0
jhansi	झांसी	0
jhapa	झापा	0
jhapat	झपट	0
jhapata	झपटा	0
jhapatane	झपटने	0
jhapati	झपटी	0
jhapatta	झपट्टा	0
jhapkaane	झपकाने	0
jhapkane	झपकाने	0
jharana	झरना	0
jharane	झरने	0
jharanon	झरनों	0
jharkhand	झारखंड	0
jharkhandi	झारखंडी	0
jharnon	झरनों	0
jharokhe	झरोखे	0
jhataka	झटका	0
jhatake	झटके	0
jhatka	झटका	0
jhatpat	झटपट	0
jheel	झील	1
jhela	झेला	0
jhelam	झेलम	0
jhelana	झेलना	0
jhelane	झेलने	0
jhelani	झेलनी	0
jhele	झेले	0
jheli	झेली	0
jhelum	झेलम	0
jhijhak	झिझक	0
jhil	झील	0
jhilen	झीलें	0
jhilli	झिल्ली	0
jhilliyon	झिल्लियों	0
jhilmilate	झिलमिलाते	0
jhinga	झींगा	0
jhiri	झिरी	0
jhol	झोल	0
jhonka	झोंका	0
jhonke	झोंके	0
jhool	झूल	0
jhoom	झूम	0
jhoomane	झूमने	0
jhoomar	झूमर	0
jhooth	झूठ	0
jhopada	झोपड़ा	0
jhopadi	झोपड़ी	0
jhopadiyan	झोपड़ियां	0
jhopadiyon	झोपड़ियों	0
jhopdi	झोपड़ी	0
jhou	झोउ	0
jhu	झू	0
jhuhai	झुहाई	0
jhuk	झुक	0
jhuka	झुका	0
jhukana	झुकाना	0
jhukav	झुकाव	0
jhukaya	झुकाया	0
jhuke	झुके	0
jhuki	झुकी	0
jhul	झूल	0
jhula	झूला	0
jhulasa	झुलसा	0
jhulase	झुलसे	0
jhulate	झुलाते	0
jhulaya	झुलाया	0
jhule	झूले	0
jhum	झूम	0
jhumane	झूमने	0
jhumar	झूमर	0
jhumata	झूमता	0
jhumati	झूमती	0
jhund	झुंड	0
jhusi	झूसी	0
jhuth	झूठ	0
jhutha	झूठा	0
jhuthe	झूठे	0
jhuthi	झूठी	0
jhuthlate	झुठलाते	0
ji	जी	1
jibh	जीभ	0
jid	जिद	0
jidd	जिद्द	0
jiddu	जिद्दू	0
jigana	जिगना	0
jigar	जिगर	0
jignesh	जिग्नेश	0
jigyasa	जिज्ञासा	0
jigyasu	जिज्ञासु	0
jigyasuon	जिज्ञासुओं	0
jihad	जिहाद	1
jijivisha	जिजीविषा	0
jikr	जिक्र	0
jikra	जिक्र	0
jil	जिल	1
jila	जिला	0
jiladhish	जिलाधीश	0
jilani	जीलानी	0
jile	जिले	0
jilon	जिलों	0
jim	जीम	1
jimi	जिमि	1
jimmedaar	जिम्मेदार	0
jimmedaari	जिम्मेदारी	0
jimmedaariyon	जिम्मेदारियों	0
jimmedar	जिम्मेदार	0
jimmedari	जिम्मेदारी	0
jimmevar	जिम्मेवार	0
jimnejiyam	जिम्नेजियम	0
jin	जिन	1
jina	जीना	0
jinagar	जीनगर	0
jinaka	जिनका	0
jinaki	जिनकी	0
jinda	जिंदा	0
jindagi	जिंदगी	0
jindal	जिंदल	0
jindgi	जिंदगी	0
jine	जीने	0
jinendra	जिनेंद्र	0
jingal	जिंगल	0
jinhe	जिन्हें	0
jinhen	जिन्हें	0
jinhone	जिन्होंने	0
jinhonen	जिन्होनें	0
jinhonne	जिन्होंने	0
jinka	जिनका	0
jinke	जिनके	0
jinki	जिनकी	0
jinko	जिनको	0
jinme	जिनमें	0
jinmein	जिनमें	0
jinmen	जिनमें	0
jinna	जिन्ना	0
jinom	जिनोम	0
jinse	जिनसे	0
jio	जिओ	0
jirah	जिरह	0
jirn	जीर्ण	0
jirna	जीर्ण	0
jirnshirn	जीर्णशीर्ण	0
jis	जिस	0
jisake	जिसके	0
jisane	जिसने	0
jisase	जिससे	0
jise	जिसे	0
jiska	जिसका	0
jiskaa	जिसका	0
jiske	जिसके	0
jiski	जिसकी	0
jisko	जिसको	0
jismani	जिस्मानी	0
jisme	जिसमें	0
jismein	जिसमें	0
jismen	जिसमें	0
jisne	जिसने	0
jisse	जिससे	0
jit	जीत	0
jita	जीता	0
jitaane	जिताने	0
jitaayaa	जिताया	0
jitana	जीतना	0
jitanaa	जितना	0
jitane	जिताने	0
jitata	जीतता	0
jitataa	जीतता	0
jitaya	जिताया	0
jite	जीते	0
jiten	जितेन	0
jitendra	जितेन्द्र	0
jitesh	जितेश	0
jiti	जीती	0
jitiaa	जितिआ	0
jitiya	जितिया	0
jitkar	जीतकर	0
jitna	जितना	0
jitnaa	जितना	0
jitne	जीतने	0
jitni	जितनी	0
jiv	जीव	0
jiva	जीवा	0
jivak	जीवक	0
jivan	जीवन	0
jivani	जीवनी	0
jivankal	जीवनकाल	0
jivansathi	जीवनसाथी	0
jivanshaili	जीवनशैली	0
jivantata	जीवंतता	0
jivanu	जीवाणु	0
jivanuon	जीवाणुओं	0
jivanyapan	जीवनयापन	0
jivatma	जीवात्मा	0
jivdhariyon	जीवधारियों	0
jivha	जिव्हा	0
jivika	जीविका	0
jivikoparjan	जीविकोपार्जन	0
jivit	जीवित	0
jivitputrika	जीवित्पुत्रिका	0
jivjantuon	जीवजंतुओं	0
jivo	जीवो	0
jivon	जीवों	0
jivvigyan	जीवविज्ञान	0
jiyas	जीयस	0
jla	जेएलए	0
jnu	जेएनयू	0
jo	जो	1
joda	जोड़ा	0
jodaa	जोड़ा	0
jodata	जोडता	0
joddtodd	जोड़तोड़	0
jode	जोड़े	0
jodenge	जोड़ेंगे	0
jodh	जोध	0
jodha	जोधा	0
jodhpur	जोधपुर	1
jodi	जोड़ी	1
jodkar	जोड़कर	0
jodna	जोड़ना	0
jodne	जोड़ने	0
jodnevala	जोड़नेवाला	0
jodta	जोड़ता	0
jodte	जोड़ते	0
jodti	जोड़ती	0
jodtod	जोड़तोड़	0
joel	जोएल	1
joga	जोगा	0
jogbani	जोगबनी	0
jogendra	जोगेंद्र	0
jogeshwari	जोगेश्वरी	0
jogi	जोगी	0
joglekar	जोगलेकर	0
johad	जोहड़	0
johan	जोहान	1
johannesburg	जोहान्सबर्ग	1
john	जॉन	1
johnny	जॉनी	1
johnson	जॉन्सन	1
johny	जॉनी	1
johor	जोहोर	0
joint	जॉइंट	1
joji	जोजी	0
jokar	जोकर	0
joker	जोकर	1
jokhim	जोखिम	0
joli	जॉली	0
jolly	जॉली	1
jon	जों	1
jonathan	जोनाथन	1
jones	जोन्स	1
jons	जोन्स	0
jonsa	जोन्स	0
jonse	जोन्स	0
jor	जोर	0
jordan	जॉर्डन	1
jordar	जोरदार	0
jorja	जोरजा	0
joseph	जोसफ	1
josephine	जोसेफिन	1
josh	जोश	1
joshi	जोशी	1
joshimath	जोशीमठ	0
joshna	जोशना	0
jot	जोत	1
jotaai	जोताई	0
journal	जर्नल	1
journalism	जर्नलिज्म	1
journalist	जर्नलिस्ट	1
joy	जॉय	1
joyce	जॉइस	1
joystick	जॉयस्टिक	1
joystickon	जॉयस्टिकों	0
jp	जेपी	0
js	जेएस	0
ju	जू	1
juaa	जुआ	0
juaan	जुआन	0
jubaan	जुबान	0
jubair	जुबैर	0
juban	जुबान	0
jubilee	जुबली	1
jud	जुड़	0
juda	जुड़ा	0
judaa	जुदा	0
judaav	जुड़ाव	0
judane	जुड़ने	0
judata	जुड़ता	0
judav	जुड़ाव	0
jude	जुड़े	1
judein	जुडें	0
juden	जुड़ें	0
judev	जूदेव	0
judi	जुड़ी	1
judin	जुड़ीं	0
judne	जुड़ने	0
judo	जुडो	1
judta	जुड़ता	0
judva	जुड़वा	0
jugal	जुगल	0
jugali	जुगाली	0
juhi	जूही	0
juice	ज्यूस	1
jujh	जूझ	0
jujhane	जूझने	0
jujhar	जुझार	0
jujharu	जुझारु	0
jujharupan	जुझारूपन	0
jujhate	जूझते	0
jujhati	जूझती	0
jujhte	जूझते	0
jukam	जुकाम	0
julahe	जुलाहे	0
julate	जुलते	0
jules	जूल्स	1
julia	जूलिया	1
julie	जूली	1
julius	जूलियस	1
julka	जुल्का	0
jully	जुलाई	0
julmi	जुल्मी	0
julta	जुलता	0
jultaa	जुलता	0
julti	जुलती	0
julus	जुलूस	0
juluus	जुलूस	0
july	जुलाई	1
juma	जुमा	0
jumaa	जुमा	0
jun	जूं	1
junagadh	जुनागढ़	0
junagarh	जूनागढ़	0
junction	जंक्शन	1
june	जून	1
junejo	जुनेजो	1
jung	जंग	1
jungle	जंगल	1
junk	जंक	1
jupitar	जुपिटर	0
jupiter	जूपिटर	1
jurassic	जुरासिक	1
juri	जूरी	0
jurm	जुर्म	0
jurmana	जुर्माना	0
jurmon	जुर्मों	0
just	जस्ट	1
justice	जस्टिस	1
justin	जस्टिन	1
jut	जूट	1
juta	जुटा	0
jutaa	जुटा	0
jutaai	जुताई	0
jutaane	जुटाने	0
jutane	जुटने	0
jutata	जुटाता	0
jutate	जुटते	0
jute	जूते	1
jutha	जूठा	0
juthe	जूठे	0
jutkar	जुटकर	0
juton	जूतों	0
juvaan	जुवान	0
juvenail	जुवेनाइल	0
juwaan	जुवान	0
jvalant	ज्वलंत	0
jvar	ज्वर	0
jwala	ज्वाला	0
jwalamukhi	ज्वालामुखी	0
jwalamukhiyon	ज्वालामुखियों	0
jwalant	ज्वलंत	0
jwalapur	ज्वालापुर	0
jwar	ज्वर	0
jwarbhata	ज्वारभाटा	0
jyada	ज्यादा	0
jyadatar	ज्यादातर	0
jyadati	ज्यादती	0
jyamiti	ज्यामिति	0
jyamitiy	ज्यामितीय	0
jyeshtha	ज्येष्ठ	0
jyeshthata	ज्येष्ठता	0
jyon	ज्यों	0
jyot	ज्योत	0
jyoti	ज्योति	0
jyotika	ज्योतिका	0
jyotiraditya	ज्योतिरादित्य	0
jyotirao	ज्योतिराव	0
jyotirgamay	ज्योतिर्गमय	0
jyotirling	ज्योतिर्लिंग	0
jyotirmay	ज्योतिर्मय	0
jyotirvid	ज्योतिर्विद	0
jyotisar	ज्योतिसर	0
jyotish	ज्योतिष	0
jyotishi	ज्योतिषी	0
jyus	ज्यूस	0
k	के	1
ka	का	1
kaa	का	0
kaabij	काबिज	0
kaafi	काफी	0
kaagaj	कागज	0
kaagaz	कागज	0
kaak	काक	0
kaal	काल	0
kaale	काले	0
kaali	काली	0
kaalidas	कालिदास	0
kaalpanik	काल्पनिक	0
kaalu	कालू	0
kaam	काम	0
kaamkaaj	कामकाज	0
kaan	कान	0
kaanun	कानून	0
kaaran	कारण	0
kaary	कार्य	0
kaarya	कार्य	0
kaash	काश	0
kaat	काट	0
kaatate	काटते	0
kaatati	काटती	0
kaate	काटे	0
kaatne	काटने	0
kaavy	काव्य	0
kaba	काबा	0
kabab	कबाब	0
kabayali	कबायली	0
kabeer	कबीर	0
kabhar	कभार	0
kabhi	कभी	0
kabhibhi	कभीभी	0
kabhikabhi	कभीकभी	0
kabij	क़ाबिज़	0
kabile	कबीले	0
kabilon	कबीलों	0
kabir	कबीर	0
kabira	कबीरा	0
kabj	कब्ज	0
kabja	कब्जा	0
kabje	कब्जे	0
kabjon	कब्जों	0
kabra	काबरा	0
kabrgah	कब्रगाह	0
kabristan	कब्रिस्तान	0
kabu	काबू	0
kabul	काबुल	1
kabuli	काबुली	0
kabutar	कबूतर	0
kabza	कब्ज़ा	0
kabze	कब्जे	0
kaccha	कच्चा	0
kacchi	कच्ची	0
kachhari	कचहरी	0
kachhi	कच्छी	0
kachhuaa	कछुआ	0
kachra	कचरा	0
kachre	कचरे	0
kachru	काचरू	0
kad	कद	0
kada	कड़ा	0
kadaapi	कदापि	0
kadachit	कदाचित	0
kadagam	कड़गम	0
kadahi	कड़ाही	0
kadai	कड़ाई	0
kadake	कड़ाके	0
kadam	कदम	0
kadapan	कड़ापन	0
kadapi	कदापि	0
kadar	कदर	1
kadari	कादरी	0
kaddu	कद्दू	0
kaddukas	कद्दूकस	0
kade	कड़े	1
kadhai	कढ़ाई	0
kadhi	कढ़ी	0
kadi	कड़ी	0
kadim	कादिम	0
kadir	कदीर	0
kadiyon	कड़ियों	0
kadkati	कड़कती	0
kadmon	कदमों	0
kadva	कड़वा	0
kadvahat	कड़वाहट	0
kadvapan	कड़वापन	0
kadve	कड़वे	0
kaf	कफ	0
kafi	काफी	0
kafile	काफिले	0
kafman	काफमैन	0
kaga	कागा	0
kagaar	कगार	0
kagaj	कागज	0
kagaji	कागजी	0
kagar	कगार	0
kagaz	काग़ज़	0
kagazi	कागजी	0
kagjat	कागजात	0
kagjaton	कागजातों	0
kah	कह	1
kaha	कहा	0
kahaani	कहानी	0
kahaaniyon	कहानियों	0
kahan	कहाँ	1
kahana	कहना	0
kahani	कहानी	0
kahanikar	कहानीकार	0
kahaniyaan	कहानियां	0
kahaniyan	कहानियाँ	0
kahaniyon	कहानियों	0
kahata	कहता	0
kahate	कहते	0
kahati	कहती	0
kahavat	कहावत	0
kahe	कहे	0
kahenge	कहेंगे	0
kahi	कही	0
kahin	कहीं	0
kahira	क़ाहिरा	0
kahiye	कहिए	0
kahkar	कहकर	0
kahla	कहला	0
kahlaataa	कहलाता	0
kahlaaye	कहलाए	0
kahlai	कहलाई	0
kahlana	कहलाना	0
kahlane	कहलाने	0
kahlata	कहलाता	0
kahlate	कहलाते	0
kahlati	कहलाती	0
kahlaye	कहलाये	0
kahna	कहना	0
kaho	कहो	0
kahta	कहता	0
kahte	कहते	0
kahti	कहती	0
kahva	कहवा	0
kai	कई	1
kaichi	कैची	0
kaid	कैद	0
kaidi	कैदी	0
kaidiyon	कैदियों	0
kaif	कैफ	0
kailash	कैलाश	1
kailashchandra	कैलाशचंद्र	0
kailashnath	कैलाशनाथ	0
kaimganj	कायमगंज	0
kainchi	कैंची	0
kainkar	कैंकर	0
kaisa	कैसा	0
kaisalre	कैसलरे	0
kaise	कैसे	0
kaisi	कैसी	0
kaislare	कैसलरे	0
kaithal	कैथल	0
kaiyon	कइयों	0
kaj	काज	0
kaja	काजा	0
kajal	काजल	0
kajari	कजरी	0
kajichak	काजीचक	0
kajin	कजिन	0
kajiranga	काजीरंगा	0
kajol	काजोल	0
kajrare	कजरारे	0
kak	काक	0
kaka	काका	0
kakdi	ककड़ी	0
kakeshas	काकेशस	0
kakolat	ककोलत	0
kakori	काकोरी	0
kaksh	कक्ष	0
kaksha	कक्षा	0
kakshaon	कक्षाओं	0
kakshon	कक्षों	0
kaktiye	काकतीय	0
kal	कल	1
kala	कला	0
kalaa	कला	0
kalah	कलह	0
kalahandi	कालाहांडी	0
kalai	कलई	0
kalakaar	कलाकार	0
kalakankar	कालाकांकर	0
kalakar	कलाकार	0
kalakari	कलाकारी	0
kalakaron	कलाकारों	0
kalakriti	कलाकृति	0
kalakritiyan	कलाकृतियां	0
kalakritiyon	कलाकृतियों	0
kalakrutiyon	कलाकृतियों	0
kalal	कलाल	1
kalam	कलम	0
kalambaddh	कलमबद्ध	0
kalandar	कलंदर	0
kalani	कालाणी	0
kalank	कलंक	0
kalantar	कालांतर	0
kalaon	कलाओं	0
kalap	कलाप	0
kalapan	कालापन	0
kalapon	कलापों	0
kalar	कालर	0
kalara	कालरा	0
kalari	कलारी	0
kalash	कलश	0
kalatmak	कलात्मक	0
kalatmakta	कलात्मकता	0
kalavid	कलाविद	0
kalbodh	कालबोध	0
kalburgi	कलबुर्गी	0
kalchhi	कलछी	0
kale	काले	1
kaleb	कालेब	0
kaleje	कलेजे	0
kaleji	कलेजी	0
kaleshwar	कालेश्वर	0
kalgi	कलगी	0
kalhan	कल्हण	0
kali	कली	1
kalidas	कालिदास	0
kalij	कालिज	0
kalikat	कालीकट	0
kalima	कालिमा	0
kalimirch	कालीमिर्च	0
kalin	कालीन	1
kalindi	कालिंदी	0
kaling	कालिंग	0
kalinjar	कलिंजर	0
kalisiya	कलीसिया	0
kalita	कलिता	0
kaliya	कालिया	0
kaliyon	कलियों	0
kalkhand	कालखंड	0
kalkram	कालक्रम	0
kalnirnay	कालनिर्णय	0
kalon	कालों	0
kalp	कल्प	1
kalpa	कल्प	0
kalpana	कल्पना	0
kalpanashakti	कल्पनाशक्ति	0
kalpanasheel	कल्पनाशील	0
kalpanayen	कल्पनाएं	0
kalpanik	काल्पनिक	0
kalpataru	कल्पतरु	0
kalpeshwar	कल्पेश्वर	0
kalpit	कल्पित	0
kalpna	कल्पना	0
kalpon	कल्पों	0
kalsekar	कलसेकर	0
kalu	कालु	0
kalushit	कलुषित	0
kalvi	कालवी	0
kalyan	कल्याण	0
kalyanak	कल्याणक	0
kalyani	कल्याणी	0
kalyankari	कल्याणकारी	0
kam	कम	1
kama	कम	1
kamaal	कमाल	0
kamae	कमाए	0
kamaenge	कमाएंगे	0
kamai	कमाई	0
kamakar	कमाकर	0
kamakhya	कामाख्या	0
kamal	कमल	1
kamaleshwar	कमलेश्वर	0
kamaluddin	कमालुद्दीन	0
kamana	कमाना	0
kamane	कमाने	0
kamani	कमानी	0
kamar	कमर	0
kamare	कमरे	0
kamariya	कमरिया	0
kamasin	कमासिन	0
kamaya	कमाया	0
kamayabi	कामयाबी	0
kamayani	कामायनी	0
kambale	कांबले	0
kambali	कांबली	0
kamban	कामबाण	0
kamble	कांबले	0
kambli	कांबली	0
kamboj	कांबोज	0
kamchor	कामचोर	0
kamchori	कामचोरी	0
kamdar	कामदार	0
kamdev	कामदेव	0
kamdhenu	कामधेनु	0
kameshwar	कामेश्वर	0
kamgar	कामगार	0
kamgaron	कामगारों	0
kami	कमी	0
kamil	कामिल	0
kamineni	कामिनेनी	0
kamini	कामिनी	0
kamiyan	कमियां	0
kamiyon	कमियों	0
kamjor	कमजोर	0
kamjori	कमजोरी	0
kamjoriyon	कमजोरियों	0
kamkaj	कामकाज	0
kamkaji	कामकाजी	0
kamkhya	कामख्या	0
kamkoti	कामकोटि	0
kamlakar	कमलाकर	0
kamlesh	कमलेश	0
kamlon	कमलों	0
kamma	कम्मा	0
kamna	कामना	0
kamnaon	कामनाओं	0
kamo	कामों	0
kamobesh	कमोबेश	0
kamon	कामों	0
kampan	कंपन	0
kampani	कंपनी	0
kampni	कंपनी	0
kamra	कमरा	1
kamran	कामरान	1
kamre	कमरे	0
kamred	कामरेड	0
kamron	कमरों	0
kamrup	कामरूप	0
kamsekam	कमसेकम	0
kamsutra	कामसूत्र	0
kamuk	कामुक	0
kamukta	कामुकता	0
kamvasna	कामवासना	0
kamya	काम्या	0
kamyab	कामयाब	0
kamyabi	कामयाबी	0
kamzor	कमज़ोर	0
kan	कण	1
kana	काना	1
kanad	कणाद	0
kanak	कनक	1
kanan	कानन	1
kanch	कांच	0
kancha	कांचा	0
kanchan	कंचन	0
kanche	कंचे	0
kanchi	कांची	0
kanchipuram	कांचीपुरम	0
kand	कांड	0
kandhar	कंधार	0
kandhe	कंधे	0
kandhon	कंधों	0
kandon	कांडों	0
kandpal	कांडपाल	0
kanetakar	कानेटकर	0
kangal	कंगाल	0
kangana	कंगना	0
kangaroo	कंगारू	1
kanghi	कंघी	0
kango	कांगो	0
kangra	कांगड़ा	0
kangri	कांगड़ी	0
kanha	कान्हा	0
kanhaiya	कन्हैया	0
kanhaiyalal	कन्हैयालाल	0
kanhan	कन्हान	0
kanikao	कणिकाओं	0
kanishka	कनिष्क	0
kanishth	कनिष्ठ	0
kanjar	कंजर	0
kankal	कंकाल	0
kanke	कांके	0
kanker	कांकेर	0
kankhal	कनखल	0
kanki	कनकी	0
kanna	कन्ना	0
kannad	कन्नड़	0
kannada	कनाडा	0
kannaud	कन्नौद	0
kannauj	कन्नौज	0
kannu	कन्नू	0
kannur	कन्नूर	0
kano	कणों	1
kanon	कणों	1
kanoon	कानून	0
kanooni	कानूनी	0
kanoonon	कानूनों	0
kanpati	कनपटी	0
kanpur	कानपुर	0
kans	कंस	0
kansas	कंसास	1
kanse	कांसे	0
kansua	कंसुआ	0
kant	कांत	1
kantakon	कंटकों	0
kantedar	कांटेदार	0
kanth	कंठ	0
kantha	कांथा	0
kanthasth	कंठस्थ	0
kanthi	कंठी	0
kanun	कानून	0
kanuna	कानून	0
kanuni	कानूनी	0
kanunon	कानूनों	0
kanunsammat	कानूनसम्मत	0
kanv	कण्व	0
kanvar	कांवर	0
kanwaljeet	कंवलजीत	0
kanwar	कंवर	0
kanya	कन्या	0
kanyadaan	कन्यादान	0
kanyakubj	कान्यकुब्ज	0
kanyakumari	कन्याकुमारी	0
kapaas	कपास	0
kapad	कपड़	0
kapalik	कापालिक	0
kaparo	कपारो	0
kapat	कपट	0
kapati	कपटी	0
kapatpurn	कपटपूर्ण	0
kapda	कपडा	0
kapde	कपड़े	0
kapil	कपिल	0
kapkot	कपकोट	0
kapoor	कपूर	1
kaptaan	कप्तान	0
kaptan	कप्तान	0
kapura	कपूरा	0
kapurthala	कपूरथला	0
kar	कर	0
kara	कर	1
karaan	कारण	0
karaane	कराने	0
karaate	कराते	0
karachi	कराची	1
karadhan	कराधान	0
karae	कराए	0
karagar	कारागार	0
karai	कराइ	0
karaikal	कराईकल	0
karak	कारक	0
karakon	कारकों	0
karakoram	काराकोरम	0
karam	कारण	1
karamat	करामात	0
karan	कारण	1
karana	कराना	0
karane	करने	0
karani	करणी	0
karano	कारणों	0
karanpal	करनपाल	0
karansingh	करणसिंह	0
karanvash	कारणवश	0
karanveer	करणवीर	0
karar	करार	0
karari	करारी	0
karata	करता	0
karate	करते	1
karati	कराती	0
karauli	करौली	0
karavas	कारावास	0
karaya	कराया	0
karaye	कराए	0
karbadhishoshan	कार्बाधिशोषण	0
karbala	करबला	0
kardata	करदाता	0
kardataon	करदाताओं	0
kare	करे	0
kareeb	करीब	0
kareena	करीना	0
karega	करेगा	0
karegi	करेगी	0
karein	करें	0
karela	करेला	0
karele	करेले	0
karen	करें	1
karenge	करेंगे	0
kargar	कारगर	0
kargil	कारगिल	0
karhariya	करहरिया	0
kari	करी	1
karib	करीब	0
kariban	करीबन	0
karibi	करीबी	0
karigar	कारीगर	0
karigari	कारीगरी	0
karigaron	कारीगरों	0
karishma	करिश्मा	0
karj	कर्ज	0
karja	कर्जा	0
karjai	करजई	0
karjan	कर्ज़न	0
karjdaron	कर्जदारों	0
kark	कर्क	0
karke	करके	0
karkhana	कारखाना	0
karkhane	कारखाने	0
karkon	कारकों	0
karkotak	कर्कोटक	0
karl	कार्ल	1
karlail	कार्लाइल	0
karli	कार्ली	0
karlos	कार्लोस	0
karm	कर्म	0
karma	कर्म	1
karmabhoomi	कर्मभूमि	0
karmabhumi	कर्मभूमि	0
karmachari	कर्मचारी	0
karmacharigan	कर्मचारीगण	0
karmakand	कर्मकांड	0
karmanusar	कर्मानुसार	0
karmapa	करमापा	0
karmasthali	कर्मस्थली	0
karmayog	कर्मयोग	0
karmayogi	कर्मयोगी	0
karmchari	कर्मचारी	0
karmchariyo	कर्मचारियों	0
karmchariyon	कर्मचारियों	0
karmendu	कर्मेंदु	0
karmi	कर्मी	0
karmik	कार्मिक	0
karmikon	कार्मिकों	0
karmiyon	कर्मियों	0
karmkand	कर्मकांड	0
karmkar	कर्मकार	0
karmo	कर्मों	0
karmon	कर्मों	0
karmukt	करमुक्त	0
karn	कर्ण	1
karna	करना	0
karnail	करनैल	0
karnal	करनाल	1
karnali	करनाली	0
karnamon	कारनामों	0
karndev	कर्णदेव	0
karne	करने	0
karni	करनी	0
karnon	कारणों	0
karo	करो	0
karobar	कारोबार	0
karobari	कारोबारी	0
karod	करोड़	0
karodon	करोड़ो	0
karodpati	करोड़पति	0
karoge	करोगे	0
karogi	करोगी	0
karon	कारों	1
karsiyang	कर्सियांग	0
kart	कार्ट	0
karta	करता	0
kartaa	करता	0
kartabon	करतबों	0
kartal	करतल	0
kartaon	कर्ताओं	0
kartavy	कर्तव्य	0
kartavya	कर्तव्य	0
kartavyon	कर्तव्यों	0
karte	करते	0
karti	करती	0
kartik	कार्तिक	0
kartikeyan	कार्तिकेयन	0
kartus	कारतूस	0
kartuson	कारतूसों	0
kartuton	करतूतों	0
karun	करुण	1
karuna	करुणा	0
karunesh	करुणेश	0
karunga	करूंगा	0
karunik	कारुणिक	0
karva	करवा	0
karvaane	करवाने	0
karvai	करवाई	0
karvakar	करवाकर	0
karval	करवाल	0
karvan	कारवां	0
karvana	करवाना	0
karvane	करवाने	0
karvata	करवाता	0
karvate	करवाते	0
karvati	करवाती	0
karvaya	करवाया	0
karvaye	करवाए	0
karvayen	करवायें	0
karvayi	करवायी	0
karwahi	कारवाही	0
karwai	कारवाई	0
karwati	करवाती	0
kary	कार्य	1
karya	कार्य	0
karyadhikari	कार्याधिकारी	0
karyakaal	कार्यकाल	0
karyakal	कार्यकाल	0
karyakalap	कार्यकलाप	0
karyakalapon	कार्यकलापों	0
karyakam	कार्यकम	0
karyakamon	कार्यकमों	0
karyakari	कार्यकारी	0
karyakarini	कार्यकारिणी	0
karyakarta	कार्यकर्ता	0
karyakartao	कार्यकर्ताओं	0
karyakram	कार्यक्रम	0
karyakramo	कार्यक्रमो	0
karyakramon	कार्यकर्मों	0
karyakshetra	कार्यक्षेत्र	0
karyakshetron	कार्यक्षेत्रों	0
karyakushalata	कार्यकुशलता	0
karyakushalta	कार्यकुशलता	0
karyalay	कार्यालय	0
karyalaya	कार्यालय	0
karyalayon	कार्यालयों	0
karyanvay	कार्यान्वय	0
karyanvit	कार्यान्वित	0
karyapranali	कार्यप्रणाली	0
karyarat	कार्यरत	0
karyashalaon	कार्यशालाओं	0
karyatmak	कार्यात्मक	0
karyavahak	कार्यवाहक	0
karyavahi	कार्यवाही	0
karybal	कार्यबल	0
karykal	कार्यकाल	0
karykalapon	कार्यकलापों	0
karykaran	कार्यकारण	0
karykarm	कार्यक्रम	0
karykramon	कार्यक्रमों	0
karymukt	कार्यमुक्त	0
karyo	कार्यों	0
karyon	कार्यों	0
karypalika	कार्यपालिका	0
karypranali	कार्यप्रणाली	0
karysamiti	कार्यसमिति	0
karyshakti	कार्यशक्ति	0
karyshala	कार्यशाला	0
karyshil	कार्यशील	0
karysthal	कार्यस्थल	0
karysthan	कार्यस्थान	0
karysuchi	कार्यसूची	0
karyvahak	कार्यवाहक	0
karz	कर्ज	0
kas	कस	0
kasab	कसाब	0
kasai	कसाई	0
kasaile	कसैले	0
kasaiyon	कसाइयों	0
kasak	कसक	0
kasal	कासल	1
kasam	कसम	0
kasana	कसाना	0
kasar	कसर	0
kasate	कसते	0
kasati	कसती	0
kasauli	कसौली	0
kasauti	कसौटी	0
kasav	कसाव	0
kasavat	कसावट	0
kasba	कस्बा	0
kasbe	कस्बे	0
kasben	कस्बें	0
kasbon	कस्बों	0
kase	कसे	1
kasganj	कासगंज	0
kash	काश	1
kasheruka	कशेरुका	0
kasheruki	कशेरुकी	0
kashgam	कषगम	0
kashi	काशी	0
kashibai	काशीबाई	0
kashidakari	कशीदाकारी	0
kashinath	काशीनाथ	0
kashipur	काशीपुर	0
kashmir	कश्मीर	1
kashmiri	कश्मीरी	1
kasht	कष्ट	0
kashth	काष्ठ	0
kashtkari	कष्टकारी	0
kashyap	कश्यप	0
kasi	कसी	1
kasidakari	कसीदाकारी	0
kaside	कसीदे	0
kasim	क़ासिम	0
kaskar	कसकर	0
kasmi	कासमी	0
kasmon	कसमों	0
kasne	कसने	0
kasraten	कसरतें	0
kasrati	कसरती	0
kasturba	कस्तूरबा	0
kasturi	कस्तूरी	0
kasuri	कसूरी	0
kasurwar	कसूरवार	0
kat	काट	1
kata	काटा	0
katai	कटाई	0
katak	कटक	0
kataksh	कटाक्ष	0
katakshon	कटाक्षों	0
katar	कटार	0
katara	कटारा	0
katariya	कटारिया	0
katarne	कतरनें	0
katata	काटता	0
katate	काटते	0
katati	कटती	0
katauti	कटौती	0
katav	कटाव	0
kate	काटे	1
katen	काटें	1
katghora	कटघोरा	0
kath	काठ	1
katha	कथा	1
kathaa	कथा	0
kathak	कथक	0
kathakar	कथाकार	0
kathakaron	कथाकारों	0
kathan	कथन	1
kathanak	कथानक	0
kathanon	कथनों	0
kathaon	कथाओं	0
kathara	कटहरा	0
kathayen	कथाएं	0
kathghare	कठघरे	0
kathi	काठी	1
kathin	कठिन	0
kathinaai	कठिनाई	0
kathinai	कठिनाई	0
kathinaiyan	कठिनाइयाँ	0
kathinaiyon	कठिनाइयों	0
kathit	कथित	0
kathiyawad	काठियावाड़	0
kathmandu	काठमांडू	0
kathor	कठोर	0
kathorta	कठोरता	0
kathputli	कठपुतली	0
kathuriya	कथूरिया	0
kathya	कथ्य	0
kati	कटी	1
katibandha	कटिबन्ध	0
katibandhiy	कटिबंधीय	0
katibandhiya	कटिबंधीय	0
katihar	कटिहार	0
katil	कातिल	0
katipay	कतिपय	0
katiya	कटिया	0
katkar	काटकर	0
katla	कत्ल	0
katleaam	कत्लेआम	0
katne	कटने	0
katore	कटोरे	0
katori	कटोरी	0
katran	कतरन	0
katrata	कतराता	0
katriyasar	कतरियासर	0
kattarpan	कट्टरपन	0
kattarpanth	कट्टरपंथ	0
kattarpanthi	कट्टरपंथी	0
kattarta	कट्टरता	0
kattarvad	कट्टरवाद	0
kattarvadi	कट्टरवादी	0
kattarvy	कत्तर्व्य	0
katte	कट्टे	0
katti	कटती	0
katu	कटु	0
katuta	कटुता	0
katya	कात्य	1
katyal	कत्याल	0
katyan	कात्यान	0
katyayan	कात्यायन	0
katyuri	कत्यूरी	0
kaudi	कौड़ी	0
kaudiyon	कौड़ियों	0
kaul	कौल	1
kaumary	कौमार्य	0
kaumi	क़ौमी	0
kaumudi	कौमुदी	0
kaun	कौन	0
kaunsa	कौनसा	0
kaunsil	कौंसिल	0
kaur	कौर	0
kaurav	कौरव	0
kauravon	कौरवों	0
kausar	कौसर	0
kaushal	कौशल	0
kaushalya	कौशल्या	0
kaushar	कौशर	0
kaushlya	कौशल्या	0
kauve	कौवे	0
kauvon	कौवों	0
kavach	कवच	0
kavak	कवक	0
kavayat	कवायत	0
kaveri	कावेरी	0
kavi	कवि	0
kaviratn	कविरत्न	0
kavisamay	कविसमय	0
kavita	कविता	0
kavitaen	कविताएं	0
kavitaon	कविताओं	0
kavitayen	कविताएं	0
kavitv	कवित्व	0
kavivar	कविवर	0
kaviyitri	कवियित्री	0
kaviyon	कवियों	0
kavvali	क़व्वाली	0
kavya	काव्य	0
kavyasangrah	काव्यसंग्रह	0
kavyatmak	काव्यात्मक	0
kavyitri	कवयित्री	0
kavyon	काव्यों	0
kawasaki	कावासाकी	1
kaya	काया	1
kayal	कायल	0
kayam	कायम	0
kayamat	क़यामत	0
kayapalat	कायापलट	0
kayar	कायर	0
kayaron	कायरों	0
kayarta	कायरता	0
kayasth	कायस्थ	0
kayda	कायदा	0
kaydon	कायदों	1
kayi	कई	0
kayiyon	कइयों	0
kazakhstan	कज़ाख़िस्तान	1
kazim	काजिम	0
kazmi	काजमी	0
kbc	केबीसी	0
kbs	केबीएस	0
ke	के	1
kebul	केबुल	0
kechua	केचुआ	0
kedar	केदार	1
kedareshwar	केदारेश्वर	0
kedarnath	केदारनाथ	0
kee	की	1
keep	कीप	1
keeper	कीपर	1
keeping	कीपिंग	1
keertan	कीर्तन	0
keet	कीट	0
keeth	कीथ	1
keeton	कीटों	1
kehna	कहना	0
kehne	कहने	1
kehte	कहते	0
kejriwal	केजरीवाल	0
kela	केला	0
kele	केले	0
keli	केली	0
kelkar	केलकर	0
kelly	केली	1
kelvin	केल्विन	1
kely	केली	0
kemar	केमर	0
kemrun	केमरून	0
kemu	केमू	0
ken	केन	1
kenain	केनाइन	0
kenal	केनाल	0
kendr	केन्द्र	0
kendra	केंद्र	1
kendrabindu	केंद्रबिंदु	0
kendrick	केंड्रिक	1
kendrikrit	केंद्रीकृत	0
kendrit	केंद्रित	0
kendriy	केंद्रीय	0
kendriya	केंद्रीय	0
kendron	केंद्रों	0
keneth	केनेथ	0
keniya	केनिया	0
kenji	केंजी	1
kennedy	केनेडी	1
kent	केंट	1
kentucky	केंटकी	1
kenya	केन्या	1
kerakat	केराकत	0
keral	केरल	0
kerala	केरल	1
kerali	केरली	0
keratin	केराटिन	1
keri	केरी	0
kerketta	केरकेट्टा	0
kernel	करनूल	1
kerwa	केरवा	0
kesar	केसर	0
kesari	केसरी	0
kesh	केश	0
kesha	केशा	0
keshav	केशव	0
keshavan	केशवन	0
keshavanand	केशवानंद	0
keshi	केशी	0
kesri	केसरी	0
ketali	केतली	0
ketan	केतन	0
ketchup	कैचप	1
keth	केथ	0
ketkar	केतकर	0
ketone	कीटोन	1
ketu	केतु	0
keval	केवल	0
kevat	केवट	0
kevda	केवड़ा	0
kevi	केवी	0
kevin	केविन	1
keyboard	कीबोर्ड	1
keyur	केयूर	0
kg	केजी	0
kgb	केजीबी	1
kh	केएच	0
kha	खा	0
khaa	खा	0
khaad	खाद	0
khaadi	खाड़ी	0
khaaja	खाजा	0
khaajuvala	खाजूवाला	0
khaas	ख़ास	0
khaastaur	खासतौर	0
khaata	खाता	0
khaati	खाती	0
khaatir	खातिर	0
khaaton	खातों	0
khabad	खाबड़	0
khabar	खबर	0
khabari	खबरी	0
khabron	खबरों	0
khachchar	खच्चर	0
khachcharon	खच्चरों	0
khad	खाद	1
khada	खड़ा	0
khadan	खदान	0
khadanon	खदानों	0
khadau	खड़ाऊ	0
khadda	खड्डा	0
khadde	खड्डे	0
khade	खड़े	0
khaded	खदेड़	0
khadede	खदेड़े	0
khadi	खड़ी	0
khadija	खदीजा	0
khadiya	खड़िया	0
khadka	खड़का	0
khady	खाद्य	0
khadya	खाद्य	0
khadyann	खाद्यान्न	0
khae	खाए	0
khaeyon	खाइयों	0
khafa	खफा	0
khaga	खागा	0
khagdiya	खगड़िया	0
khagol	खगोल	0
khagolshastra	खगोलशास्त्र	0
khagolshastri	खगोलशास्त्री	0
khagolvid	खगोलविद	0
khagolvidon	खगोलविदों	0
khai	खाई	0
khaibar	खैबर	0
khair	खैर	0
khairi	खैरी	0
khaja	खाजा	0
khajaaney	खजाने	0
khajane	खजाने	0
khajauli	खजौली	0
khajua	खजुआ	0
khajuraho	खजुराहो	0
khajuriya	खजुरिया	0
khaka	ख़ाका	0
khakar	खाकर	0
khale	खले	0
khaled	खालेद	1
khali	खली	0
khalid	खालिद	1
khalifa	खलीफा	1
khalifaon	खलीफाओं	0
khalilabad	खलीलाबाद	0
khalilullah	खलीलुल्लाह	0
khalipan	खालीपन	0
khalipha	खलीफा	0
khalis	खालिस	0
khalistan	खलिस्तान	0
khalsa	खालसा	1
khambhe	खंभे	0
khambhon	खंभों	0
khamer	खमेर	0
khamir	खमीर	0
khamiyan	खामियां	0
khamosh	खामोश	0
khamoshi	खामोशी	0
khan	खान	1
khana	खाना	0
khanabadosh	खानाबदोश	0
khanal	खनाल	0
khanan	खनन	0
khanapurti	खानापूर्ति	0
khand	खंड	0
khandahar	खंडहर	0
khandak	खंदक	0
khandala	खंडाला	0
khandan	खंडन	0
khandela	खंडेला	0
khandelwal	खंडेलवाल	0
khanderav	खंडेराव	0
khandesh	खानदेश	0
khandhar	खंडहर	0
khandharon	खंडहरों	0
khandit	खंडित	0
khandon	खंडों	0
khandpeeth	खंडपीठ	0
khandu	खंडू	0
khane	खाने	0
khanein	खानें	0
khanevale	खानेवाले	0
khanewale	खानेवाले	0
khangale	खंगाले	0
khangar	खंगार	0
khangarot	खंगारोत	0
khani	खानी	0
khanij	खनिज	0
khanijon	खनिजों	0
khanjan	खंजन	0
khanjar	खंजर	0
khankhana	खानखाना	0
khanna	खन्ना	1
khanon	खानों	0
khanpaan	खानपान	0
khanpan	खानपान	0
khanroch	खंरोच	0
khansi	खांसी	0
khanste	खांसते	0
khao	खाओ	0
khap	खाप	0
khapaya	खपाया	0
khaprail	खपरैल	0
khar	खर	0
khara	खरा	0
kharab	खराब	0
kharabi	खराबी	0
kharabpati	खरबपति	0
kharad	खराद	0
kharbanda	खरबंदा	0
kharbuje	खरबूजे	0
kharch	खर्च	0
kharcha	खर्चा	0
kharchon	खर्चों	0
khare	खारे	0
khareef	खरीफ	0
kharepan	खारेपन	0
khargaun	खरगौन	0
kharghar	खारघर	0
khargosh	खरगोश	0
khari	खरी	0
kharid	खरीद	0
kharida	खरीदा	0
kharidar	खरीदार	0
kharidari	खरीदारी	0
kharide	खरीदे	0
kharidi	खरीदी	0
kharidiye	खरीदिए	0
kharidna	खरीदना	0
kharidne	खरीदने	0
kharidta	खरीदता	0
kharif	खरीफ	0
kharij	खारिज	0
kharpatvaar	खरपतवार	0
kharpatvar	खरपतवार	0
kharpatwar	खरपतवार	0
kharpatwaron	खरपतवारों	0
khas	खास	0
khasa	खासा	0
khase	खासे	0
khash	खाश	0
khasi	खासी	0
khasiyat	खासियत	0
khaskar	खासकर	0
khasra	खसरा	0
khasre	खसरे	0
khat	खट	1
khata	खाता	0
khatai	खटाई	0
khatam	खत्म	0
khataranak	खतरनाक	0
khatare	खतरे	0
khatarnaak	खतरनाक	0
khataron	खतरों	0
khatauni	खतौनी	0
khate	खाते	0
khati	खाती	0
khatima	खटीमा	0
khatir	खातिर	0
khatkhatae	खटखटाए	0
khatm	खत्म	0
khatma	खात्मा	0
khatna	खतना	0
khaton	खातों	0
khatra	खतरा	0
khatre	खतरे	0
khatrey	खतरे	0
khatri	खत्री	0
khatron	खतरों	0
khatte	खट्टे	0
khatushyam	खाटूश्याम	0
khaul	खौल	0
khaulne	खौलने	0
khaulte	खौलते	0
khawaja	ख्वाजा	0
khaya	खाया	0
khayalon	खयालों	0
khaye	खाये	0
khayega	खायेगा	0
khayenge	खायेंगे	0
khed	खेड़	0
kheer	खीर	0
khehar	खेहर	0
khel	खेल	0
khela	खेला	0
khele	खेले	0
khelega	खेलेगा	0
kheli	खेली	0
khelkar	खेलकर	0
khelkood	खेलकूद	0
khelkud	खेलकूद	0
khelna	खेलना	0
khelne	खेलने	0
khelon	खेलों	0
khelta	खेलता	0
khelte	खेलते	0
khelti	खेलती	0
khema	ख़ेमा	0
khemani	खेमानी	0
kheme	खेमे	0
khemen	खेमें	0
khemon	खेमों	0
khemraj	खेमराज	0
khep	खेप	0
kher	खेर	0
khermai	खेरमाई	0
kherwara	खेरवाड़ा	0
khesari	खेसारी	0
khet	खेत	0
kheti	खेती	0
khetibadi	खेतीबाड़ी	0
khetibari	खेतीबारी	0
khetihar	खेतिहर	0
kheto	खेतो	0
kheton	खेतों	0
khicha	खींचा	0
khichdi	खिचड़ी	0
khidaki	खिड़की	0
khidki	खिड़की	0
khil	खिल	0
khila	खिला	0
khilaaf	खिलाफ	0
khiladi	खिलाड़ी	0
khiladiyon	खिलाड़ियों	0
khilaf	खिलाफ	0
khilafat	खिलाफत	0
khilana	खिलना	0
khilane	खिलाने	0
khilao	खिलाओ	0
khilap	खिलाफ	0
khilapha	खिलाफ	0
khilata	खिलाता	0
khilate	खिलाते	0
khilati	खिलाती	0
khilaune	खिलौने	0
khilaunon	खिलौनों	0
khilaya	खिलाया	0
khilaye	खिलाए	0
khilayen	खिलाएं	0
khilchipur	खिलचीपुर	0
khile	खिले	0
khilega	खिलेगा	0
khili	खिली	0
khilji	खिलजी	0
khilna	खिलना	0
khilne	खिलने	0
khinch	खींच	0
khincha	खींचा	0
khinchatani	खींचातानी	0
khinchav	खिंचाव	0
khinche	खींचे	0
khinchi	खींची	0
khinchna	खींचना	0
khinchne	खींचने	0
khincho	खींचो	0
khinchta	खींचता	0
khinchte	खींचते	0
khinchti	खींचती	0
khinchva	खिंचवा	0
khinchvane	खिंचवाने	0
khir	खीर	0
khira	खीरा	0
khire	खीरे	0
khiri	खीरी	0
khiska	खिसका	0
khiskane	खिसकने	0
khiske	खिसके	0
khitab	खिताब	0
khitabi	खिताबी	0
khjuriya	खजुरिया	0
kho	खो	0
khod	खोद	0
khoda	खोदा	0
khodne	खोदने	0
khodte	खोदते	0
khoe	खोए	0
khoi	खोई	0
khoj	खोज	0
khoja	खोजा	0
khojaa	खोजा	0
khojana	खोजना	0
khojane	खोजने	0
khojen	खोजें	0
khoji	खोजी	0
khojna	खोजना	0
khojne	खोजने	0
khojon	खोजों	0
khojta	खोजता	0
khojte	खोजते	0
khokha	खोखा	0
khokhale	खोखले	0
khokhali	खोखली	0
khokhar	खोखर	0
khokhla	खोखला	0
khokhle	खोखले	0
khol	खोल	0
khola	खोला	0
kholegi	खोलेगी	0
kholen	खोलें	0
kholi	खोली	0
kholna	खोलना	0
kholne	खोलने	0
kholta	खोलता	0
kholte	खोलते	0
kholti	खोलती	0
khomeni	खोमेनी	0
khona	खोना	0
khone	खोने	0
khoob	खूब	0
khoon	खून	0
khooni	खूनी	0
khopadi	खोपड़ी	0
khopadiyon	खोपड़ियों	0
khopoli	खोपोली	0
khosla	खोसला	1
khota	खोटा	0
khote	खोटे	0
khrushchev	ख्रुश्चेव	1
khub	खूब	0
khubi	खूबी	0
khubiyan	खूबियां	0
khubiyon	खूबियों	0
khubsurat	खूबसूरत	0
khubsurti	खूबसूरती	0
khuche	खुचे	0
khud	खुद	0
khuda	खुदा	0
khudai	खुदाई	0
khudara	खुदरा	0
khudi	खुदी	0
khudiram	खुदीराम	0
khudra	खुदरा	0
khufiya	खुफिया	0
khujali	खुजली	0
khujlane	खुजलाने	0
khujlidar	खुजलीदार	0
khul	खुल	0
khula	खुला	0
khulana	खुलना	0
khulane	खुलने	0
khulasa	खुलासा	0
khulase	खुलासे	0
khulata	खुलता	0
khulate	खुलते	0
khulati	खुलती	0
khule	खुले	0
khuleaam	खुलेआम	0
khulega	खुलेगा	0
khuli	खुली	0
khulkar	खुलकर	0
khulla	खुल्ला	0
khulvane	खुलवाने	0
khulvaya	खुलवाया	0
khuman	खुमान	0
khumbu	खंबु	0
khun	खून	0
khunte	खूंटे	0
khunti	खूंटी	0
khur	खुर	0
khurak	खुराक	0
khurana	खुराना	0
khurchan	खुरचन	0
khurdara	खुरदरा	0
khurma	खुरमा	0
khushboo	खुशबू	0
khushbu	खुश्बू	0
khushhal	खुशहाल	0
khushi	खुशी	0
khushki	खुश्की	0
khushnuma	खुशनुमा	0
khwab	ख्वाब	0
khwabon	ख्वाबों	0
khwaja	ख्वाजा	0
khwani	ख्वानी	0
khyal	ख्याल	0
khyali	ख्याली	0
khyat	ख्यात	0
khyati	ख्याति	0
khyber	खैबर	0
ki	की	1
kibri	किर्बी	0
kich	कीच	0
kichad	कीचड़	0
kichadyukt	कीचड़युक्त	0
kichhu	किछु	0
kick	किक	1
kid	किड	1
kida	कीड़ा	1
kidar	किदार	0
kidhar	किधर	0
kidi	कीड़ी	0
kidney	किडनी	1
kidon	कीड़ों	0
kids	किड्स	1
kidwai	किदवई	0
kie	किए	0
kifayat	किफायत	0
kifayati	किफायती	0
kigra	किग्रा	0
kii	की	0
kij	कीज	0
kijie	कीजिए	0
kijiye	कीजिये	0
kila	किला	1
kilaghat	किलाघाट	0
kile	किले	1
kilebandi	किलेबंदी	0
kilen	कीलें	1
kilimeter	किलीमीटर	0
kill	किल	1
killa	किल्ला	0
killed	किल्ड	1
killer	किलर	1
killers	किलर्स	1
killing	किलिंग	1
kilo	किलो	1
kilogram	किलोग्राम	1
kilometer	किलोमीटर	1
kilovat	किलोवॉट	0
kim	किम	1
kimat	कीमत	0
kimaten	कीमतें	0
kimati	कीमती	0
kimaton	कीमतों	0
kimi	किमी	0
kimura	किमुरा	1
kin	किन	1
kinan	कीनन	0
kinar	किनार	0
kinara	किनारा	0
kinare	किनारे	0
kinaron	किनारों	0
kinchit	किंचित	0
kindergarten	किंडरगार्टन	1
kindle	किंडल	1
king	किंग	1
kingdom	किंगडम	1
kingfisher	किंगफिशर	1
kings	किंग्स	1
kingsford	किंग्सफोर्ड	1
kingston	किंगस्टन	1
kinhin	किन्हीं	0
kini	किनी	0
kiniya	कीनिया	0
kinnar	किन्नर	0
kinnaron	किन्नरों	0
kinnaur	किन्नौर	0
kins	कींस	0
kintu	किंतु	0
kinvadanti	किंवदंती	0
kiosk	किओस्क	1
kipling	किपलिंग	1
kir	किर	1
kirae	किराए	0
kiran	किरण	0
kirana	किराना	0
kirane	किराने	0
kirani	किरानी	0
kiranmay	किरणमय	0
kirar	किरार	0
kirat	किरात	0
kiraye	किराए	0
kirdaar	किरदार	0
kirdar	किरदार	0
kirdaron	किरदारों	0
kirgijstan	किर्गिज़स्तान	0
kiribati	किरीबाती	1
kirit	किरीट	0
kirki	किरकी	0
kirkira	किरकिरा	0
kirkire	किरकिरे	0
kirtan	कीर्तन	0
kirti	कीर्ति	0
kirtiman	कीर्तिमान	0
kis	किस	1
kisa	किसा	0
kisaan	किसान	0
kisan	किसन	1
kise	किसे	1
kish	किश	1
kishan	किशन	0
kishangarh	किशनगढ़	0
kishanpur	किशनपुर	0
kishanpura	किशनपुरा	0
kishmish	किशमिश	0
kishor	किशोर	0
kishoravastha	किशोरावस्था	0
kishore	किशोर	1
kishoreganj	किशोरगंज	0
kishori	किशोरी	0
kishoriyon	किशोरियों	0
kishoron	किशोरों	0
kishorvay	किशोरवय	0
kisi	किसी	0
kiska	किसका	1
kiske	किसके	0
kisko	किसको	0
kism	किस्म	0
kismat	किस्मत	0
kismen	किस्में	0
kismon	किस्मों	0
kisne	किसने	0
kissa	क़िस्सा	0
kisse	किस्से	0
kissing	किसिंग	1
kit	किट	1
kitaab	किताब	0
kitab	किताब	0
kitabe	किताबें	0
kitaben	किताबें	0
kitabo	किताबों	0
kitabon	किताबों	0
kitanu	कीटाणु	0
kitanunashak	कीटाणुनाशक	0
kitbhakshi	कीटभक्षी	0
kitchan	किचन	0
kitchen	किचन	1
kite	काईट	1
kitkat	किटकैट	0
kitna	कितना	0
kitnashak	कीटनाशक	0
kitnashakon	कीटनाशकों	0
kitne	कितने	0
kito	कीटो	0
kiton	कीटों	0
kits	किट्स	1
kitty	किटी	1
kivdantiyan	किवदंतियां	0
kivi	कीवी	1
kiy	किया	0
kiya	किया	0
kiyaa	किया	0
kiye	किए	0
kiyu	कियू	0
kk	केके	0
klesh	क्लेश	0
km	किमी	0
knock	नोक	1
knockout	नॉकआउट	1
knocks	नोक्स	1
knowles	नोल्स	1
ko	को	1
koala	कोआला	1
kobayashi	कोबायाशी	1
koben	कोबेन	0
kobhi	कोभी	0
kochin	कोचीन	0
kodagu	कोडागु	0
kodon	कोड़ों	0
koh	कोह	1
kohali	कोहली	0
kohani	कोहनी	0
kohaniyon	कोहनियों	0
kohare	कोहरे	0
kohat	कोहाट	0
kohbar	कोहबर	0
kohen	कोहेन	1
kohinoor	कोहिनूर	0
kohinur	कोहिनूर	0
kohli	कोहली	1
koi	कोई	0
koirala	कोइराला	0
koiri	कोइरी	0
kokila	कोकिला	0
kokin	कोकीन	0
kola	कोला	0
kolai	कोलाई	0
kolhapur	कोल्हापुर	0
koli	कोली	0
kolkata	कोलकाता	0
komal	कोमल	0
komalta	कोमलता	0
komila	कोमिला	0
komo	कोमो	0
kon	कोण	1
kona	कोना	1
konar	कोनार	0
konard	कोनार्ड	0
konark	कोणार्क	0
konch	कोंच	0
kone	कोने	0
kong	काँग	1
koniya	कोणीय	0
konkan	कोंकण	0
konkani	कोंकणी	0
konon	कोणों	0
kood	कूद	0
korea	कोरिया	1
kori	कोरी	0
koriya	कोरिया	0
korku	कोरकू	0
kos	कोस	1
kosal	कोसल	0
kosam	कोसम	0
kosh	कोष	1
koshadhyaksh	कोषाध्यक्ष	0
koshika	कोशिका	0
koshikaaon	कोशिकाओं	0
koshikaon	कोशिकाओं	0
koshikayen	कोशिकाएं	0
koshish	कोशिश	0
koshishen	कोशिशें	0
koshishon	कोशिशों	0
koshon	कोषों	0
kosi	कोसी	0
kosish	कोशिश	0
kosovo	कोसोवो	1
kot	कोट	1
kota	कोटा	0
kotak	कोटक	0
koteshwar	कोटेश्वर	0
kothar	कोठार	0
kothari	कोठारी	1
kothe	कोठे	1
kothi	कोठी	0
kothiyon	कोठियों	0
kothriyan	कोठरियां	0
koti	कोटी	0
kotiyon	कोटियों	0
kotkasim	कोटकासिम	0
koto	कोटो	1
kottayam	कोट्टयम	0
kotwar	कोटवार	0
koyal	कोयल	0
koyla	कोयला	0
koyle	कोयले	0
kozhikode	कोझिकोड	0
kpmg	केपीएमजी	1
kr	कर	0
kram	क्रम	1
kramank	क्रमांक	0
kramanusar	क्रमानुसार	0
kramasa	क्रमश	0
kramash	क्रमश	0
krambaddh	क्रमबद्ध	0
kramik	क्रमिक	0
krandan	क्रंदन	0
kranti	क्रांति	0
krantikari	क्रान्तिकारी	0
krantikariyon	क्रांतिकारियों	0
kray	क्रय	1
krayshakti	क्रयशक्ति	0
krezi	क्रेज़ी	0
krimi	कृमि	0
kripa	कृपा	0
kripaa	कृपा	0
kripal	कृपाल	0
kriplani	कृपलानी	0
kripya	कृपया	0
kris	क्रिस	1
krish	कृष	0
krishak	कृषक	0
krishakon	कृषकों	0
krishan	कृष्ण	0
krishi	कृषि	0
krishn	कृष्ण	0
krishna	कृष्ण	1
krishnadas	कृष्णदास	0
krishnadev	कृष्णदेव	0
krishnamurti	कृष्णामूर्ति	0
krishnan	कृष्णन	1
krishnanagar	कृष्णानगर	0
krishnapaksh	कृष्णपक्ष	0
krishnaraj	कृष्णराज	0
kristina	क्रिस्टीना	1
krit	कृत	0
kriti	कृति	0
kritrim	कृत्रिम	0
kritsankalp	कृतसंकल्प	0
krity	कृत्य	0
kritya	कृत्य	0
krityon	कृत्यों	0
kriya	क्रिया	0
kriyaa	क्रिया	0
kriyaen	क्रियाएं	0
kriyakalap	क्रियाकलाप	0
kriyakalapon	क्रियाकलापों	0
kriyanvayan	क्रियान्वयन	0
kriyanvit	क्रियान्वित	0
kriyaon	क्रियाओं	0
kriyasheel	क्रियाशील	0
kriyashil	क्रियाशील	0
kriyatmak	क्रियात्मक	0
kriyavidhi	क्रियाविधि	0
kriyayen	क्रियाएं	0
kriyol	क्रियोल	0
krna	करना	0
krodh	क्रोध	0
krodhi	क्रोधी	0
krodhit	क्रोधित	0
krons	क्रोनस्	0
krte	करते	0
kruddh	क्रुद्ध	0
kruddha	क्रुद्ध	0
krupa	कृपा	1
krur	क्रूर	0
krurata	क्रूरता	0
krurta	क्रूरता	0
krushak	कृषक	0
krushi	कृषि	0
krushna	कृष्ण	0
krut	कृत	0
ksh	क्ष	0
kshaariy	क्षारीय	0
kshaitij	क्षैतिज	0
kshama	क्षमा	0
kshamata	क्षमता	0
kshamta	क्षमता	0
kshamtaa	क्षमता	0
kshamtaen	क्षमताएं	0
kshamtaon	क्षमताओं	0
kshamtawaale	क्षमतावाले	0
kshan	क्षण	0
kshanik	क्षणिक	0
kshanon	क्षणों	0
kshar	क्षार	0
kshati	क्षति	0
kshatigrast	क्षतिग्रस्त	0
kshatipurti	क्षतिपूर्ति	0
kshatriy	क्षत्रिय	0
kshatriya	क्षत्रिय	0
kshatriyon	क्षत्रियों	0
kshay	क्षय	0
kshetiya	क्षेत्रीय	0
kshetr	क्षेत्र	0
kshetra	क्षेत्र	0
kshetradhikar	क्षेत्राधिकार	0
kshetrafal	क्षेत्रफल	0
kshetrawasi	क्षेत्रवासी	0
kshetriy	क्षेत्रीय	0
kshetriya	क्षेत्रीय	0
kshetro	क्षेत्रों	0
kshetron	क्षेत्रों	0
kshmta	क्षमता	0
kshobh	क्षोभ	0
kshtriya	क्षत्रिय	0
kshubdh	क्षुब्ध	0
kshudha	क्षुधा	0
kshudragrah	क्षुद्रग्रह	0
ku	कु	1
kuaan	कुआन	0
kuala	कुआला	1
kuan	कुआं	1
kuber	कुबेर	0
kubra	कुबरा	0
kuch	कुछ	1
kucha	कुछ	0
kuchakra	कुचक्र	0
kuchal	कुचल	0
kuchalna	कुचलना	0
kuchalne	कुचलने	0
kuchalta	कुचलता	0
kuchaman	कुचामन	0
kuchbihar	कूचबिहार	0
kuchh	कुछ	0
kuchhek	कुछेक	0
kuchon	कूचों	0
kud	कूद	0
kuda	कूड़ा	0
kudal	कुदाल	0
kude	कूदे	0
kudmi	कुड़मी	0
kudmiyo	कुर्मियों	0
kudmiyon	कुड़मियों	0
kudna	कूदना	0
kudne	कूदने	0
kudrishti	कुदृष्टि	0
kudte	कूदते	0
kuhase	कुहासे	0
kujur	कुजूर	0
kukarmon	कुकर्मों	0
kukhyat	कुख्यात	0
kukkut	कुक्कुट	0
kukreja	कुकरेजा	0
kukreti	कुकरेती	0
kul	कुल	0
kula	कुला	1
kuladhipati	कुलाधिपति	0
kulbhushan	कुलभूषण	0
kulcha	कुल्चा	0
kuldeep	कुलदीप	0
kuldeepak	कुलदीपक	0
kuldevi	कुलदेवी	0
kuleshwar	कुलेश्वर	0
kulhad	कुल्हड़	0
kulhadi	कुल्हाड़ी	0
kulhadiyon	कुल्हाड़ियों	0
kulhe	कूल्हे	0
kuli	कुली	0
kulin	कुलीन	0
kulish	कुलिश	1
kuljeet	कुलजीत	0
kulkarni	कुलकर्णी	1
kulla	कुल्ला	1
kullu	कुल्लू	0
kulnam	कुलनाम	0
kulpati	कुलपति	0
kulsachiv	कुलसचिव	0
kulshekhar	कुलशेखर	0
kulti	कुल्टी	0
kulvant	कुलवंत	0
kumaon	कुमाऊँ	0
kumar	कुमार	1
kumara	कुमारा	0
kumargupt	कुमारगुप्त	0
kumari	कुमारी	0
kumarji	कुमारजी	0
kumarpal	कुमारपाल	0
kumarswami	कुमारस्वामी	0
kumati	कुमति	0
kumbh	कुंभ	0
kumbha	कुम्भा	0
kumbhalgarh	कुंभलगढ़	0
kumbhar	कुम्भार	0
kumhari	कुम्हारी	0
kumher	कुम्हेर	0
kumkum	कुमकुम	0
kumud	कुमुद	0
kunal	कुणाल	0
kunar	कुंअर	0
kund	कुंड	0
kundan	कुंदन	0
kundapur	कुंडापुर	0
kunde	कुंदे	1
kundra	कुंद्रा	0
kunha	कुन्हा	0
kunika	कुनिका	0
kunj	कुंज	0
kunjal	कुंजल	0
kunjbihari	कुंजबिहारी	0
kunji	कुंजी	0
kunjiyan	कुंजियां	0
kunjpura	कुंजपुरा	0
kunlun	कुनलुन	0
kunti	कुंती	0
kunvar	कुँवर	0
kunwar	कुंवर	0
kuon	कुओं	0
kupit	कुपित	0
kuposhan	कुपोषण	0
kuprabhav	कुप्रभाव	0
kuprathaon	कुप्रथाओं	0
kupwada	कुपवाड़ा	0
kupwara	कुपवाड़ा	0
kuraan	कुरान	0
kurabad	कुराबड़	0
kuraishi	कुरैशी	0
kuran	कुरान	0
kurara	कुरारा	0
kurbaniyan	कुर्बानियां	0
kurbaniyon	कुर्बानियों	0
kurd	कुर्द	1
kurdish	कुर्दिश	1
kurdistan	कुर्दीस्तान	1
kuredkar	कुरेदकर	0
kuredne	कुरेदने	0
kureshi	कुरेशी	0
kurg	कुर्ग	0
kurki	कुर्की	0
kurmi	कुरमी	0
kurmiyon	कुर्मियों	0
kursiyang	कुर्सियांग	0
kurt	कर्ट	1
kurta	कुर्ता	0
kurukshetra	कुरूक्षेत्र	0
kurutiyon	कुरीतियों	0
kusha	कुशा	0
kushal	कुशल	0
kushalata	कुशलता	0
kushalgarh	कुशलगढ़	0
kushalkshem	कुशलक्षेम	0
kushalshem	कुशलक्षेम	0
kushan	कुशान	0
kushinagar	कुशीनगर	0
kushmanda	कूष्मांडा	0
kushth	कुष्ठ	0
kushti	कुश्ती	0
kushtibaaj	कुश्तीबाज	0
kusum	कुसुम	0
kusumagraj	कुसुमाग्रज	0
kutharaghat	कुठाराघात	0
kuti	कुटी	0
kutil	कुटिल	0
kutilta	कुटिलता	0
kutir	कुटीर	0
kutiya	कुटिया	0
kutniti	कूटनीति	0
kutnitigya	कूटनीतिज्ञ	0
kutnitik	कूटनीतिक	0
kutta	कुत्ता	0
kutte	कुत्ते	0
kutti	कुट्टी	0
kutton	कुत्तों	0
kutu	कूटू	0
kutub	कुतुब	0
kutubuddin	कुतुबुद्दीन	0
kutumb	कुटुंब	0
kuwait	कुवैत	1
kuyen	कुएँ	0
kya	क्या	0
kyari	क्यारी	0
kyc	केवाईसी	0
kyo	क्यों	1
kyon	क्यों	0
kyonki	क्योंकि	0
kyoto	क्योटो	1
kyu	क्यों	1
kyun	क्यों	0
kyunki	क्यूंकि	0
l	एल	1
la	ला	1
laabh	लाभ	0
laad	लाद	0
laag	लाग	0
laagat	लागत	0
laagu	लागू	0
laaj	लाज	0
laak	लाक	0
laakar	लाकर	0
laakh	लाख	0
laakha	लाखा	0
laal	लाल	0
laane	लाने	0
laao	लाओ	0
laat	लात	0
laate	लाते	0
laatviya	लातविया	0
laayi	लायी	0
lab	लैब	1
labana	लबाना	0
labh	लाभ	0
labhansh	लाभांश	0
labhanvit	लाभांवित	0
labharthi	लाभार्थी	0
labharthiyon	लाभार्थियों	0
labhdayak	लाभदायक	0
labhkari	लाभकारी	0
laboratory	लेबोरेट्री	1
labour	लेबर	1
labs	लैब्स	1
lacchha	लच्छा	0
lace	लेस	1
lachak	लचक	0
lachar	लचर	0
lachila	लचीला	0
lachilapan	लचीलापन	0
lachile	लचीले	0
lachilepan	लचीलेपन	0
lactic	लैक्टिक	1
lad	लड़	1
lada	लड़ा	1
ladaaku	लड़ाकू	0
ladai	लड़ाई	0
ladaiyon	लड़ाइयों	0
ladakh	लद्दाख	1
ladaku	लड़ाकू	0
ladali	लाडली	0
ladan	लदान	0
ladane	लड़ने	0
laddu	लड्डू	0
ladduon	लड्डुओं	0
lade	लड़े	1
ladega	लड़ेगा	0
laden	लड़ें	1
ladi	लड़ी	0
ladka	लड़का	0
ladke	लड़के	0
ladki	लड़की	0
ladkiyan	लड़कियां	0
ladkiyon	लड़कियों	0
ladko	लड़को	0
ladkon	लड़कों	0
ladna	लड़ना	0
ladne	लड़ने	0
lado	लड़ो	0
ladta	लड़ता	0
lady	लेडी	1
lae	लाए	0
laee	लाई	0
laen	लाएं	0
laenge	लाएंगे	0
lafarge	लाफार्ज	1
lafz	लफ़्ज़	0
lag	लग	1
laga	लगा	0
lagaa	लगा	0
lagaane	लगाने	0
lagaata	लगाता	0
lagaataar	लगातार	0
lagaate	लगाते	0
lagaati	लगाती	0
lagaayaa	लगाया	0
lagaaye	लगाए	0
lagabhag	लगभग	0
lagabhaga	लगभग	0
lagae	लगाए	0
lagai	लगाई	0
lagakar	लगाकर	0
lagam	लगाम	0
lagan	लगन	1
lagana	लगाना	1
lagane	लगाने	0
lagani	लगानी	0
lagansheel	लगनशील	0
lagat	लागत	0
lagata	लगता	0
lagataar	लगातार	0
lagatar	लगातार	0
lagate	लगाते	0
lagati	लगाती	0
lagav	लगाव	0
lagaya	लगाया	0
lagaye	लगाये	0
lagayega	लगाएगा	0
lagayi	लगायी	0
lagbhag	लगभग	0
lage	लगे	1
lagen	लगें	0
lagenge	लगेंगे	0
lagengi	लगेंगी	0
laghu	लघु	0
lagi	लगी	0
lagkar	लगकर	0
lagn	लग्‍न	0
lagna	लग्‍न	0
lagne	लगने	0
lago	लगो	1
lagos	लागोस	1
lagta	लगता	0
lagte	लगते	0
lagti	लगती	0
lagu	लागू	0
laguna	लागुना	1
lagwaya	लगवाया	0
lahaje	लहज़े	0
lahar	लहर	0
laharen	लहरें	0
laharon	लहरों	0
lahaur	लाहौर	0
lahidi	लाहिड़ी	0
lahiri	लाहिरी	0
lahooluhan	लहूलुहान	0
lahore	लाहौर	1
lahoti	लाहोटी	0
lahrata	लहराता	0
lahrate	लहराते	0
lahu	लहू	0
lahuluhaan	लहूलुहान	0
lahuluhan	लहूलुहान	0
laid	लैड	1
laila	लैला	0
laing	लैंग	1
lainon	लाइनों	0
laji	लाजी	0
lajja	लज्जा	0
lajpat	लाजपत	0
lajpatrai	लाजपतराय	0
lakadbaggha	लकड़बग्घा	0
lakadharon	लकड़हारों	0
lakadi	लकड़ी	0
lakar	लाकर	0
lakdi	लकड़ी	0
lakdiyon	लकड़ियों	0
lake	लेक	1
lakh	लाख	0
lakhan	लखन	0
lakhanau	लखनऊ	0
lakhera	लखेरा	0
lakhi	लखी	0
lakhimpur	लखीमपुर	0
lakhon	लाखों	0
lakhpat	लखपत	0
lakhvi	लखवी	0
laki	लकी	0
lakjamburg	लक्जमबर्ग	0
lakshadweep	लक्षद्वीप	0
lakshan	लक्षण	0
lakshano	लक्षणों	0
lakshanon	लक्षणों	0
lakshit	लक्षित	0
lakshman	लक्ष्मण	0
lakshmansen	लक्ष्मणसेन	0
lakshmi	लक्ष्मी	0
lakshmibai	लक्ष्मीबाई	0
lakshmichandra	लक्ष्मीचंद्र	0
lakshmikant	लक्ष्मीकांत	0
lakshminarayan	लक्ष्मीनारायण	0
lakshminath	लक्ष्मीनाथ	0
lakshmipur	लक्ष्मीपुर	0
lakshnik	लाक्षणिक	0
lakshnon	लक्षणों	0
lakshy	लक्ष्य	0
lakshya	लक्ष्य	0
lakwa	लकवा	0
lal	लाल	1
lala	लाला	1
lalach	लालच	0
lalaji	लालाजी	0
lalan	लालन	0
lalas	लालस	1
lalat	ललाट	0
lalchand	लालचंद	0
lalchi	लालची	0
lalganj	लालगंज	0
lali	लाली	0
lalima	लालिमा	0
lalit	ललित	1
lalita	ललिता	1
lalitaditya	ललितादित्य	0
lalitpur	ललितपुर	0
lalitya	लालित्य	0
lalman	लालमन	0
lalmani	लालमणि	0
lalo	लालो	0
lalsa	लालसा	0
lalsar	लालसर	0
lalten	लालटेन	0
lalu	लालू	0
lalwani	लालवानी	0
lama	लामा	1
lamba	लंबा	0
lambai	लंबाई	0
lambandi	लामबंदी	0
lambe	लंबे	1
lambi	लंबी	0
lambit	लंबित	0
lamhon	लम्हों	0
laminate	लैमिनेट	1
lamjung	लमजुंग	0
lamp	लैंप	1
lana	लाना	1
land	लैंड	1
landing	लैंडिंग	1
landmark	लैंडमार्क	1
landscape	लैंडस्केप	1
lane	लाने	1
lang	लांग	1
language	लेंग्वेज	1
langur	लंगूर	0
languron	लंगूरों	0
lanka	लंका	1
lankashayar	लंकाशायर	0
lanpat	लंपट	0
lansdowne	लैंसडौन	1
laos	लाओस	1
lap	लेप	1
laparoscopic	लैप्रोस्कोपिक	1
laparvahi	लापरवाही	0
laparwahi	लापरवाही	0
lapasi	लपसी	0
lapata	लापता	0
lapet	लपेट	0
lapeta	लपेटा	0
lapetkar	लपेटकर	0
lapsi	लपसी	0
laptop	लैपटॉप	1
lar	लार	1
lara	लारा	1
laraku	लड़ाकू	0
lard	लार्ड	1
large	लार्ज	1
lari	लारी	0
larva	लार्वा	1
las	लास	1
lasa	लासा	0
laser	लेज़र	1
lash	लाश	1
lashon	लाशों	0
laso	लासो	0
lat	लत	1
lata	लता	1
latak	लटक	0
lataon	लताओं	0
latayen	लताएं	0
late	लेट	1
later	लेटर	1
lateral	लेटरल	1
latest	लेटेस्ट	1
latex	लेटेक्स	1
lathi	लाठी	0
lati	लाती	0
latin	लैटिन	1
latini	लातिनी	1
latka	लटका	1
latkai	लटकाई	0
latkana	लटकना	0
latkane	लटकने	0
latke	लटके	0
latthon	लट्ठों	0
lattu	लट्टू	0
laugh	लाफ	1
laukik	लौकिक	0
launch	लॉन्च	1
launching	लॉन्चिंग	1
laundering	लॉन्ड्रिंग	1
laung	लौंग	0
lauren	लॉरेन	1
laut	लौट	1
lauta	लौटा	0
lautaate	लौटते	0
lautana	लौटना	0
lautane	लौटने	0
lautata	लौटता	0
lautate	लौटाते	0
lautati	लौटाती	0
lautaye	लौटाए	0
laute	लौटे	0
lautkar	लौटकर	0
lautne	लौटने	0
lava	लावा	1
lavan	लवण	1
lavanon	लवणों	0
lavaris	लावारिस	0
law	लॉ	1
lawn	लॉन	1
lawrence	लॉरेंस	1
laxman	लक्ष्मण	0
laxmangarh	लक्ष्मणगढ़	0
laxmi	लक्ष्मी	0
laxmikant	लक्ष्मीकांत	0
lay	लय	1
laya	लाया	0
layak	लायक	0
laye	लाये	1
layer	लेयर	1
lazy	लेजी	1
lbw	एलबीडब्ल्यू	0
lca	एलसीए	0
lcd	एलसीडी	0
ld	एलडी	0
le	ले	1
lead	लीड	1
leadership	लीडरशिप	1
leads	लीड्स	1
leaf	लीफ	1
league	लीग	1
leak	लीक	1
leakage	लीकेज	1
leap	लीप	1
learning	लर्निंग	1
leather	लेदर	1
lebanon	लेबनान	1
led	एलईडी	1
lee	ली	1
leela	लीला	0
leelaon	लीलाओं	0
left	लेफ्ट	1
leg	लेग	1
legend	लीजेंड	1
legendary	लीजेंडरी	1
legi	लेगी	0
legislative	लेजिस्लेटिव	1
legs	लेग्स	1
leh	लेह	1
lehje	लहज़े	0
lehman	लेहमन	1
lekar	लेकर	0
lekh	लेख	0
lekha	लेखा	0
lekhagar	लेखागार	0
lekhajokha	लेखाजोखा	0
lekhak	लेखक	0
lekhakar	लेखाकार	0
lekhako	लेखकों	0
lekhakon	लेखकों	0
lekhan	लेखन	0
lekhani	लेखनी	0
lekhika	लेखिका	0
lekhkiy	लेखकीय	0
lekhkon	लेखकों	0
lekhmala	लेखमाला	0
lekhni	लेखनी	0
lekhraj	लेखराज	0
lekin	लेकिन	0
lekina	लेकिन	0
lemmon	लेमोन	1
len	लेन	1
lena	लेना	1
lendar	लेनदार	0
lendaron	लेनदारों	0
lenden	लेनदेन	0
lene	लेने	1
lenewala	लेनेवाला	0
lenge	लेंगे	0
leni	लेनी	0
lennon	लेनॉन	1
lens	लेंस	1
leonardo	लियोनार्डो	1
leone	लियोन	1
leopard	लेपर्ड	1
leout	लेआउट	0
lep	लेप	1
lepan	लेपन	0
lepit	लेपित	0
leptospirosis	लेप्टोस्पायरोसिस	0
les	लेस	1
lesar	लेसर	0
lesh	लेश	1
lesli	लेस्ली	0
lesotho	लेसोथो	1
less	लेस	1
lester	लेस्टर	1
let	लेट	1
leta	लेता	1
letaa	लेता	0
letana	लेटना	0
lete	लेते	0
leti	लेती	0
lets	लेट्स	1
letter	लेटर	1
letterman	लेटरमैन	1
letters	लेटर्स	1
leva	लेवा	1
level	लेवल	1
lever	लीवर	1
levi	लेवी	1
levin	लेविन	1
levis	लेविस	1
levu	लेवु	0
lg	एलजी	0
lgbt	एलजीबीटी	0
lh	एलएच	0
lhasa	ल्हासा	1
lhayiya	ल्हयिय	0
li	ली	1
liai	लिए	0
libas	लिबास	0
liberal	लिबरल	1
liberhan	लिब्रहान	0
liberia	लाइबेरिया	1
liberty	लिबर्टी	1
librarian	लाइब्रेरियन	1
library	लाइब्रेरी	1
libya	लीबिया	1
licence	लाइसेंस	1
licency	लाइसेंसी	0
license	लाइसेंस	1
lichi	लीची	0
lie	लिए	1
lieutenant	लेफ्टिनेंट	1
lifafa	लिफाफा	0
lifafon	लिफाफों	0
life	लाइफ़	1
lifetime	लाइफटाइम	1
lift	लिफ्ट	1
light	लाइट	1
lightening	लाइटनिंग	1
lighting	लाइटिंग	1
lights	लाइट्स	1
lightweight	लाइटवेट	1
lignite	लिग्नाइट	1
lihaj	लिहाज	0
lijiae	लिजिए	0
lijiye	लिजिए	0
like	लाइक	1
likh	लिख	0
likha	लिखा	0
likhai	लिखाई	0
likhana	लिखना	0
likhanaa	लिखना	0
likhat	लिखत	0
likhata	लिखता	0
likhate	लिखते	0
likhati	लिखती	0
likhavat	लिखावट	0
likhawat	लिखावट	0
likhaya	लिखाया	0
likhe	लिखे	0
likhen	लिखें	0
likhi	लिखी	0
likhin	लिखीं	0
likhit	लिखित	0
likhiye	लिखिए	0
likhna	लिखना	0
likhta	लिखता	0
likhte	लिखते	0
likhvana	लिखवाना	0
likhvaya	लिखवाया	0
lil	लिल	1
lila	लीला	1
lilavati	लीलावती	0
lilee	लिली	0
liliput	लिलिपुट	0
lily	लिली	1
lima	लीमा	1
limca	लिम्का	0
limit	लिमिट	1
limitation	लिमिटेशन	1
limited	लिमिटेड	1
lin	लिन	1
lina	लीना	1
linch	लिंच	1
lincolnshire	लिंकनशायर	1
linda	लिंडा	1
lindsay	लिंडसे	1
line	लाइन	1
lineman	लाइनमैन	1
linen	लिनन	1
liner	लाइनर	1
lines	लाइंस	1
ling	लिंग	1
lingam	लिंगम	0
lingayat	लिंगायत	0
lingo	लिंगो	1
lingon	लिंगों	0
lingua	लिंगुआ	1
linguistic	लिंग्विस्टिक	1
linguistics	लिंग्विस्टिक्स	1
link	लिंक	1
links	लिंक्स	1
lintel	लिंटेल	1
lion	लायन	1
lionel	लियोनेल	1
lip	लिप	1
lipate	लिपटे	0
lipi	लिपि	0
lipid	लिपिड	1
lipik	लिपिक	0
lipika	लिपिका	0
lipiyon	लिपियों	0
lipt	लिप्त	0
lipyantaran	लिप्यन्तरण	0
liquid	लिक्विड	1
liquidity	लिक्विडिटी	1
lisa	लिसा	1
list	लिस्ट	1
listen	लिस्टन	1
listing	लिस्टिंग	1
lita	लिटा	1
litakar	लिटाकर	0
literacy	लिटरेसी	1
literature	लिटरेचर	1
lithium	लिथियम	1
lithuania	लिथुआनिया	1
litre	लीटर	0
litte	लिट्टे	0
litti	लिट्टी	0
little	लिटल	1
live	लाइव	1
liver	लीवर	1
liverpool	लिवरपूल	1
living	लिविंग	1
liy	लिय	0
liya	लिया	0
liyakat	लियाकत	0
liyam	लियाम	0
liyan	लियन	0
liyang	लियांग	0
liye	लिए	0
liyo	लियो	0
liyon	लियोन	0
liyu	लियू	0
lizard	लिजर्ड	1
llb	एलएलबी	0
lloyd	लॉयड	1
llp	एलएलपी	0
lo	लो	1
load	लोड	1
loan	लोन	1
lobby	लॉबी	1
lobh	लोभ	0
lobo	लोबो	1
local	लोकल	1
location	लोकेशन	1
lochan	लोचन	0
lock	लॉक	1
locker	लॉकर	1
lockheed	लॉकहीड	1
lodge	लॉज	1
lodh	लोध	0
lodha	लोधा	0
lodhi	लोधी	0
lodi	लेडी	1
log	लोग	1
loga	लोग	0
logbag	लोगबाग	0
logging	लॉगिंग	1
logic	लॉजिक	1
logo	लोगों	1
logon	लोगों	0
loha	लोहा	0
lohadi	लोहड़ी	0
lohar	लोहार	0
lohe	लोहे	0
lohit	लोहित	0
lohiya	लोहिया	0
lok	लोक	1
lokapriyata	लोकप्रियता	0
lokarpan	लोकार्पण	0
lokbhasha	लोकभाषा	0
lokdal	लोकदल	0
loke	लोके	0
lokgeet	लोकगीत	0
lokgeeton	लोकगीतों	0
lokgit	लोकगीत	0
lokhit	लोकहित	0
lokkala	लोककला	0
lokkatha	लोककथा	0
loklubhavan	लोकलुभावन	0
lokmanas	लोकमानस	0
lokmanya	लोकमान्य	0
loknarity	लोकनृत्य	0
loknath	लोकनाथ	0
loknatya	लोकनाट्य	0
loknritya	लोकनृत्य	0
loknrityon	लोकनृत्यों	0
loko	लोको	0
lokon	लोकों	0
lokpal	लोकपाल	0
lokpriy	लोकप्रिय	0
lokpriya	लोकप्रिय	0
lokpriyata	लोकप्रियता	0
loksabha	लोकसभा	0
loksanskriti	लोकसंस्कृति	0
loksatta	लोकसत्ता	0
lokshiksha	लोकशिक्षा	0
loktantra	लोकतंत्र	0
lolly	लॉली	1
lomadi	लोमड़ी	0
lomdi	लोमड़ी	0
london	लंदन	1
long	लॉन्ग	1
longewala	लोंगेवाला	0
loni	लोनी	1
look	लुक	1
looks	लुक्स	1
loop	लूप	1
loot	लुट	1
loota	लूटा	0
lootana	लूटना	0
looteron	लूटेरों	0
looti	लूटी	0
lootpaat	लूटपाट	0
lootpat	लूटपाट	0
lopez	लोपेज	1
lord	लॉर्ड	1
lords	लॉर्ड्स	1
lorry	लॉरी	1
los	लॉस	1
loss	लॉस	1
lost	लॉस्ट	1
lota	लोटा	0
lottery	लाटरी	1
lotus	लोटस	1
loud	लाउड	1
loudspeaker	लाउडस्पीकर	1
loudspeakeron	लाउडस्पीकरों	0
louis	लुई	1
love	लव	1
lovely	लवली	1
loving	लविंग	1
low	लो	1
lower	लोवर	1
lpg	एलपीजी	0
ls	एलएस	1
lubhane	लुभाने	0
lucas	लुकास	1
luci	लुसी	0
lucia	लूसिया	1
lucknow	लखनऊ	0
lucy	लूसी	1
ludar	लूदर	0
ludhiana	लुधियाना	0
ludlo	लुडलो	0
ludwig	लुडविग	1
lugadi	लुगदी	0
luggage	लगेज	1
luka	लुका	1
lukachipi	लुकाछिपी	0
lukka	लुक्का	0
lumbini	लुंबिनी	0
luna	लुना	1
lunar	लूनर	1
lungi	लुंगी	0
lupt	लुप्त	0
luptpray	लुप्तप्राय	0
lusane	लुसाने	0
lusi	लुसी	0
lusian	लुसियन	0
lut	लुट	0
luta	लूटा	0
lutane	लुटाने	0
lutera	लुटेरा	0
luteri	लुटेरी	0
luteron	लुटेरों	0
luther	लूथर	1
luthria	लुथरिया	0
luti	लूटी	0
lutpat	लूटपाट	0
lutyens	लुटियंस	0
luxembourg	लक्जमबर्ग	1
luxemburg	लक्जमबर्ग	0
lv	एलवी	0
lymphoma	लिंफोमा	1
lyrics	लिरिक्स	1
m	एम	1
ma	माँ	1
maa	माँ	0
maachis	माचिस	0
maada	मादा	0
maadak	मादक	0
maadhyam	माध्यम	0
maaf	माफ	0
maafi	माफी	0
maagh	माघ	0
maah	माह	0
maai	माई	0
maal	माल	0
maalik	मालिक	0
maalikon	मालिकों	0
maamlon	मामलो	0
maan	मान	0
maana	माना	0
maanak	मानक	0
maanana	मानना	0
maanate	मानते	0
maandand	मानदंड	0
maane	माने	0
maang	मांग	0
maani	मानी	0
maankar	मानकर	0
maans	मांस	0
maansik	मानसिक	0
maanspeshiyon	मांसपेशियों	0
maante	मानते	0
maanviy	मानवीय	0
maaon	मांओं	0
maap	माप	0
maapan	मापन	0
maar	मार	0
maara	मारा	0
maarati	मारता	0
maare	मारे	0
maari	मारी	0
maarkaat	मारकाट	0
maarna	मारना	0
maarne	मारने	0
maas	मांस	1
maasik	मासिक	0
maat	मात	0
maata	माता	0
maathe	माथे	0
mac	मैक	1
macbeth	मैकबेथ	1
macedonia	मेसिडोनिया	1
mach	मच	1
macha	मचा	1
machan	मचान	0
machane	मचाने	0
machata	मचाता	0
machate	मचाते	0
machaya	मचाया	0
machhali	मछली	0
machhalighar	मछलीघर	0
machhaliyan	मछलियां	0
machhaliyon	मछलियों	0
machharon	मच्छरों	0
machhuaron	मछुआरों	0
machine	मशीन	1
machinery	मशीनरी	1
machini	मशीनी	0
machinikaran	मशीनीकरण	0
machinon	मशीनों	0
maclaren	मैक्लारेन	1
macmillan	मैकमिलन	1
mada	मादा	1
madad	मदद	0
madadgaar	मददगार	0
madadgar	मददगार	0
madai	मड़ाई	0
madak	मादक	0
madam	मेडम	1
madan	मदन	1
madani	मदनी	0
madao	मादाओं	0
madaon	मादाओं	0
madar	मदर	1
madarasa	मदरसा	0
madari	मदारी	0
maddenajar	मद्देनजर	0
maddhim	मद्धिम	0
made	मेड	1
maderna	मदेरणा	0
madha	मढ़ा	0
madhav	माधव	0
madhavani	माधवानी	0
madhavdas	माधवदास	0
madhavi	माधवी	0
madhe	मढ़े	0
madhepura	मधेपुरा	0
madhopur	माधोपुर	0
madhosingh	माधोसिंह	0
madhu	मधु	0
madhubala	मधुबाला	0
madhubani	मधुबनी	0
madhumakkhi	मधुमक्खी	0
madhumeh	मधुमेह	0
madhur	मधुर	0
madhuri	माधुरी	0
madhurima	मधुरिमा	0
madhushala	मधुशाला	0
madhusudan	मधुसूदन	1
madhy	मध्य	0
madhya	मध्य	0
madhyabharat	मध्यभारत	0
madhyakal	मध्यकाल	0
madhyakalin	मध्यकालीन	0
madhyakram	मध्यक्रम	0
madhyam	माध्यम	0
madhyamgram	मध्यमग्राम	0
madhyamik	माध्यमिक	0
madhyamvargiy	मध्यमवर्गीय	0
madhyantar	मध्यांतर	0
madhyapradesh	मध्यप्रदेश	0
madhyapurav	मध्यपूर्व	0
madhyapurv	मध्यपूर्व	0
madhyasth	मध्यस्थ	0
madhyastha	मध्यस्था	0
madhyasthata	मध्यस्थता	0
madhyavarti	मध्यवर्ती	0
madhyayugeen	मध्ययुगीन	0
madhyayugin	मध्ययुगीन	0
madhypurv	मध्यपूर्व	0
madina	मदीना	0
madine	मदीने	0
madirapan	मदिरापान	0
madiya	माडिया	0
madmast	मदमस्त	0
madona	मडोना	0
madonna	मडोना	1
madras	मद्रास	1
madrase	मदरसे	0
madrid	मैड्रिड	1
mafatlal	मफतलाल	0
mafi	माफी	0
mafia	माफिया	1
mafinama	माफीनामा	0
magadh	मगध	0
magadhi	मागधी	0
magahi	मगही	0
magar	मगर	1
magazine	मैगजीन	1
magenta	मैजेंटा	1
magh	माघ	0
maghai	मघई	0
maghi	मगही	0
magic	मैजिक	1
magistrate	मजिस्ट्रेट	1
maglev	मैग्लेव	1
magma	मैग्मा	1
magn	मग्न	0
magnesium	मैग्नीशियम	1
magnetic	मेग्नेटिक	1
magnetron	मैग्नेट्रॉन	1
magnitude	मैग्नीट्यूड	1
magnolia	मैगनोलिया	1
magnum	मैग्नम	1
magrib	मगरीब	0
magsaysay	मैगसेसे	0
mah	माह	1
maha	महा	0
mahaan	महान	0
mahabal	महाबल	0
mahabali	महाबली	0
mahabalipuram	महाबलीपुरम	0
mahabalshali	महाबलशाली	0
mahabharat	महाभारत	0
mahabharata	महाभारत	1
mahabhiyog	महाभियोग	0
mahabhiyoga	महाभियोग	0
mahabhoj	महाभोज	0
mahadasha	महादशा	0
mahadeshon	महादेशों	0
mahadev	महादेव	0
mahadeva	महादेवा	0
mahadevan	महादेवन	0
mahadevi	महादेवी	0
mahadevon	महादेवों	0
mahadvip	महाद्वीप	0
mahadweep	महाद्वीप	0
mahagauri	महागौरी	0
mahaguru	महागुरु	0
mahaj	महज	0
mahajanon	महाजनों	0
mahak	महक	0
mahakal	महाकाल	0
mahakaleshwar	महाकालेश्वर	0
mahakali	महाकाली	0
mahakata	महकता	0
mahakavi	महाकवि	0
mahakavy	महाकाव्य	0
mahakavya	महाकाव्य	0
mahakavyon	महाकाव्यों	0
mahal	महल	1
mahalakshmi	महालक्ष्मी	0
mahamahim	महामहिम	0
mahamandal	महामंडल	0
mahamandaleshwar	महामंडलेश्वर	0
mahamantri	महामंत्री	0
mahamarg	महामार्ग	0
mahamari	महामारी	0
mahamaya	महामाया	0
mahan	महान	1
mahanadi	महानदी	0
mahanagar	महानगर	0
mahanagari	महानगरी	0
mahanagariy	महानगरीय	0
mahanagaron	महानगरों	0
mahanand	महानंद	0
mahanata	महानता	0
mahanayak	महानायक	0
mahanayakon	महानायकों	0
mahanga	महंगा	0
mahangai	महंगाई	0
mahange	महंगे	0
mahangi	महंगी	0
mahant	महंत	0
mahanti	महांति	0
mahanton	महंतों	0
mahaparinirvan	महापरिनिर्वाण	0
mahapaur	महापौर	0
mahaprabandhak	महाप्रबंधक	0
mahaprabhu	महाप्रभु	0
mahapragya	महाप्रज्ञ	0
mahapuran	महापुराण	0
mahapurush	महापुरुष	0
mahapurushon	महापुरुषों	0
maharaj	महाराज	0
maharaja	महराजा	1
maharajganj	महाराजगंज	0
maharajyapal	महाराज्यपाल	0
maharani	महारानी	0
maharashtra	महाराष्ट्र	1
maharashtrian	महाराष्ट्रीयन	0
maharashtriy	महाराष्ट्रीय	0
maharathi	महारथी	0
maharshi	महर्षि	0
maharshiyon	महर्षियों	0
mahasabha	महासभा	0
mahasachiv	महासचिव	0
mahasagar	महासागर	0
mahasagaron	महासागरों	0
mahasagriy	महासागरीय	0
mahasamar	महासमर	0
mahasammelan	महासम्मेलन	0
mahasangh	महासंघ	0
mahasaraswati	महासरस्वती	0
mahasarvekshak	महासर्वेक्षक	0
mahashakti	महाशक्ति	0
mahashaktiyon	महाशक्तियों	0
mahashivratri	महाशिवरात्रि	0
mahashweta	महाश्वेता	0
mahasukh	महासुख	0
mahatavpurn	महत्वपूर्ण	0
mahati	महती	0
mahatma	महात्मा	1
mahatmya	महात्म्य	0
mahato	महतो	0
mahattva	महत्व	0
mahattvapurn	महत्त्वपूर्ण	0
mahattwapurn	महत्वपूर्ण	0
mahatv	महत्व	0
mahatva	महत्व	0
mahatvakanksha	महत्वाकांक्षा	0
mahatvakankshi	महत्वाकांक्षी	0
mahatvapoorn	महत्वपूर्ण	0
mahatvapurn	महत्वपूर्ण	0
mahatvapurna	महत्वपूर्ण	0
mahatvpoorn	महत्वपूर्ण	0
mahatvpurn	महत्वपूर्ण	0
mahatvpurna	महत्वपूर्ण	0
mahatwa	महत्व	0
mahatwapurn	महत्वपूर्ण	0
mahatwpurn	महत्वपूर्ण	0
mahavat	महावत	0
mahaveer	महावीर	0
mahavidyalay	महाविद्यालय	0
mahavidyalaya	महाविद्यालय	0
mahavihar	महाविहार	0
mahavir	महावीर	0
mahavrutt	महावृत्त	0
mahayuddh	महायुद्ध	0
mahaz	महज	0
mahbub	महबूब	0
mahbuba	महबूबा	0
mahela	महेला	0
mahendra	महेंद्र	0
mahendranath	महेंद्रनाथ	0
maheshwar	महेश्वर	0
maheshwari	माहेश्वरी	0
mahfilon	महफिलों	0
mahi	माही	0
mahila	महिला	1
mahilaen	महिलाएं	0
mahilao	महिलाओं	0
mahilaon	महिलाओं	0
mahilawadi	महिलावादी	0
mahilayen	महिलाऐं	0
mahim	महिम	0
mahima	महिमा	0
mahina	महिना	0
mahindra	महिंद्रा	1
mahine	महीने	0
mahinon	महीनों	0
mahipalpur	महिपालपुर	0
mahir	माहिर	0
mahisagar	महीसागर	0
mahishasur	महिषासुर	0
mahishmati	महिष्मति	0
mahiya	माहिया	0
mahkame	महकमे	0
mahmud	महमूद	1
mahoba	महोबा	0
mahoday	महोदय	0
maholi	महोली	0
mahon	माहों	1
mahotsav	महोत्सव	0
mahotsavon	महोत्सवों	0
mahrauli	महरौली	0
mahrshi	महर्षि	0
mahsus	महसूस	0
mahtari	महतारी	0
mahtavpurn	महत्वपूर्ण	0
mahto	महतो	0
mahtta	महत्ता	0
mahtvapurn	महत्त्वपूर्ण	0
mahtw	महत्व	0
mahua	महुआ	0
mai	मैं	1
maida	मैदा	1
maidaan	मैदान	0
maidan	मैदान	1
maidani	मैदानी	0
maidanon	मैदानों	0
maigalganj	मैगलगंज	0
maike	मैके	0
mail	मेल	1
maila	मैला	0
maim	माइम	1
main	मैं	1
mainawati	मैनावती	0
maine	मैंने	1
mainly	मेनली	1
mainpuri	मैनपुरी	0
mairino	मैरिनो	0
maithil	मैथिल	0
maithili	मैथिली	0
maithilisharan	मैथिलीशरण	0
maithun	मैथुन	0
maitrey	मैत्रेय	0
maitri	मैत्री	0
maja	मजा	0
majabut	मजबूत	0
majahab	मजहब	0
majak	मजाक	0
majakiya	मजाकिया	0
majal	मजल	0
majar	मंजर	0
majboor	मजबूर	0
majboot	मजबूत	0
majbur	मजबूर	0
majburan	मजबूरन	0
majburi	मजबूरी	0
majbut	मजबूत	0
majbuti	मजबूती	0
majdoor	मजदूर	0
majdur	मजदूर	0
majduri	मजदूरी	0
majduron	मजदूरों	0
maje	मजे	0
majhab	मजहब	0
majid	मजीद	1
majja	मज्जा	0
majlis	मजलिस	0
major	मेजर	1
majuli	माजुली	0
majumdar	मजुमदार	0
makaan	मकान	0
makai	मकई	0
makan	मकान	0
makanon	मकानों	0
makar	मकर	1
makarsankranti	मकरसंक्रांति	0
makau	मकाऊ	0
makbara	मकबरा	0
makbare	मकबरे	0
makbaron	मकबरों	0
makbra	मकबरा	0
makdi	मकड़ी	0
make	मेक	1
makeup	मेकअप	1
makhana	मखाना	0
makhanlal	माखनलाल	0
makhija	माखीजा	0
makhmal	मखमल	0
makhmali	मखमली	0
making	मेकिंग	1
makka	मक्का	0
makkar	मक्कार	0
makke	मक्के	0
makkhan	मक्खन	0
makkhi	मक्खी	0
makkhiyon	मक्खियों	0
makki	मक्की	0
makpa	माकपा	0
makrana	मकराना	0
makrand	मकरंद	0
maksad	मकसद	0
maktoom	मकतूम	0
mal	मल	1
mala	माला	1
malaba	मलबा	0
malabar	मालाबार	0
malabe	मलबे	0
malabon	मलबों	0
malai	मलाई	0
malaidar	मलाईदार	0
malakar	मालाकार	0
malal	मलाल	0
malala	मलाला	0
malani	मालानी	0
malaon	मालाओं	0
malappuram	मलप्पुरम	0
malaria	मलेरिया	1
malarna	मलारना	0
malashay	मलाशय	0
malati	मलती	0
malavi	मलावी	0
malawi	मलावी	1
malaya	मलाया	0
malayalam	मलयालम	0
malaysia	मलेशिया	1
malda	मालदा	0
maldeev	मालदीव	0
maldova	माल्दोवा	0
male	मेल	1
maleriya	मलेरिया	0
malham	मलहम	0
malhar	मल्हार	0
malharganj	मल्हारगंज	0
malhotra	मल्होत्रा	1
mali	माली	1
malik	मालिक	1
maliki	मालिकी	0
maliko	मालिकों	0
malikon	मालिकों	0
malin	मालिन	1
malini	मालिनी	0
malka	मलका	0
malkani	मलकानी	0
mall	मॉल	1
mallika	मल्लिका	0
malmutra	मलमूत्र	0
malon	मालों	1
maloom	मालूम	0
malt	माल्ट	1
malta	माल्टा	1
malti	मालती	0
malum	मालूम	0
malva	मालवा	1
malvahak	मालवाहक	0
malve	मलवे	0
malvika	मालविका	0
malviya	मालवीय	0
malwa	मालवा	0
malwahi	मालवाही	0
malwani	मलवानी	0
malware	मैलवेयर	1
malyalam	मलयालम	0
mama	मामा	1
mamala	मामला	0
mamale	मामले	0
mamali	मामली	0
mamalon	मामलों	0
mamba	मांबा	1
mamere	ममेरे	0
mami	मामी	0
mamla	मामला	0
mamle	मामले	0
mamlo	मामलों	0
mamlon	मामलों	0
man	मन	1
mana	माना	1
manad	मानद	0
manada	मानद	0
manage	मैनेज	1
management	मैनेजमेंट	1
manager	मैनेजर	1
managing	मैनेजिंग	1
manahi	मनाही	0
manai	मणाई	0
manak	मानक	1
manakar	मनाकर	0
manakta	मानकता	0
manali	मनाली	0
manan	मनन	0
manana	मानना	0
manane	मनाने	0
manansheel	मननशील	0
manas	मानस	1
manasarovar	मानसरोवर	0
manasik	मानसिक	0
manata	मनाता	0
manate	मनाते	0
manatlai	मानतलाई	0
manav	मानव	0
manavar	मनावर	0
manavi	मानवी	0
manaviy	मानवीय	0
manavjanit	मानवजनित	0
manavkalyan	मानवकल्याण	0
manavnirmit	मानवनिर्मित	0
manavon	मानवों	0
manavrahit	मानवरहित	0
manavshastra	मानवशास्त्र	0
manavta	मानवता	0
manavtavaad	मानवतावाद	0
manavtavaadi	मानवतावादी	0
manavvaad	मानववाद	0
manaya	मनाया	0
manayi	मनायी	0
manbhavan	मनभावन	0
manch	मंच	0
manchan	मंचन	0
manchester	मैनचेस्टर	1
manchitra	मानचित्र	0
manchitran	मानचित्रण	0
manchitron	मानचित्रों	0
manchuriyan	मंचूरियन	0
mand	मंद	0
mandaar	मंदार	0
mandakini	मंदाकिनी	0
mandal	मंडल	0
mandalakar	मंडलाकार	0
mandaleshwar	मंडलेश्वर	0
mandali	मंडली	0
mandaliyon	मंडलियों	0
mandalon	मंडलों	0
mandan	मंडन	0
mandand	मानदंड	0
mandap	मंडप	0
mandapon	मंडपों	0
mandar	मंदार	0
mandate	मैंडेट	1
mandeep	मनदीप	0
mandela	मंडेला	1
mandhar	मंधार	0
mandhata	मांधाता	0
mandi	मंदी	1
mandir	मंदिर	0
mandira	मंदिरा	0
mandiro	मन्दिरों	0
mandiron	मंदिरों	0
mandit	मंडित	0
mandiya	मंडिया	0
mandiyon	मंडियों	0
mandla	मांडला	0
mandli	मंडली	0
mandloi	मंडलोई	0
mandoor	मंडूर	0
mandrati	मंडराती	0
mandsaur	मंदसौर	0
mandvi	मांडवी	0
mandwa	मांडवा	0
mane	माने	1
manegi	मानेगी	0
manen	मानें	0
manenge	मानेंगे	0
mang	मांग	1
manga	मंगा	1
mangaana	मंगाना	0
mangaate	मंगाते	0
mangal	मंगल	0
mangalkarya	मंगलकार्य	0
mangalore	मैंगलोर	0
mangane	मांगने	0
manganese	मैंगनीज	1
mangani	मंगानी	0
mangatram	मंगतराम	0
mangaya	मंगाया	0
mangeshkar	मंगेशकर	0
mangetar	मंगेतर	0
mangla	मंगला	0
manglacharan	मंगलाचरण	0
manglagauri	मंगलागौरी	0
manglia	मांगलिया	0
manglik	मांगलिक	0
mangol	मंगोल	0
mangolia	मंगोलिया	0
mangoliya	मंगोलिया	0
mangoliyai	मंगोलियाई	0
mangolon	मंगोलों	0
mangrove	मैंग्रोव	1
mangu	मंगू	0
mangva	मंगवा	0
mangvakar	मंगवाकर	0
manhani	मानहानि	0
manhattan	मैनहैटन	1
mani	मानी	1
manifesto	मैनिफेस्टो	1
manik	माणिक	1
manila	मनिला	1
manindra	मनींद्र	0
manipal	मनिपाल	0
manipulator	मैनिपुलेटर	1
manipur	मणिपुर	0
manipuri	मणिपुरी	0
manish	मनीष	1
manisha	मनीषा	0
manishankar	मणिशंकर	0
manishi	मनीषी	0
manishiyon	मनीषियों	0
maniyan	मणियां	0
maniyar	मनियर	0
manj	मंज	0
manjar	मंजर	0
manjari	मंजरी	0
manje	मंजे	0
manjhi	मांझी	0
manjrekar	मांजरेकर	0
manjta	माँजता	0
manju	मंजू	0
manjula	मंजुला	0
manjur	मंजूर	0
manjuri	मंजूरी	0
manjushree	मंजुश्री	0
manke	मनके	1
mankon	मानकों	0
manmane	मनमाने	0
manmani	मनमानी	0
manmauji	मनमौजी	0
manmoh	मनमोह	0
manmohak	मनमोहक	0
manmohan	मनमोहन	0
manmutaav	मनमुटाव	0
manmutav	मनमुटाव	0
mann	मन	1
manna	मानना	1
mannalal	मन्नालाल	0
mannan	मन्नान	0
mannaten	मन्नतें	0
manne	मानने	1
manni	मन्नी	1
mannu	मन्नु	0
mano	मनो	1
manobal	मनोबल	0
manobhav	मनोभाव	0
manochikitsa	मनोचिकित्सा	0
manochikitsak	मनोचिकित्सक	0
manochikitsakon	मनोचिकित्सकों	0
manodaihik	मनोदैहिक	0
manodasha	मनोदशा	0
manohar	मनोहर	0
manohari	मनोहारी	0
manoneet	मनोनीत	0
manonit	मनोनीत	0
manorajan	मनोरजन	0
manoram	मनोरम	0
manorama	मनोरमा	0
manoranjak	मनोरंजक	0
manoranjan	मनोरंजन	0
manorath	मनोरथ	0
manorathon	मनोरथों	0
manorog	मनोरोग	0
manorogon	मनोरोगों	0
manosamajik	मनोसमाजिक	0
manosthithi	मनोस्थिति	0
manovaigyanik	मनोवैज्ञानिक	0
manovaigyanikon	मनोवैज्ञानिकों	0
manoveg	मनोवेग	0
manovigyan	मनोविज्ञान	0
manovigyani	मनोविज्ञानी	0
manovikar	मनोविकार	0
manovishleshan	मनोविश्लेषण	0
manovruti	मनोवृति	0
manovrutti	मनोवृत्ति	0
manpreet	मनप्रीत	0
manpur	मानपुर	0
manpura	मानपुरा	0
mans	मांस	1
mansahari	मांसाहारी	0
mansarovar	मानसरोवर	0
mansha	मंशा	0
mansi	मानसी	0
mansij	मनसिज	0
mansik	मानसिक	0
mansingh	मानसिंह	0
mansion	मेंशन	1
manspeshi	मांसपेशी	0
manspeshiyan	मांसपेशियां	0
manspeshiyon	मांसपेशियों	0
mansube	मनसूबे	0
mansubon	मनसूबों	0
mansun	मानसून	0
mansuni	मानसूनी	0
mant	मांट	0
manta	मानता	1
mantar	मंतर	0
mante	मानते	0
manthan	मंथन	0
manthar	मंथर	0
manti	मानती	0
mantra	मंत्र	1
mantralay	मंत्रालय	0
mantralaya	मंत्रालय	0
mantralayon	मंत्रालयों	0
mantri	मंत्री	0
mantrimandal	मंत्रीमंडल	0
mantron	मंत्रों	0
manu	मनु	1
manual	मैनुएल	1
manually	मैनुअली	1
manubhai	मनुभाई	0
manufacturing	मैनुफैक्चरिंग	1
manuj	मनुज	0
manuon	मनुओं	0
manush	मानुष	0
manushy	मनुष्य	0
manushya	मनुष्य	0
manushyo	मनुष्यों	0
manushyon	मनुष्यों	0
manusmriti	मनुस्मृति	0
manva	मनवा	0
manvadhikar	मानवाधिकार	0
manvadhikaron	मानवाधिकारों	0
manviy	मानवीय	0
manya	मान्य	0
manyata	मान्यता	0
manyatanusar	मान्यतानुसार	0
manyataon	मान्यताओं	0
manzur	मंजूर	0
manzuri	मंजूरी	0
mao	माओ	1
maowadi	माओवादी	0
map	मैप	1
mapak	मापक	0
mapan	मापन	0
mapdand	मापदंड	0
mapdandon	मापदंडों	0
mapega	मापेगा	0
mapne	मापने	0
mapni	मापनी	0
maps	मैप्स	1
mapusa	मापुसा	0
maqsad	मकसद	0
mar	मार	1
mara	मरा	1
marak	मारक	1
marammat	मरम्मत	0
maranoparant	मरणोपरांत	0
marathi	मराठी	1
marathon	मराठों	1
marcelo	मार्सेलो	1
march	मार्च	1
marching	मार्चिंग	1
marco	मार्को	1
mard	मरद	0
mardana	मर्दाना	0
mardani	मर्दानी	0
mare	मारे	1
marenge	मरेंगे	0
marfi	मर्फी	0
marg	मार्ग	0
margdarshak	मार्गदर्शक	0
margdarshakon	मार्गदर्शकों	0
margdarshan	मार्गदर्शन	0
marghat	मरघट	0
margi	मार्गी	0
margon	मार्गों	0
marham	मरहम	0
marhum	मरहूम	0
mari	मरी	1
maria	मारिया	1
marich	मारीच	1
marichi	मरीचि	0
marij	मरीज	0
marijon	मरीजों	0
marin	मरीन	1
marina	मरीना	1
marine	मरीन	1
marino	मार्टिनो	1
mariyam	मरियम	0
mariyan	मारियन	0
marji	मर्जी	0
mark	मार्क	1
markaiptan	मरकैप्टन	0
markari	मरकरी	0
markat	मारकाट	0
marker	मार्कर	1
market	मार्केट	1
marketing	मार्केटिंग	1
marking	मार्किंग	1
marks	मार्कस	1
marksvadi	मार्क्सवादी	0
marky	मार्की	1
marlboro	मार्लबोरो	1
marle	मार्ले	0
marlins	मार्लिंस	1
marm	मर्म	0
marmik	मार्मिक	0
marna	मरना	0
marne	मरने	0
marnoparaant	मरणोपरांत	0
maro	मरो	1
maroda	मरोड़ा	0
marriage	मैरिज	1
married	मैरिड	1
mars	मार्स	1
marsh	मार्श	1
marsha	मार्शा	1
marshal	मार्शल	1
marshmallow	मार्शमैलो	1
marta	मरता	1
marte	मरते	1
marti	मरती	1
martin	मार्टिन	1
martino	मार्टिनो	1
marty	मार्टी	1
marubhoomi	मरुभूमि	0
marubhumi	मरुभूमि	0
marusthal	मरुस्थल	0
marusthalikaran	मरुस्थलीकरण	0
marusthaliy	मरूस्थलीय	0
marusthalon	मरुस्थलों	0
maruti	मारुति	1
marva	मरवा	1
marval	मार्वल	0
marvel	मार्वल	1
marwane	मरवाने	0
mary	मेरी	1
maryadit	मर्यादित	0
mas	मांस	1
masa	मसा	1
masaan	मसान	0
masaba	मसाबा	0
masala	मसाला	0
masalan	मसलन	0
masale	मसाले	0
masani	मसानी	0
masauda	मसौदा	0
masaude	मसौदे	0
masco	मास्को	1
mashaal	मशाल	0
mashal	मशाल	0
mashhoor	मशहूर	0
mashhur	मशहूर	0
mashhuriyat	मशहूरियत	0
mashinen	मशीनें	0
mashinon	मशीनों	0
mashur	मशहूर	0
masiha	मसीहा	0
masik	मासिक	0
masjid	मस्जिद	0
masjidon	मस्जिदों	0
mask	मास्क	1
maslan	मसलन	0
mason	मेसन	1
masood	मसूद	1
massachusetts	मेसाचुसेट्स	1
mast	मस्त	1
mastani	मस्तानी	0
master	मास्टर	1
mastercard	मास्टरकार्ड	1
mastering	मास्टरिंग	1
masteron	मास्टरों	0
masters	मास्टर्स	1
masti	मस्ती	0
mastishk	मस्तिष्क	0
mastishka	मस्तिष्क	0
masud	मसूद	0
masudon	मसूड़ों	0
mat	मत	1
mata	माता	1
matadhikar	मताधिकार	0
mataji	माताजी	0
mataki	मटकी	0
matam	मातम	0
matanusar	मतानुसार	0
mataon	माताओं	0
matapita	मातापिता	0
matar	मटर	0
mataram	मातरम्	0
matarani	मातारानी	0
matbhed	मतभेद	0
matbhedon	मतभेदों	0
matbhinnata	मतभिन्नता	0
match	मैच	1
matchmaking	मैचमेकिंग	1
matchon	मैचों	0
matdaan	मतदान	0
matdan	मतदान	0
matdataon	मतदाताओं	0
mate	मैट	1
material	मेटेरियल	1
math	मठ	1
matha	माथा	0
mathat	मातहत	0
mathematical	मैथेमेटिकल	1
mathematics	मैथेमेटिक्स	1
mathew	मैथ्यू	1
mathews	मैथ्यूज	1
mathni	मथनी	0
mathon	मठों	0
mathur	माथुर	1
mathura	मथुरा	0
mati	मति	0
matiyala	मटियाला	0
matka	मटका	0
matkiyon	मटकियों	0
matlab	मतलब	0
matli	मतली	0
matmatantar	मतमतांतर	0
maton	मतों	0
matondkar	मातोंडकर	0
matr	मात्र	0
matra	मात्रा	1
matraa	मात्र	0
matrabhoomi	मातृभूमि	0
matraon	मात्राओं	0
matratmak	मात्रात्मक	0
matrix	मेट्रिक्स	1
matrubhasha	मातृभाषा	0
matsyasan	मत्स्यासन	0
matter	मैटर	1
matters	मैटर्स	1
mattha	मत्था	0
matunga	माटुंगा	0
mau	मौ	1
maudha	मौदहा	0
mauj	मौज	0
maujampur	मौजमपुर	0
maujood	मौजूद	0
maujpur	मौजपुर	0
maujud	मौजूद	0
maujuda	मौजूदा	0
mauka	मौका	0
mauke	मौके	0
maukhik	मौखिक	0
maulana	मौलाना	0
maulavi	मौलवी	0
maulik	मौलिक	0
maulvi	मौलवी	0
maun	मौन	0
mauritius	मॉरीशस	1
maurya	मौर्य	0
mauryakal	मौर्यकाल	0
mausam	मौसम	0
mausami	मौसमी	0
maushami	मौशमी	0
mausi	मौसी	0
maut	मौत	0
mauten	मौतें	0
mauton	मौतों	0
mavalankar	मावलंकर	0
mavali	मवाली	0
maveshi	मवेशी	0
maveshiyon	मवेशियों	0
mavji	मावजी	0
mavli	मावली	0
mavra	मावरा	0
max	मैक्स	1
maxi	मैक्सी	1
maxim	मैक्सिम	1
maxwell	मैक्सवेल	1
may	मई	1
maya	माया	1
mayad	मायड़	0
mayana	मायना	0
mayanon	मायनों	0
mayavi	मायावी	0
mayawati	मायावती	0
maykhane	मयखाने	0
mayne	मायने	1
mayo	मायो	1
mayor	मेयर	1
mayors	मेयर्स	1
mayur	मयूर	0
mayurbhanj	मयूरभंज	0
mayuri	मयूरी	0
mazar	मजार	0
maze	मजे	1
mazhab	मजहब	0
mba	एमबीए	1
mbbs	एमबीबीएस	0
mbt	एमबीटी	0
mcc	एमसीसी	0
mcdonalds	मैकडॉनल्ड्स	1
mcdowell	मैकडॉवेल	1
mcg	एमसीजी	0
mcguire	मैग्वायर	1
md	एमडी	1
mdr	एमडीआर	0
mdt	एमडीटी	0
me	में	1
mean	मिन	1
meaning	मीनिंग	1
mechanic	मेकैनिक	1
mechanical	मैकेनिकल	1
mechanized	मैकेनाइज्ड	1
med	मेड	1
medak	मेडक	0
medal	मेडल	1
medals	मेडल्स	1
medanta	मेदांता	0
medha	मेधा	0
medhavi	मेधावी	0
medi	मेडी	1
media	मीडिया	1
medical	मेडिकल	1
medication	मेडिकेशन	1
medicinal	मेडिसिनल	1
medicine	मेडिसिन	1
medina	मेडिना	1
medison	मैडिसन	0
mediterranean	मेडिटरेनियन	1
medy	मेडी	0
meel	मील	0
meena	मीणा	0
meer	मीर	1
meera	मीरा	0
meeran	मीरान	0
meet	मिट	1
meetha	मीठा	0
meethe	मीठे	0
meethi	मीठी	0
meeting	मीटिंग	1
megabites	मेगाबाइट्स	0
megabytes	मेगाबाइट्स	1
megh	मेघ	0
megha	मेघा	0
meghalaya	मेघालय	0
meghana	मेघना	0
meghdoot	मेघदूत	0
meghnad	मेघनाद	0
meghnath	मेघनाथ	0
meghon	मेघों	0
meghraj	मेघराज	0
meghvanshi	मेघवंशी	0
meh	मेह	0
mehanat	मेहनत	0
mehanati	मेहनती	0
mehandipur	मेंहदीपुर	0
mehar	मेहर	0
mehmaani	मेहमानी	0
mehnat	मेहनत	0
mehnatkashon	मेहनतकशों	0
mehnga	महंगा	0
mehngai	महंगाई	0
mehra	मेहरा	0
mehrab	मेहराब	0
mehraj	मेहराज	0
mehsus	महसूस	0
mehta	मेहता	1
mehtva	महत्व	0
mein	में	1
mej	मेज	0
mejban	मेजबान	0
mel	मेल	1
mela	मेला	0
melan	मेलन	0
melarthi	मेलार्थी	0
melatonin	मेलाटोनिन	1
mele	मेले	1
meli	मेली	1
melisa	मेलिसा	0
melmilaap	मेलमिलाप	0
melo	मेलो	1
melon	मेलों	1
mem	में	0
member	मेंबर	1
members	मेंबर्स	1
memogram	मैमोग्राम	0
memorial	मेमोरियल	1
memory	मेमोरी	1
men	में	1
menan	मेनन	0
mendhak	मेंढक	0
menjo	मेंज़ो	0
mention	मेंशन	1
mera	मेरा	0
merath	मेरठ	0
mercantile	मर्केंटाइल	1
merchant	मर्चेंट	1
mercury	मरकरी	1
mere	मेरे	1
meri	मेरी	0
meril	मेरिल	0
merin	मेरिन	0
merino	मेरिनो	1
merry	मैरी	1
meru	मेरु	0
merudand	मेरुदंड	0
mesan	मेसन	0
mesh	मेष	1
mesopotamia	मेसोपोटामिया	1
messaging	मैसेजिंग	1
messenger	मैसेंजर	1
messi	मेसी	0
metabolic	मेटाबोलिक	1
metal	मेटल	1
meter	मीटर	1
methane	मीथेन	1
methanol	मेथनॉल	1
methdist	मेथडिस्ट	0
methi	मेथी	0
method	मेथड	1
metre	मीटर	1
metres	मीटर्स	1
metric	मेट्रिक	1
metro	मेट्रो	1
metrological	मेट्रोलॉजिकल	0
metropolitan	मेट्रोपॉलिटन	1
meve	मेवे	0
mewat	मेवात	0
mewe	मेवे	0
mexican	मैक्सिकन	1
mexico	मैक्सिको	1
meyo	मेयो	1
mgm	एमजीएम	1
mhadev	महादेव	0
mhare	म्हारे	0
mharo	म्हारो	0
mi	एमआई	1
miami	मियामी	1
mica	माइका	1
michael	माइकल	1
michaels	माइकल्स	1
michali	मिचली	0
michelle	मिचेल	1
michigan	मिशिगन	1
micran	माइक्रान	0
micro	माइक्रो	1
microbe	माइक्रोब	1
microbiologist	माइक्रोबायोलॉजिस्ट	1
microblogging	माइक्रोब्लॉगिंग	0
microfinance	माइक्रोफाइनांस	0
microgram	माइक्रोग्राम	1
micron	माइक्रॉन	1
microneshiya	माइक्रोनेशिया	0
microphone	माइक्रोफोन	1
microprocessor	माइक्रोप्रोसेसर	1
microscope	माइक्रोस्कोप	1
microscopy	माइक्रोस्कोपी	1
microsoft	माइक्रोसॉफ्ट	1
microwave	माइक्रोवेव	1
mid	मिड	1
middle	मिडल	1
midiya	मीडिया	0
midnapur	मिदनापुर	0
midway	मिडवे	1
mig	एमआईजी	1
migra	मिग्रा	1
migraine	माइग्रेन	1
mihir	मिहिर	0
mihirbhoj	मिहिरभोज	0
mike	माइक	1
mil	मिल	1
mila	मिला	1
milaa	मिला	0
milaai	मिलाई	0
milaan	मिलान	0
milaanaa	मिलाना	0
milaane	मिलाने	0
milaani	मिलानी	0
milaap	मिलाप	0
milaate	मिलाते	0
milaati	मिलाती	0
milaavat	मिलावट	0
milaayaa	मिलाया	0
milae	मिलाए	0
milaen	मिलाएं	0
milai	मिलाई	0
milaie	मिलाइए	0
milajula	मिलाजुला	0
milakar	मिलाकर	0
milan	मिलन	1
milana	मिलना	0
milane	मिलाने	0
milani	मिलनी	1
milap	मिलाप	0
milata	मिलता	0
milate	मिलाते	0
milati	मिलती	0
milavat	मिलावट	0
milaya	मिलाया	0
mile	मिले	1
milega	मिलेगा	0
milegaa	मिलेगा	0
milegi	मिलेगी	0
milejule	मिलेजुले	0
milen	मिलें	0
milenge	मिलेंगे	0
mili	मिली	0
milijuli	मिलीजुली	0
milk	मिल्क	1
milkar	मिलकर	0
milkipur	मिल्कीपुर	0
milkiyat	मिलकियत	0
millat	मिल्लत	0
miller	मिलर	1
milligram	मिलीग्राम	1
millimeter	मिलीमीटर	1
million	मिलियन	1
millionaire	मिलेनियर	1
mills	मिल्स	1
miln	मिल्न	0
milna	मिलना	0
milne	मिलने	1
milo	मिलो	1
milon	मीलों	0
milta	मिलता	0
milte	मिलते	0
milti	मिलती	0
milton	मिल्टन	1
mimansa	मीमांसा	0
mime	माइम	1
min	मिन	1
mina	मिना	1
minakshi	मीनाक्षी	0
minakshipuram	मीनाक्षीपुरम	0
minal	मीनल	0
minar	मिनार	1
minat	मिनट	0
mindanao	मिन्दनाओ	1
mine	माइन	1
mines	माइनस	1
ming	मिंग	1
mingora	मिंगोरा	0
minha	मिन्ह	0
mini	मिनी	1
miniechar	मिनिएचर	0
minimal	मिनिमल	1
mining	माइनिंग	1
minisha	मिनीषा	0
minister	मिनिस्टर	1
ministry	मिनिस्ट्री	1
mink	मिंक	1
minnesota	मिनेसोटा	1
minor	माइनर	1
minu	मीनू	0
minut	मिनट	0
minute	मिनट	1
minuton	मिनटों	0
mir	मीर	1
mira	मीरा	1
miran	मीरन	0
mirch	मिर्च	0
mirchi	मिर्ची	0
miren	मिरेन	0
mirganj	मीरगंज	0
mirgi	मिर्गी	0
mirjafar	मीरजाफर	0
mirjapur	मिर्जापुर	0
mirror	मिरर	1
mirrors	मिरर्स	1
mirza	मिर्ज़ा	1
mirzapur	मिर्जापुर	0
misa	मीसा	1
misaal	मिसाल	0
misail	मिसाइल	0
misal	मिसल	0
misbah	मिस्बाह	0
misha	मीषा	1
mishel	मिशेल	0
mishr	मिश्र	0
mishra	मिश्रा	1
mishran	मिश्रण	0
mishrit	मिश्रित	0
mishthan	मिष्ठान	0
misr	मिस्र	0
misra	मिस्र	0
misri	मिस्री	0
miss	मिस	1
missi	मिस्सी	0
missile	मिसाइल	1
missilein	मिसाइलें	0
missiles	मिसाइल्स	1
mission	मिशन	1
missionaries	मिशनरीज	1
missionary	मिशनरी	1
missionon	मिशनों	0
missouri	मिसौरी	1
mistakes	मिस्टेक्स	1
mister	मिस्टर	1
mistry	मिस्ट्री	1
misty	मिस्टी	1
mit	एमआईटी	1
mita	मिटा	1
mitane	मिटाने	0
mitar	मीटर	0
mitata	मिटता	0
mith	मिथ	0
mithaas	मिठास	0
mithak	मिथक	0
mithakon	मिथकों	0
mithapur	मीठापुर	0
mithe	मीठे	0
mithen	मिथेन	0
mithun	मिथुन	1
mitoxantrone	माइटॉक्सैनट्रोन	0
mitr	मित्र	0
mitra	मित्र	1
mitrata	मित्रता	0
mitron	मित्रों	0
mittal	मित्तल	1
mitthi	मिट्ठी	0
mitti	मिट्टी	0
mix	मिक्स	1
mixing	मिक्सिंग	1
mixture	मिक्सचर	1
miyaa	मिया	0
miyami	मियामी	0
mizoram	मिज़ोरम	0
mk	एमके	0
mla	एमएलए	0
mlb	एमएलबी	0
mlc	एमएलसी	0
mm	एमएम	1
mn	में	0
mo	मो	1
mob	मॉब	1
mobile	मोबाइल	1
mochan	मोचन	0
mod	मोड़	1
moda	मोड़ा	0
modak	मोदक	0
modana	मोड़ना	0
mode	मोड़	1
model	मॉडल	1
modeling	मॉडलिंग	1
modelling	मॉडलिंग	1
modelon	मॉडलों	0
models	मॉडल्स	1
modem	मॉडेम	1
moderator	मॉडरेटर	1
modi	मोदी	1
moeen	मोईन	0
mogari	मोगरी	0
moghe	मोघे	0
mogra	मोगरा	0
mogre	मोगरे	0
moh	मोह	0
moha	मोहा	0
mohabbat	मोहब्बत	0
mohabbatein	मोहब्बतें	0
mohali	मोहाली	0
mohalla	मोहल्ला	0
mohalle	मोहल्ले	0
mohammad	मोहम्मद	1
mohan	मोहन	1
mohandas	मोहनदास	0
mohanlalganj	मोहनलालगंज	0
mohanti	मोहंती	0
mohanty	मोहंती	0
mohar	मोहर	1
mohawk	मोहॉक	1
mohenjodaro	मोहनजोदड़ो	0
mohi	मोहि	0
mohiniattam	मोहिनीअट्टम	0
mohit	मोहित	1
mohiuddin	मोहिउद्दीन	0
mohnish	मोहनीश	0
mohron	मोहरों	0
moily	मोइली	0
moitra	मोइत्रा	0
mojanbik	मोजांबिक	0
moje	मोजे	0
mokokchung	मोकोकचुंग	0
moksh	मोक्ष	0
moksha	मोक्ष	0
mokshada	मोक्षदा	0
mokshda	मोक्षदा	0
molecule	मॉलिक्यूल	1
molon	मॉलों	0
moltol	मोलतोल	0
mombatti	मोमबत्ती	0
momina	मोमिना	0
mona	मोना	1
monalisa	मोनालिसा	0
money	मनी	1
monga	मोंगा	0
monica	मोनिका	1
monitor	मॉनिटर	1
monitoring	मॉनिटरिंग	1
monmouth	मॉनमाउथ	1
monochrome	मोनोक्रोम	1
monorail	मोनोरेल	1
monosodium	मोनोसोडियम	0
monoxide	मोनोऑक्साइड	1
monsoon	मॉनसून	1
monster	मोंस्टर	1
monsters	मॉन्सटर्स	1
montreal	मांट्रियल	1
monty	मोंटी	1
mook	मूक	1
mool	मूल	0
moon	मून	1
moong	मूंग	0
moorati	मूर्ति	0
moorcha	मूर्छा	0
moorchit	मूर्छित	0
moore	मूर	1
moort	मूर्त	0
moorti	मूर्ति	0
moortiya	मूर्तिया	0
moortiyon	मूर्तियों	0
moosal	मूसल	0
mor	मोर	1
mora	मोरा	1
moradabad	मुरादाबाद	0
morali	मोरली	0
morarji	मोरारजी	0
morcha	मोर्चा	0
morche	मोर्चे	0
morchon	मोर्चों	0
more	मोर	1
morena	मुरैना	1
moresbi	मोरेस्बी	0
morgan	मॉर्गन	1
mori	मोरी	1
morle	मोर्ले	0
morn	मोर्न	1
morne	मोर्ने	0
morni	मोरनी	0
morning	मॉर्निंग	1
morocco	मोरक्को	1
moron	मोरों	1
moropant	मोरोपंत	0
morris	मॉरिस	1
morrison	मोरिसन	1
mors	मोर्स	0
morse	मॉर्स	1
morsi	मोर्सी	0
morya	मोरया	0
moscow	मास्को	1
mota	मोटा	1
motai	मोटाई	0
motal	मोटल	0
motapa	मोटापा	0
motape	मोटापे	0
mote	मोटे	1
moters	मोटर्स	0
mother	मदर	1
moti	मोती	1
motilal	मोतीलाल	0
motion	मोशन	1
motivational	मोटिवेशनल	1
motiyabind	मोतियाबिंद	0
motiyon	मोतियों	0
motor	मोटर	1
motorcycle	मोटरसाइकिल	1
motoron	मोटरों	0
motors	मोटर्स	1
motte	मोट्टे	1
motwani	मोटवानी	0
mount	माउंट	1
mountain	माउंटेन	1
mountaineering	माउंटेनियरिंग	1
mountains	माउंटेंस	1
mountbatten	माउंटबेटन	0
mouse	माउस	1
mouthwash	माउथवॉश	1
movement	मूवमेंट	1
movements	मूवमेंट्स	1
moves	मूव्स	1
movie	मूवी	1
moving	मूविंग	1
moya	मोया	1
moyan	मोयन	0
mozilla	मोज़िला	0
mp	एमपी	0
mpc	एमपीसी	0
mrat	मृत	0
mri	एमआरआई	1
mrida	मृदा	0
mrig	मृग	0
mrigtrishna	मृगतृष्णा	0
mrit	मृत	0
mrityu	मृत्यु	0
mrityudand	मृत्युदंड	0
mrp	एमआरपी	0
mruda	मृदा	0
mrudang	मृदंग	0
mrudu	मृदु	0
mrudul	मृदुल	0
mrudula	मृदुला	0
mrugiyon	मृगियों	0
mrunal	मृणाल	0
mrut	मृत	0
mrutak	मृतक	0
mrutika	मृत्तिका	0
mruttika	मृत्तिका	0
mrutyu	मृत्यु	0
ms	एम्एस	1
msc	एमएससी	0
msg	एमएसजी	0
mss	एमएसएस	0
mtv	एमटीवी	1
muammar	मुअम्मर	1
muavaje	मुआवजे	0
mubarak	मुबारक	1
much	मच	1
muchhen	मूछें	0
mud	मुड़	1
mudda	मुद्दा	0
muddat	मुद्दत	0
mudde	मुद्दे	0
muddo	मुद्दों	0
muddon	मुद्दों	0
mudgal	मुद्गल	0
mudkar	मुड़कर	0
mudliyar	मुदलियार	0
mudra	मुद्रा	1
mudrak	मुद्रक	0
mudrakosh	मुद्राकोष	0
mudran	मुद्रण	0
mudraon	मुद्राओं	0
mudrasfiti	मुद्रास्फीति	0
mudrika	मुद्रिका	0
mudrit	मुद्रित	0
mudssar	मुदस्सर	0
mufeed	मुफीद	0
muffler	मफलर	1
muft	मुफ्त	0
muftkhor	मुफ्तखोर	0
mugal	मुगल	0
mugaliya	मुगालिया	0
mugalkal	मुगलकाल	0
mugalsaray	मुगलसराय	0
mugdh	मुग्ध	0
mughal	मुगल	0
muhaiya	मुहैया	0
muhaiyya	मुहैय्या	0
muhajir	मुहाजिर	0
muhal	मुहाल	0
muhammad	मुहम्मद	1
muhammadabad	मुहम्मदाबाद	0
muhana	मुहाना	0
muhane	मुहाने	0
muhanon	मुहानों	0
muhar	मुहर	0
muharen	मुहरें	0
muharon	मुहरों	0
muhason	मुंहासों	0
muhavara	मुहावरा	0
muhavaron	मुहावरों	0
muheem	मुहिम	0
muhim	मुहिम	0
muhron	मुहरों	0
muhurt	मुहूर्त	0
muin	मुईन	0
mujaffarnagar	मुजफ्फरनगर	0
mujahideen	मुजाहिदीन	1
mujh	मुझ	0
mujhase	मुझसे	0
mujhe	मुझे	0
mujibur	मुजीबुर	0
mujra	मुजरा	0
muk	मूक	0
mukaam	मुकाम	0
mukabala	मुकाबला	0
mukabale	मुकाबले	0
mukabalon	मुकाबलों	0
mukable	मुकाबले	0
mukadame	मुकदमे	0
mukaddar	मुकद्दर	0
mukadma	मुकदमा	0
mukadme	मुकदमे	0
mukadmon	मुकदमों	0
mukam	मुकाम	0
mukammal	मुकम्मल	0
mukar	मुकर	0
mukh	मुख	0
mukhade	मुखड़े	0
mukhar	मुखर	0
mukharji	मुखर्जी	0
mukharta	मुखरता	0
mukhauta	मुखौटा	0
mukhbir	मुखबिर	0
mukhbiron	मुखबिरों	0
mukhda	मुखड़ा	0
mukhi	मुखी	0
mukhiya	मुखिया	0
mukhy	मुख्य	0
mukhya	मुख्य	0
mukhyabhoomi	मुख्यभूमि	0
mukhyadhaara	मुख्यधारा	0
mukhyadhaaraa	मुख्यधारा	0
mukhyalay	मुख्यालय	0
mukhyalaya	मुख्यालय	0
mukhyamantri	मुख्यमंत्री	0
mukhyat	मुख्यत	0
mukhyata	मुख्यत	0
mukhyatah	मुख्यतः	0
mukhyatayaa	मुख्यतया	0
mukhyedhara	मुख्यधारा	0
mukka	मुक्का	0
mukke	मुक्के	0
mukkebaaj	मुक्केबाज	0
mukkebaji	मुक्केबाजी	0
mukkebajon	मुक्केबाजों	0
mukt	मुक्त	0
mukta	मुक्त	0
muktak	मुक्तक	0
mukteshwar	मुक्तेश्वर	0
mukti	मुक्ति	0
muktibodh	मुक्तिबोध	0
muktidham	मुक्तिधाम	0
muktkon	मुक्तकों	0
mukul	मुकुल	0
mukund	मुकुंद	0
mukut	मुकुट	0
mul	मूल	0
mula	मूला	1
mulajim	मुलाजिम	0
mulak	मूलक	0
mulakat	मुलाकात	0
mulank	मूलांक	0
mulat	मूलत	0
mulatah	मूलत	0
mulayam	मुलायम	0
muldhan	मूलधन	0
mulk	मुल्क	0
mulki	मुल्की	0
mulkraj	मुल्कराज	0
mullaon	मुल्लाओं	0
mulniwasi	मूलनिवासी	0
multan	मुल्तान	0
multi	मल्टी	1
multimedia	मल्टीमीडिया	1
multitasking	मल्टीटास्किंग	1
mulvasi	मूलवासी	0
muly	मूल्य	0
mulya	मूल्य	0
mulyankan	मूल्यांकन	0
mulyankit	मूल्यांकित	0
mulyo	मूल्यों	0
mulyon	मूल्यों	0
mumbai	मुंबई	1
mumkin	मुमकिन	0
mumtaaj	मुमताज	0
mumtaj	मुमताज	0
mumtaz	मुमताज	0
munafa	मुनाफ़ा	0
munakka	मुनक्का	0
munal	मुनाल	0
munasib	मुनासिब	0
munat	मूणत	0
munchh	मूंछ	0
munda	मुंडा	0
mundada	मूंदड़ा	0
mundara	मुंडारा	0
mundawar	मुंडावर	0
munde	मुंडे	0
munder	मुंडेर	0
mundeshwari	मुंडेश्वरी	0
mundkar	मूंदकर	0
mune	मूने	0
muneem	मुनीम	0
munetra	मुनेत्र	0
mung	मूंग	0
munger	मुंगेर	1
mungfali	मूंगफली	0
muni	मुनि	1
municipal	म्युनिसिपल	1
munim	मुनीम	0
munishwar	मुनीश्वर	0
muniyon	मुनियों	0
munna	मुन्ना	0
munni	मुन्नी	1
munro	मुनरो	1
munshi	मुंशी	0
munsif	मुंसिफ	0
murabba	मुरब्बा	0
murabbe	मुरब्बे	0
murad	मुराद	1
muradnagar	मुरादनगर	0
muraina	मुरैना	0
murali	मुरली	1
murat	मूरत	0
murda	मुर्दा	0
mure	मुरे	0
murga	मुर्गा	0
murgi	मुर्गी	0
murgon	मुर्गों	0
murid	मुरीद	0
murkh	मूर्ख	0
murli	मुरली	0
murlidhar	मुरलीधर	0
murmu	मुरमू	0
muron	मूरों	0
murshid	मुर्शीद	0
murshidabad	मुर्शिदाबाद	0
murti	मूर्ति	0
murtikala	मूर्तिकला	0
murtikar	मूर्तिकार	0
murtiya	मूर्तिया	0
murtiyaan	मूर्तियां	0
murtiyan	मूर्तियां	0
murtiyon	मूर्तियां	0
musa	मूसा	1
musalmaan	मुसलमान	0
musalman	मुसलमान	0
musalmanon	मुसलमानों	0
musbbar	मुसब्बर	0
muscles	मसल्स	1
museum	म्यूज़ियम	1
mushak	मूषक	0
musharraf	मुशर्रफ	0
mushk	मुश्क	0
mushkil	मुश्किल	0
mushkilon	मुश्किलों	0
mushroom	मशरूम	1
mushtak	मुश्ताक	0
musibat	मुसीबत	0
musibatein	मुसीबतें	0
music	म्यूजिक	1
musical	म्यूजिकल	1
musium	म्यूजियम	0
muskurahat	मुस्कुराहट	0
muskurakar	मुस्कुराकर	0
muskurate	मुस्कुराते	0
musladhar	मूसलाधार	0
muslim	मुस्लिम	1
muslima	मुस्लिम	0
muslimom	मुस्लिमों	0
muslimon	मुस्लिमों	0
mustafa	मुस्तफा	1
mustard	मस्टर्ड	1
mutaabik	मुताबिक	0
mutabik	मुताबिक	0
mutation	म्यूटेशन	1
muthbhed	मुठभेड़	0
mutra	मूत्र	0
mutramarg	मूत्रमार्ग	0
mutrashay	मूत्राशय	0
mutual	म्युचुअल	1
muzaffarabad	मुजफ्फराबाद	0
muzaffarpur	मुजफ्फरपुर	0
my	माय	1
myanmar	म्याँमार	1
mysore	मैसूर	0
mystery	मिस्टी	1
n	न	1
na	न	1
naach	नाच	0
naachte	नाचते	0
naad	नाद	0
naadi	नाडी	0
naag	नाग	0
naagarik	नागरिक	0
naago	नागो	0
naagon	नागों	0
naagri	नागरी	0
naahar	नाहर	0
naai	नाई	0
naaj	नाज	0
naak	नाक	0
naal	नाल	0
naali	नाली	0
naalon	नालों	0
naam	नाम	0
naamak	नामक	0
naamcheen	नामचीन	0
naamdev	नामदेव	0
naami	नामी	0
naamit	नामित	0
naan	नान	1
naap	नाप	0
naapkar	नापकर	0
naarad	नारद	0
naare	नारे	0
naari	नारी	0
naariyon	नारियों	0
naaron	नारों	0
naash	नाश	0
naashtaa	नाश्ता	0
naasikaa	नासिका	0
naastik	नास्तिक	0
naastikataa	नास्तिकता	0
naata	नाता	0
naatak	नाटक	0
naatakon	नाटकों	0
naate	नाते	0
naath	नाथ	0
naatin	नातिन	0
naav	नाव	0
naazi	नाज़ी	0
naaziyon	नाज़ियों	0
nabab	नबाब	0
nabad	नाबाद	0
nabam	नबाम	0
nabarangpur	नबरंगपुर	0
nabard	नाबार्ड	0
nabbe	नब्बे	0
nabh	नाभ	0
nabhadas	नाभादास	0
nabhikiya	नाभिकीय	0
nabi	नबी	1
nabinagar	नबीनगर	0
nach	नाच	0
nachaata	नचाता	0
nachiket	नचिकेत	0
nachiketa	नचिकेता	0
nachna	नचना	0
nad	नाद	1
nadar	नाडार	0
naddula	नड्डुला	0
nadela	नडेला	0
nadi	नदी	0
nadir	नादिर	1
nadira	नादिरा	0
nadirshah	नादिरशाह	0
nadiya	नाडिया	0
nadiyadvala	नाडियाडवाला	0
nadiyan	नदियां	0
nadiyo	नदियों	0
nadiyon	नदियों	0
nadol	नाडोल	0
nadu	नाडु	0
nae	नए	0
nafe	नफे	0
nafees	नफीस	0
nafrat	नफरत	0
nafri	नफरी	0
nag	नाग	1
naga	नागा	0
nagadi	नगदी	0
nagaland	नगालैंड	0
naganya	नगण्य	0
nagar	नगर	0
nagari	नगरी	0
nagarik	नागरिक	0
nagarikaran	नगरीकरण	0
nagarikata	नागरिकता	0
nagarikon	नागरिकों	0
nagarikta	नागरिकता	0
nagarjun	नागार्जुन	0
nagarkot	नगरकोट	0
nagarmotha	नागरमोथा	0
nagaron	नगरों	0
nagarpalika	नगरपालिका	0
nagarpanchayat	नगरपंचायत	0
nagarvaasiyon	नगरवासियों	0
nagasaki	नागासाकी	1
nagbhushan	नागभूषण	0
nagdev	नागदेव	0
nagendra	नागेंद्र	0
nagi	नागी	1
nagkesar	नागकेसर	0
nagla	नगला	0
nagma	नगमा	0
nagn	नग्न	0
nago	नागो	0
nagon	नागों	0
nagor	नागोर	0
nagpash	नागपाश	0
nagpur	नागपुर	0
nagraj	नागराज	0
nagri	नगरी	0
nagrik	नागरिक	0
nagriko	नागरिकों	0
nagrikon	नागरिकों	0
nagrikta	नागरिकता	0
nagriyon	नगरियों	0
nagron	नगरों	0
naha	नहा	0
nahakar	नहाकर	0
nahan	नहान	0
nahane	नहाने	0
nahar	नहर	0
naharen	नहरें	0
nahi	नहीं	0
nahid	नाहिद	0
nahim	नहीं	0
nahin	नहीं	0
nahlate	नहलाते	0
nahron	नहरों	0
nahush	नहुष	0
nai	नई	0
naidanik	नैदानिक	0
naihati	नैहाटी	0
nain	नैन	0
naina	नैना	1
naini	नैनी	0
nainitaal	नैनीताल	0
nainital	नैनीताल	0
nainsafi	नाइंसाफी	0
naisargik	नैसर्गिक	0
naisargikata	नैसर्गिकता	0
naiscom	नैसकॉम	0
naithan	नैथन	0
naitik	नैतिक	0
naitikta	नैतिकता	0
naito	नैटो	1
naiyar	नैयर	0
najaara	नज़ारा	0
najad	नजद	0
najam	नजम	0
najar	नजर	1
najara	नजारा	0
najarandaaj	नजरअंदाज	0
najarandaaz	नजरअंदाज	0
najariya	नजरिया	0
najdeek	नजदीक	0
najdik	नज़दीक	0
najdiki	नज़दीकी	0
naji	नाजी	0
najir	नाजिर	0
najma	नजमा	0
najmon	नज्मों	0
najriya	नज़रिया	0
najrool	नजरूल	0
najuk	नाजुक	0
nakaar	नकार	0
nakaaraatmak	नकारात्मक	0
nakab	नकाब	0
nakad	नकद	0
nakal	नकल	0
nakalchi	नकलची	0
nakali	नकली	0
nakamiyab	नाकामियाब	0
nakamyab	नाकामयाब	0
nakar	नकार	0
nakaratmak	नकारात्मक	0
nakdi	नकदी	0
nakebandi	नाकेबंदी	0
naked	नेक्ड	1
nakh	नख	0
nakhat	नखत	0
nakhun	नाखून	0
nakhush	नाखुश	0
nakkaashi	नक्काशी	0
nakkaashidaar	नक्काशीदार	0
nakkashi	नक्काशी	0
nakli	नकली	0
nakon	नाकों	0
naksh	नक्श	0
naksha	नक्शा	0
nakshaa	नक्शा	0
nakshatra	नक्षत्र	0
nakshatron	नक्षत्रों	0
nakshe	नक्शे	0
nakshon	नक्शों	0
nakshtr	नक्षत्र	0
naksir	नकसीर	0
nakta	नक्त	0
nakul	नकुल	0
nal	नल	0
nala	नाला	0
nalagarh	नालागढ़	0
nalanda	नालंदा	0
nale	नाले	1
nalgonda	नलगोंडा	0
nali	नली	0
nalika	नलिका	0
nalin	नलिन	0
nalini	नलिनी	0
naliyon	नलियों	0
nalkheda	नलखेड़ा	0
nalkupon	नलकूपों	0
nalon	नलों	0
nalwa	नलवा	0
nam	नाम	1
nama	नाम	0
namaj	नमाज	0
namak	नामक	0
namakkal	नमक्कल	0
namakyukt	नमकयुक्त	0
namami	नमामि	0
naman	नमन	0
namankan	नामांकन	0
namankit	नामांकित	0
namaskar	नमस्कार	0
namaste	नमस्ते	1
namaz	नमाज़	0
namdev	नामदेव	0
name	नेम	1
nami	नमी	0
namibia	नामीबिया	1
namit	नामित	0
namiyukt	नमीयुक्त	0
namo	नमो	0
namon	नामों	0
namuna	नमूना	0
namune	नमूने	0
namunon	नमूनों	0
namvar	नामवर	0
nan	नं	1
nana	नाना	1
nanaji	नानाजी	0
nanalal	नानालाल	0
nanavati	नानावटी	0
nand	नंद	0
nanda	नन्दा	0
nandadevi	नन्दादेवी	0
nandan	नंदन	0
nanddas	नंददास	0
nandi	नंदी	1
nandini	नंदिनी	0
nandishwar	नंदीश्वर	0
nandita	नंदीता	1
nandprayag	नंदप्रयाग	0
nanga	नंगा	0
nangarhar	नंगरहार	0
nangi	नंगी	0
nanhe	नन्हे	0
nanhi	नन्हीं	0
nani	नानी	0
nanihaal	ननिहाल	0
nanihal	ननिहाल	0
nano	नेनो	1
nanotechnology	नैनोटेक्नोलॉजी	1
nanu	नानू	0
napasand	नापसंद	0
napate	नापते	0
nape	नपे	0
napi	नापी	0
napjokh	नापजोख	0
napkin	नैपकिन	1
napoleon	नेपोलियन	1
nar	नर	0
nara	नारा	1
narajagi	नाराज़गी	0
narak	नर्क	0
naram	नरम	0
narang	नारंग	0
narangi	नारंगी	0
narayan	नारायण	1
narayanan	नारायणन	1
narayani	नारायणी	0
narayanmurti	नारायणमूर्ति	0
narayanpur	नारायणपुर	0
naraz	नाराज़	0
narcotic	नारकोटिक	1
narcotics	नार्कोटिक्स	1
narela	नरेला	0
narendra	नरेंद्र	0
naresh	नरेश	0
nareshon	नरेशों	0
nari	नारी	0
nariman	नरीमन	0
narivad	नारीवाद	0
narivadi	नारीवादी	0
nariyal	नारियल	0
nariyan	नारियां	0
nariyon	नारियों	0
nark	नर्क	0
narm	नर्म	0
narmada	नर्मदा	0
naron	नारों	1
narsing	नर्सिंग	0
narsingh	नरसिंह	0
narsinghgarh	नरसिंहगढ़	0
nartak	नर्तक	0
nartaki	नर्तकी	0
nartakiyon	नर्तकियों	0
nartakon	नर्तकों	0
nartan	नर्तन	0
narth	नार्थ	0
narula	नरुला	0
narvar	नरवर	0
narvel	नार्वल	0
nas	नस	0
nasa	नासा	1
nasal	नसल	1
naseeb	नसीब	0
nasen	नसें	0
nash	नाश	1
nasha	नशा	0
nashak	नाशक	0
nashe	नशे	0
nashila	नशीला	0
nashile	नशीले	0
nashili	नशीली	0
nashin	नशीन	0
nasht	नष्ट	0
nashta	नाश्ता	0
nashwar	नश्वर	0
nasik	नासिक	0
nasir	नसीर	0
nasirabad	नसीराबाद	0
nasl	नस्ल	0
naslo	नस्लों	0
naslon	नस्लों	0
naslwadi	नस्लवादी	0
nason	नसों	1
nasscom	नैसकॉम	0
nata	नाटा	1
nataal	नटाल	0
natak	नाटक	0
natakkar	नाटककार	0
natakkaron	नाटककारों	0
natakon	नाटकों	0
natali	नताली	1
natani	नाटाणी	0
natasha	नताशा	1
nath	नाथ	1
nathan	नैथन	1
nathdwara	नाथद्वारा	0
nathmal	नथमल	0
nathnagar	नाथनगर	0
nathon	नाथों	0
nathu	नाथु	0
nathuni	नथुनी	0
nathuram	नाथूराम	0
natija	नतीजा	0
natijatan	नतीजतन	0
natije	नतीजे	0
natijon	नतीजों	0
national	नेशनल	1
nato	नाटो	1
natraj	नटराज	0
natrajan	नटराजन	0
natrang	नटरंग	0
nattu	नट्टू	0
natural	नेचुरल	1
nature	नेचर	1
natya	नाट्य	0
natyam	नाट्यम	0
natyashala	नाट्यशाला	0
natyashastra	नाट्यशास्त्र	0
nau	नौ	1
naubatpur	नौबतपुर	0
naugachia	नवगछिया	0
naujavan	नौजवान	0
nauka	नौका	0
naukaon	नौकाओं	0
naukar	नौकर	0
naukari	नौकरी	0
naukariyan	नौकरियां	0
naukariyon	नौकरियों	0
naukaron	नौकरों	0
naukarshahi	नौकरशाही	0
naukasan	नौकासन	0
naukayan	नौकायान	0
naukrani	नौकरानी	0
naukri	नौकरी	0
nauli	नौली	0
naunihal	नौनिहाल	0
naunihalon	नौनिहालों	0
naurangi	नौरंगी	0
naurangiya	नौरंगिया	0
nauroz	नौरोज़	0
nausainik	नौसैनिक	0
nausar	नौसर	0
nausena	नौसेना	0
nausenadhyaksh	नौसेनाध्यक्ष	0
nausenaon	नौसेनाओं	0
naushera	नौशेरा	0
nautical	नॉटिकल	1
nautilus	नॉटिलस	1
nautiyal	नौटियाल	0
nav	नव	1
navab	नवाब	0
navabi	नवाबी	0
navachar	नवाचार	0
navada	नवादा	0
navaf	नवाफ	0
navagat	नवागत	0
navaja	नवाजा	0
naval	नवल	1
navam	नवम	0
navankur	नवांकुर	0
navase	नवासे	0
navasi	नवासी	0
navbharat	नवभारत	0
navchetana	नवचेतना	0
navdurga	नवदुर्गा	0
naveen	नवीन	0
navgathit	नवगठित	0
navgeet	नवगीत	0
navgrah	नवग्रह	0
navi	नवी	0
navigation	नेविगेशन	1
navik	नाविक	0
navikaran	नवीकरण	0
navin	नवीन	1
navinikaran	नवीनीकरण	0
navintam	नवीनतम	0
navjaat	नवजात	0
navjat	नवजात	0
navjeevan	नवजीवन	0
navmi	नवमी	0
navneet	नवनीत	0
navni	नवनी	0
navnirmit	नवनिर्मित	0
navniyukt	नवनियुक्त	0
navodaya	नवोदय	0
navodit	नवोदित	0
navon	नावों	0
navpravartan	नवप्रवर्तन	0
navrang	नवरंग	0
navrangpura	नवरंगपुरा	0
navratra	नवरात्र	0
navratri	नवरात्रि	0
navsakshar	नवसाक्षर	0
navvarsh	नववर्ष	0
navy	नेवी	1
navyug	नवयुग	0
navyuvak	नवयुवक	0
navyuvakon	नवयुवकों	0
nawabon	नवाबों	0
nawaj	नवाज	0
naya	नया	0
nayak	नायक	0
nayakatva	नायकत्व	0
nayan	नयन	0
nayantara	नयनतारा	0
nayar	नायर	0
naye	नए	0
nayi	नई	0
nayika	नायिका	0
nayikaon	नायिकाओं	0
nayyar	नय्यर	1
nazaaraa	नज़ारा	0
nazar	नज़र	1
nazarandaaz	नजरअंदाज	0
nazarandaz	नजरअंदाज	0
nazarband	नज़रबंद	0
nazare	नज़ारे	0
nazariya	नजरिया	0
nazariye	नज़रिए	0
nazdeek	नजदीक	0
nazdiki	नजदीकी	0
nazi	नाज़ी	1
nazm	नज़्म	0
nbc	एनबीसी	1
ncc	एनसीसी	0
ncr	एनसीआर	0
nda	एनडीए	0
ndtv	एनडीटीवी	0
ne	ने	1
ned	नेड	1
neech	नीच	0
needle	नीडल	1
neel	नील	1
neela	नीला	0
neelam	नीलम	0
neele	नीले	0
neeli	नीली	0
neelkanth	नीलकंठ	0
neem	नीम	0
neend	नींद	0
neenv	नींव	0
neerad	नीरद	0
neeras	नीरस	0
neerja	नीरजा	0
neeta	नीता	0
neetinirdhaaran	नीतिनिर्धारण	0
neetshe	नीत्शे	0
neetu	नीतू	0
negative	नेगेटिव	1
negi	नेगी	0
neha	नेहा	0
nehru	नेहरू	1
nek	नेक	0
nelli	नेल्ली	1
nellore	नेल्लौर	0
nemade	नेमाड़े	0
nemar	नेमार	0
nemat	नेमत	0
nene	नेने	1
neni	नेनी	1
neon	नियॉन	1
nepaal	नेपाल	0
nepal	नेपाल	1
nepali	नेपाली	1
nepaliyon	नेपालियों	0
nepolian	नेपोलियन	0
nestanabud	नेस्तानाबूद	0
nester	नेस्टर	1
neta	नेता	0
netaji	नेताजी	0
netflix	नेटफ्लिक्स	1
netherland	नीदरलैंड	1
netherlands	नीदरलैंड्स	1
netra	नेत्र	0
netradan	नेत्रदान	0
netralay	नेत्रालय	0
netritv	नेतृत्व	0
netritva	नेतृत्व	0
netriyon	नेत्रियों	0
netron	नेत्रों	0
netrutv	नेतृत्व	0
netrutva	नेतृत्व	0
netrutw	नेतृत्व	0
netrutwa	नेतृत्व	0
network	नेटवर्क	1
networking	नेटवर्किंग	1
networkon	नेटवर्कों	0
networks	नेटवर्क्स	1
neun	न्यून	0
neuron	न्यूरॉन	1
neurons	न्यूरॉन्स	1
neuropathy	न्यूरोपैथी	1
neurosurgeon	न्यूरोसर्जन	1
neutral	न्यूट्रल	1
neutron	न्यूट्रॉन	1
nev	नेव	0
nevada	नेवाडा	1
neval	नेवल	0
never	नेवर	1
nevi	नेवी	0
nevil	नेविल	1
nevis	नेविस	1
new	न्यू	1
newari	नेवारी	0
newcomer	न्यूकमर	1
newguinea	न्यूगिनी	0
newjersey	न्यूजर्सी	0
newman	न्यूमैन	1
newnatam	न्युनतम	0
newport	न्यूपोर्ट	1
news	न्यूज	1
newsletter	न्यूज़लेटर	1
newsprint	न्यूजप्रिंट	1
newsweek	न्यूजवीक	1
newton	न्यूटन	1
newyork	न्यूयॉर्क	0
newzealand	न्यूज़ीलैंड	0
next	नेक्स्ट	1
nexus	नेक्सस	1
nfl	एनएफएल	1
nhi	नहीं	0
nhin	नहीं	0
nhpc	एनएचपीसी	0
nia	एनआईए	0
nibandh	निबंध	0
nibandhkar	निबंधकार	0
nibandhon	निबंधों	0
nibha	निभा	0
nibhaai	निभाई	0
nibhaana	निभाना	0
nibhaanaa	निभाना	0
nibhaane	निभाने	0
nibhaata	निभाता	0
nibhaataa	निभाता	0
nibhaate	निभाते	0
nibhaati	निभाती	0
nibhaaya	निभाया	0
nibhaayaa	निभाया	0
nibhaaye	निभाये	0
nibhae	निभाए	0
nibhai	निभाई	0
nibhana	निभाना	0
nibhane	निभाने	0
nibhanewali	निभानेवाली	0
nibhar	निर्भर	0
nibhata	निभाता	0
nibhate	निभाते	0
nibhati	निभाती	0
nibhaya	निभाया	0
nibhaye	निभाये	0
nicaragua	निकारागुआ	1
nich	नीच	0
nichaa	नीचा	0
nichai	निचाई	0
nichale	निचले	0
nichali	निचली	0
niche	नीचे	1
nichi	नीची	0
nichle	निचले	0
nichli	निचली	0
nichod	निचोड़	0
nichoda	निचोड़ा	0
nicholas	निकोलस	1
nicholson	निकोलसन	1
nicobar	निकोबार	0
nicotine	निकोटीन	1
nidaan	निदान	0
nidan	निदान	0
nidar	निडर	0
nideshak	निदेशक	0
nideshakon	निदेशकों	0
nideshalay	निदेशालय	0
nidhan	निधन	0
nidhi	निधि	0
nidhiyon	निधियों	0
nigahon	निगाहों	0
nigal	निगल	0
nigalane	निगलने	0
nigalate	निगलते	0
nigalne	निगलने	0
nigam	निगम	0
nigamit	निगमित	0
nigamon	निगमों	0
nigar	निगार	0
nigarani	निगरानी	0
nigel	निजेल	1
niger	नाइजर	1
nigeria	नाइजीरिया	1
night	नाइट	1
nightingale	नाइटेंगल	1
nights	नाइट्स	1
nigrah	निग्रह	0
nigrani	निगरानी	0
nihaarane	निहारने	0
nihaarate	निहारते	0
nihaayat	निहायत	0
nihal	निहाल	0
nihalpur	निहालपुर	0
nihatthe	निहत्थे	0
nihit	निहित	0
nihitaarth	निहितार्थ	0
nij	निज	0
nijaam	निजाम	0
nijaami	निजामी	0
nijaat	निजात	0
nijam	निजाम	0
nijami	निजामी	0
nijata	निजता	0
niji	निजी	0
nijikaran	निजीकरण	0
nikaah	निकाह	0
nikaal	निकाल	0
nikaalegi	निकालेगी	0
nikaali	निकाली	0
nikaalo	निकालो	0
nikaalti	निकालती	0
nikaas	निकास	0
nikaasi	निकासी	0
nikaay	निकाय	0
nikah	निकाह	0
nikal	निकल	0
nikala	निकाला	0
nikalaa	निकला	0
nikalane	निकलने	0
nikalate	निकलते	0
nikalati	निकलती	0
nikale	निकले	0
nikalenge	निकलेंगे	0
nikali	निकली	0
nikalin	निकलीं	0
nikalkar	निकलकर	0
nikalna	निकलना	0
nikalne	निकालने	0
nikalta	निकलता	0
nikalte	निकलते	0
nikalti	निकलती	0
nikalwa	निकलवा	0
nikalwaya	निकलवाया	0
nikamme	निकम्मे	0
nikas	निकास	0
nikat	निकट	0
nikatataa	निकटता	0
nikatsth	निकटस्थ	0
nikattam	निकटतम	0
nikatvarti	निकटवर्ती	0
nikay	निकाय	0
nikayon	निकायों	0
nike	नाईक	1
nikhar	निखार	0
nikhattu	निखट्टू	0
nikhil	निखिल	0
nikita	निकिता	1
nikla	निकला	0
nikli	निकलीं	0
niklta	निकलता	0
nikshep	निक्षेप	0
nikunj	निकुंज	0
nila	नीला	1
nilamban	निलंबन	0
nilambit	निलंबित	0
nilapan	नीलापन	0
nilay	निलय	0
nile	नीले	1
nilesh	निलेश	0
nilgiri	नीलगिरी	0
nili	नीली	0
nilofer	निलोफर	0
nimagn	निमग्न	0
nimantran	निमंत्रण	0
nimbalkar	निंबालकर	0
nimbark	निंबार्क	0
nimbu	नींबू	0
nimmi	निम्मी	0
nimn	निम्न	0
nimna	निम्न	0
nimnalikhit	निम्नलिखित	0
nimnanusar	निम्नानुसार	0
nimnatam	निम्नतम	0
nimnlikhit	निम्नलिखित	0
nimrat	निम्रत	0
nind	नींद	0
ninda	निंदा	0
nine	नाइन	1
ninja	निंजा	1
ninv	नींव	0
nipatane	निपटने	0
nipatate	निपटते	0
nipatati	निपटती	0
nipatne	निपटने	0
nipple	निप्पल	1
nipples	निपल्स	1
nipta	निपटा	0
niptaan	निपटान	0
niptaana	निपटाना	0
niptaare	निपटारे	0
niptan	निपटान	0
niptana	निपटाना	0
nipun	निपुण	0
nipunta	निपुणता	0
nir	एनआईआर	1
nira	निरा	0
niraadhaar	निराधार	0
niraahaar	निराहार	0
niraakaar	निराकार	0
niraakaran	निराकरण	0
niraalaa	निराला	0
niraapad	निरापद	0
niraash	निराश	0
niraashaa	निराशा	0
niraashaajanak	निराशाजनक	0
niraashajanak	निराशजनक	0
niraashjanak	निराशजनक	0
niradhar	निराधार	0
nirahar	निराहार	0
nirakaran	निराकरण	0
nirala	निराला	0
niranjan	निरंजन	0
nirankar	निरंकार	0
nirankush	निरंकुश	0
nirankushata	निरंकुशता	0
nirantar	निरंतर	0
nirantarata	निरंतरता	0
nirarthak	निरर्थक	0
niras	नीरस	0
nirash	निराश	0
nirasha	निराशा	0
nirast	निरस्त	0
nirasta	निरस्त	0
nirbal	निर्बल	0
nirbhar	निर्भर	0
nirbharataa	निर्भरता	0
nirbhay	निर्भय	0
nirbhaya	निर्भय	0
nirbhayata	निर्भयता	0
nirbhik	निर्भीक	0
nirdaliy	निर्दलीय	0
nirday	निर्दय	0
nirdayi	निर्दयी	0
nirdesh	निर्देश	0
nirdeshak	निर्देशक	0
nirdeshakon	निर्देशकों	0
nirdeshan	निर्देशन	0
nirdeshit	निर्देशित	0
nirdeshon	निर्देशों	0
nirdhaarak	निर्धारक	0
nirdhaaran	निर्धारण	0
nirdhaarit	निर्धारित	0
nirdhan	निर्धन	0
nirdhanataa	निर्धनता	0
nirdhanta	निर्धनता	0
nirdharak	निर्धारक	0
nirdharan	निर्धारण	0
nirdharit	निर्धारित	0
nirdisht	निर्दिष्ट	0
nirdishtatae	निर्दिष्टताएं	0
nirdosh	निर्दोष	0
nirgam	निर्गम	0
nirgat	निर्गत	0
nirgun	निर्गुण	0
nirgundi	निर्गुंडी	0
nirikshak	निरीक्षक	0
nirikshan	निरीक्षण	0
nirjal	निर्जल	0
nirjalikaran	निर्जलीकरण	0
nirjan	निर्जन	0
nirjiv	निर्जीव	0
nirmaan	निर्माण	0
nirmal	निर्मल	0
nirmala	निर्मला	0
nirmali	निर्मली	0
nirmam	निर्मम	0
nirman	निर्माण	0
nirmanadhin	निर्माणाधीन	0
nirmanon	निर्माणों	0
nirmata	निर्माता	0
nirmataon	निर्माताओं	0
nirmatri	निर्मात्री	0
nirmit	निर्मित	0
nirmochan	निर्मोचन	0
nirmohi	निर्मोही	0
nirmulan	निर्मूलन	0
nirnaayak	निर्णायक	0
nirnay	निर्णय	0
nirnayak	निर्णायक	0
nirnayan	निर्णयन	0
nirnayon	निर्णयों	0
niro	नीरो	1
nirodh	निरोध	0
nirodhak	निरोधक	0
nirodhakon	निरोधकों	0
nirodhi	निरोधी	0
nirog	निरोग	0
niroopan	निरूपण	0
nirpur	नीरपुर	0
nirupa	निरूपा	0
nirupan	निरूपण	0
nirupit	निरूपित	0
niruttar	निरुत्तर	0
nirvaachan	निर्वाचन	0
nirvaah	निर्वाह	0
nirvaahan	निर्वाहन	0
nirvaan	निर्वाण	0
nirvaat	निर्वात	0
nirvachan	निर्वाचन	0
nirvachit	निर्वाचित	0
nirvah	निर्वाह	0
nirvahan	निर्वहन	0
nirvasan	निर्वासन	0
nirvasit	निर्वासित	0
nirvasiton	निर्वासितों	0
nirvastra	निर्वस्त्र	0
nirvat	निर्वात	0
nirvirodh	निर्विरोध	0
nirvivaad	निर्विवाद	0
nirvivaadit	निर्विवादित	0
nirvivad	निर्विवाद	0
nirvivadit	निर्विवादित	0
niryaat	निर्यात	0
niryaatak	निर्यातक	0
niryat	निर्यात	0
niryatak	निर्यातक	0
niryatakon	निर्यातकों	0
nis	एनआईएस	0
nisandeh	निसंदेह	0
nisarg	निसर्ग	0
nischay	निश्चय	0
nischit	निश्चित	0
nisha	निशा	0
nishaad	निषाद	0
nishaadon	निषादों	0
nishaanaa	निशाना	0
nishaanebaaji	निशानेबाजी	0
nishaani	निशानी	0
nishaaniyon	निशानियों	0
nishad	निषाद	0
nishan	निशान	0
nishana	निशाना	0
nishane	निशाने	0
nishanebaji	निशानेबाजी	0
nishani	निशानी	0
nishaniyan	निशानियां	0
nishank	निशंक	0
nishant	निशांत	0
nishastrikaran	निशस्त्रीकरण	0
nishchay	निश्चय	0
nishchit	निश्चित	0
nishechan	निषेचन	0
nishechit	निषेचित	0
nishedh	निषेध	0
nishedhaatmak	निषेधात्मक	0
nishfal	निष्फल	0
nishiddha	निषिद्ध	0
nishikant	निशिकांत	0
nishkaasan	निष्कासन	0
nishkaasit	निष्कासित	0
nishkarsh	निष्कर्ष	0
nishkarshon	निष्कर्षों	0
nishkraman	निष्क्रमण	0
nishkriy	निष्क्रिय	0
nishkriya	निष्क्रिय	0
nishkriyataa	निष्क्रियता	0
nishpaadan	निष्पादन	0
nishpaadit	निष्पादित	0
nishpadan	निष्पादन	0
nishpaksha	निष्पक्ष	0
nishpakshataa	निष्पक्षता	0
nishpraan	निष्प्राण	0
nishprabhaavi	निष्प्रभावी	0
nishprayojan	निष्प्रयोजन	0
nishtha	निष्ठा	0
nishthaaon	निष्ठाओं	0
nishthaavaan	निष्ठावान	0
nishulk	निशुल्क	0
nisichar	निसिचर	0
nissandeh	निस्संदेह	0
nissantaan	निस्संतान	0
nistaaran	निस्तारण	0
nit	एनआईटी	1
nita	नीता	1
nitaant	नितांत	0
nitambon	नितंबों	0
niti	नीति	0
nitin	नितिन	0
nitinirdhaaran	नीतिनिर्धारण	0
nitishaastra	नीतिशास्त्र	0
nitiyaan	नीतियां	0
nitrate	नाइट्रेट	1
nitric	नाइट्रिक	1
nitrite	नाइट्राइट	0
nitro	नाइट्रो	1
nitrogen	नाइट्रोजन	1
nitu	नीतू	0
nitya	नित्य	0
nityakarm	नित्यकर्म	0
nivaarak	निवारक	0
nivaas	निवास	0
nivaasiyon	निवासियों	0
nivarak	निवारक	0
nivartman	निवर्तमान	0
nivas	निवास	0
nivasi	निवासी	0
nivasiyon	निवासियों	0
nivedak	निवेदक	0
nivedan	निवेदन	0
nivedit	निवेदित	0
nivedita	निवेदिता	0
nivesh	निवेश	0
niveshak	निवेशक	0
niveshakon	निवेशकों	0
nivesho	निवेशों	0
nividaa	निविदा	0
nivrit	निवृत	0
nivritt	निवृत्त	0
nivritti	निवृत्ति	0
niwas	निवास	0
nixon	निक्सन	1
niyaajov	नियाज़ोव	0
niyam	नियम	0
niyamak	नियामक	0
niyaman	नियमन	0
niyamanusar	नियमानुसार	0
niyamit	नियमित	0
niyamon	नियमों	0
niyampurvak	नियमपूर्वक	0
niyantrak	नियंत्रक	0
niyantran	नियंत्रण	0
niyantrana	नियंत्रण	0
niyantranon	नियंत्रणों	0
niyantrit	नियंत्रित	0
niyantrita	नियंत्रित	0
niyat	नियत	0
niyati	नियति	0
niymit	नियमित	0
niyojan	नियोजन	0
niyojit	नियोजित	0
niyoktaaon	नियोक्ताओं	0
niyukt	नियुक्त	0
niyukta	नियुक्त	0
niyukti	नियुक्ति	0
niyuktiyaan	नियुक्तियां	0
nizam	निजाम	0
nizamuddin	निज़ामुद्दीन	0
no	नो	1
noaa	नोआ	1
nobel	नोबेल	1
noble	नोबल	1
noch	नोच	0
nod	नोड	1
nodal	नोडल	0
nodes	नोड्स	1
noel	नोएल	1
nohta	नोहटा	0
noida	नोएडा	0
nok	नोक	0
nokariyon	नौकरियों	0
nokia	नोकिया	1
nomani	नोमानी	0
nominee	नॉमिनी	1
nomura	नोमुरा	1
non	नॉन	1
none	नन	1
noodles	नूडल्स	1
noor	नूर	0
nordik	नॉर्डिक	0
noris	नॉरिस	0
norm	नॉर्म	1
norman	नॉर्मन	1
north	नॉर्थ	1
northern	नॉर्दर्न	1
norway	नॉर्वे	1
norwegian	नॉर्वेजियन	1
norwich	नॉर्विच	1
not	नॉट	1
note	नोट	1
notebook	नोटबुक	1
notepad	नोटपैड	1
notice	नोटिस	1
noton	नोटों	0
nottingham	नॉटिंघम	1
november	नवम्बर	1
now	नाउ	1
npa	एनपीए	0
npci	एनपीसीआई	0
nritaki	नृतकी	0
nritya	नृत्य	0
nrityakala	नृत्यकला	0
nrityangana	नृत्यांगना	0
nrlc	एनआरएलसी	0
nrutya	नृत्य	0
nscn	एनएससीएन	0
nsdc	एनएसडीसी	0
nsg	एनएसजी	0
ntpc	एनटीपीसी	0
nubra	नुब्रा	0
nuclear	न्यूक्लियर	1
nucleic	न्यूक्लिक	1
nucleus	न्यूक्लियस	1
nuerons	न्यूरॉन्स	0
nuggets	नगेट्स	1
nukasaan	नुकसान	0
nukasan	नुकसान	0
nukila	नुकीला	0
nukile	नुकीले	0
nukili	नुकीली	0
nukkad	नुक्कड़	0
nuksaan	नुकसान	0
nuksan	नुकसान	0
nuksandayak	नुकसानदायक	0
nuksankari	नुकसानकारी	0
nukta	नुक्ता	0
numbaron	नंबरों	0
number	नंबर	1
numbers	नंबर्स	1
numeric	न्यूमेरिक	1
nun	नन	1
nupur	नूपुर	0
nurosis	न्युरोसिस	0
nurse	नर्स	1
nursery	नर्सरी	1
nusrat	नुसरत	0
nut	नट	1
nutan	नूतन	0
nutrition	न्यूट्रीशन	1
nuvo	नुवो	0
nuvve	नुव्वे	0
nyaa	नया	0
nyaalay	न्यालय	0
nyaas	न्यास	0
nyaasi	न्यासी	0
nyaayaadheesh	न्यायाधीश	0
nyaayalay	न्यायलय	0
nyaayapurvak	न्यायपूर्वक	0
nyay	न्याय	0
nyaya	न्याय	0
nyayadhikaran	न्यायाधिकरण	0
nyayadhish	न्यायाधीश	0
nyayadhishon	न्यायाधीशों	0
nyayalay	न्यायालय	0
nyayalayon	न्यायलयों	0
nyayapalika	न्यायापालिका	0
nyayik	न्यायिक	0
nyayochit	न्यायोचित	0
nyaypriyata	न्यायप्रियता	0
nyaysangat	न्यायसंगत	0
nyayshastra	न्यायशास्त्र	0
nyun	न्यू	0
nyunatam	न्युनतम	0
nyunikaran	न्यूनीकरण	0
nyuntam	न्यूनतम	0
o	ओ	1
obama	ओबामा	1
obc	ओबीसी	0
oberoi	ओबेरॉय	0
ochhe	ओछे	0
ochterlony	ऑक्टरलोनी	0
octavia	ऑक्टेविया	1
october	अक्टूबर	1
octomber	अक्टूबर	0
odessa	ओडेसा	1
odhane	ओढ़ने	0
odhani	ओढ़नी	0
odi	ओडीआई	0
odia	ओड़िआ	0
odisha	ओडिशा	0
odiya	उड़िया	0
of	ऑफ़	1
off	ऑफ	1
offer	ऑफर	1
office	ऑफिस	1
officer	ऑफिसर	1
offline	ऑफलाइन	1
ohdon	ओहदों	0
oil	ऑयल	1
oj	ओज	1
ojasvi	ओजस्वी	0
ojaswi	ओजस्वी	0
ojha	ओझा	0
okawa	ओकावा	0
okay	ओके	1
okha	ओखा	0
okhaldhunga	ओखलढुंगा	0
oki	ओकी	1
oland	ओलांद	1
old	ओल्ड	1
oli	ओली	0
oligodendrocytes	ऑलिगोडेन्ड्रोसाइट्स	0
olimpian	ओलिंपियन	0
olive	ऑलिव	1
oliver	ऑलिवर	1
olsen	ओल्सन	1
olympia	ओलंपिया	1
olympiad	ओलंपियाड	1
olympic	ओलंपिक	1
om	ओम	1
omaha	ओमाहा	1
oman	ओमन	1
omar	ओमर	1
omega	ओमेगा	1
omji	ओमजी	0
omkar	ओमकार	0
omkara	ओमकारा	0
omkarnath	ओंकारनाथ	0
on	ऑन	1
one	वन	1
oneday	वनडे	0
ong	ओंग	1
onkar	ओंकार	0
online	ऑनलाइन	1
ontario	ओंटारियो	1
oon	ऊं	0
oonchaa	ऊँचा	0
oonche	ऊंचे	0
ooshmaa	ऊष्मा	0
ootpatang	ऊटपटांग	0
open	ओपन	1
opera	ओपेरा	1
operating	ऑपरेटिंग	1
operation	ऑपरेशन	1
operations	ऑपरेशंस	1
operator	ऑपरेटर	1
opinion	ओपीनियन	1
opposite	अपोजिट	1
optic	ऑप्टिक	1
optical	ऑप्टिकल	1
optics	ऑप्टिक्स	1
or	ओर	1
orachha	ओरछा	0
oracle	ओरेकल	1
oral	ओरल	1
orang	ओरांग	0
orange	ऑरेंज	1
oranv	ओरांव	0
orchestra	ऑर्केस्ट्रा	1
orchha	ओरछा	0
orchid	ऑर्किड	1
order	ऑर्डर	1
ordinance	आर्डिनेंस	1
org	आर्ग	1
organ	ऑर्गन	1
organisation	ऑर्गेनाइजेशन	1
oriental	ओरिएंटल	1
origin	ओरिजन	1
orissa	उड़ीसा	0
orix	ऑरिक्स	1
orkestra	ऑर्केस्ट्रा	0
orkut	ऑरकुट	1
orthopedics	आर्थोपेडिक्स	0
os	ओएस	1
osama	ओसामा	1
osiris	ओसिरिस	0
osiya	ओसियां	0
oslo	ओस्लो	1
osman	ओसमान	1
osmosis	ऑस्मोसिस	1
ot	ओटी	1
ota	ओटीए	1
otopront	ओतप्रोत	0
otprot	ओतप्रोत	0
out	आउट	1
outdoor	आउटडोर	1
outfit	आउटफिट	1
outlook	आउटलुक	1
outpost	आउटपोस्ट	1
output	आउटपुट	1
outreach	आउटरीच	1
outsourcing	आउटसोर्सिंग	1
oval	ओवल	1
ovary	ओवरी	1
oven	ओवन	1
over	ओवर	1
overdraft	ओवरड्राफ्ट	1
overflow	ओवरफ्लो	1
overhead	ओवरहेड	1
overon	ओवरों	0
overs	ओवर्स	1
ovi	ओवी	0
owners	ऑनर्स	1
oxford	ऑक्सफोर्ड	1
oxigen	ऑक्सीजन	0
oxikaran	ऑक्सीकरण	0
oxygen	ऑक्सीजन	1
oxykaran	ऑक्सीकरण	0
oxytocin	ऑक्सीटॉसिन	1
oye	ओय	1
ozone	ओज़ोन	1
p	पी	1
pa	प	1
paa	पा	0
paai	पाई	0
paak	पाक	0
paakad	पाकड़	0
paakar	पाकर	0
paal	पाल	0
paalak	पालक	0
paalan	पालन	0
paalanposhan	पालनपोषण	0
paale	पाले	0
paali	पालि	0
paalki	पालकी	0
paalne	पालने	0
paaltu	पालतू	0
paamir	पामीर	0
paan	पान	0
paana	पाना	0
paanch	पांच	0
paanchon	पांचों	0
paanchvein	पांचवें	0
paane	पाने	0
paangong	पांगोंग	0
paani	पानी	0
paanini	पाणिनि	0
paap	पाप	1
paapi	पापी	0
paar	पार	1
paarad	पारद	0
paari	पारी	0
paarit	पारित	0
paarthiv	पार्थिव	0
paas	पास	0
paat	पात	0
paataa	पाटा	0
paate	पाते	0
paath	पाठ	0
paati	पाती	0
paatil	पाटिल	0
paatra	पात्र	0
paavak	पावक	0
paaya	पाया	0
pabandi	पाबंदी	0
pabandiyon	पाबंदियों	0
pablo	पाब्लो	1
pabu	पाबू	0
pac	पीएसी	1
pachaa	पचा	0
pachad	पछाड़	0
pachadon	पचड़ों	0
pachadte	पछाड़ते	0
pachak	पाचक	0
pachan	पाचन	0
pachankriya	पाचनक्रिया	0
pachas	पचास	0
pachasavan	पचासवां	0
pachattar	पचहत्तर	0
pachauri	पचौरी	0
pachis	पच्चीस	0
pacific	पेसिफिक	1
pack	पैक	1
package	पैकेज	1
packet	पैकेट	1
packets	पैकेट्स	1
packing	पैकिंग	1
pad	पद	1
pada	पड़ा	0
padaarth	पदार्थ	0
padaav	पड़ाव	0
padaavon	पड़ावों	0
padachyut	पदच्युत	0
padadhikariyon	पदाधिकारियों	0
padak	पदक	0
padam	पदम्	0
padanukram	पदानुक्रम	0
padap	पादप	0
padarpan	पदार्पण	0
padarth	पदार्थ	0
padartha	पदार्थ	0
padartho	पदार्थो	0
padarthon	पदार्थों	0
padav	पड़ाव	0
padavi	पदवी	0
padavon	पड़ावों	0
padbhar	पदभार	0
paddhati	पद्धति	0
paddhatiyan	पद्धतियां	0
paddhatiyon	पद्धतियों	0
paddhtiyon	पद्धतियों	0
pade	पड़े	0
padega	पड़ेगा	0
paden	पदेन	1
padh	पढ़	0
padhaai	पढ़ाई	0
padhaane	पढ़ाने	0
padhaayaa	पढ़ाया	0
padhai	पढ़ाई	0
padhana	पढ़ना	0
padhane	पढ़ाने	0
padhar	पधार	0
padhare	पधारे	0
padharenge	पधारेंगे	0
padhate	पढ़ते	0
padhen	पढ़ें	0
padhi	पढ़ी	0
padhiye	पढ़िए	0
padhna	पढ़ना	0
padhne	पढ़ने	0
padho	पढ़ो	0
padhta	पढ़ता	0
padhte	पढ़ते	0
padi	पड़ी	0
padkram	पदक्रम	0
padm	पद्म	0
padma	पद्म	0
padmakar	पद्माकर	0
padmasan	पदमासन	0
padmavat	पद्मावत	0
padmawat	पदमावत	0
padmbhushan	पद्मभूषण	0
padmbhushana	पद्मभूषण	0
padmesh	पद्मेश	0
padmini	पद्मिनी	0
padmvibhushan	पद्मविभूषण	0
padmvibhushana	पद्मविभूषण	0
padne	पड़ने	0
padon	पदों	0
padonnat	पदोन्नत	0
padonnati	पदोन्नति	0
pados	पड़ोस	0
padosi	पड़ोसी	0
padosiyon	पड़ोसियों	0
padriyon	पादरियों	0
padta	पड़ता	0
padtaal	पड़ताल	0
padte	पड़ते	0
padti	पड़ती	0
padukon	पादुकोण	0
padvi	पदवी	0
padya	पद्य	0
pae	पाए	1
pag	पग	0
pagaara	पगारा	0
pagadi	पगड़ी	0
pagal	पागल	0
pagale	पगले	0
pagalkhane	पागलखाने	0
pagalpan	पागलपन	0
pagdandi	पगडंडी	0
pagdandiyon	पगडंडियों	0
page	पेज	1
pagoda	पगोड़ा	1
pahaad	पहाड़	0
pahaadiyon	पहाड़ियों	0
pahacana	पहचान	0
pahachan	पहचान	0
pahad	पहाड़	0
pahada	पहाड़ा	0
pahadi	पहाड़ी	0
pahadiya	पहाड़िया	0
pahadiyon	पहाड़ियों	0
pahado	पहाड़ों	0
pahadon	पहाड़ों	0
pahadsingh	पहाड़सिंह	0
pahal	पहल	0
pahala	पहला	0
pahale	पहले	0
pahali	पहली	0
pahaluon	पहलूओं	0
pahalvan	पहलवान	0
pahalwaan	पहलवान	0
pahan	पाहन	0
pahankar	पहनकर	0
pahar	पहर	0
pahchaan	पहचान	0
pahchan	पहचान	0
pahchana	पहचाना	0
pahchanane	पहचानने	0
pahchani	पहचानी	0
paheli	पहेली	0
pahinane	पहिनने	0
pahiya	पहिया	0
pahiye	पहिए	0
pahiyon	पहियों	0
pahla	पहला	0
pahle	पहले	0
pahli	पहली	0
pahlu	पहलू	0
pahluon	पहलुओं	0
pahna	पहना	0
pahnane	पहनने	0
pahnave	पहनावे	0
pahne	पहने	0
pahuchne	पहुंचने	0
pahunch	पहुंच	0
pahuncha	पहुंचा	0
pahunchaa	पहुंचा	0
pahunchai	पहुंचाई	0
pahunchana	पहुंचाना	0
pahunchane	पहुंचाने	0
pahunchata	पहुंचाता	0
pahunchate	पहुंचाते	0
pahunchaya	पहुंचाया	0
pahunche	पहुंचे	0
pahunchegi	पहुंचेगी	0
pahunchi	पहुंची	0
pahunchkar	पहुंचकर	0
pahunchne	पहुंचने	0
pahunchta	पहुंचता	0
pahunchte	पहुंचते	0
pahunchti	पहुंचती	0
pai	पाई	1
paida	पैदा	0
paidaa	पैदा	0
paidal	पैदल	0
paidavar	पैदावार	0
paidayashi	पैदायशी	0
paigambar	पैगंबर	0
paimana	पैमाना	0
paimane	पैमाने	0
pain	पेन	1
paina	पैना	0
paint	पेंट	1
painter	पेंटर	1
painters	पेंटर्स	1
painting	पेंटिंग	1
paintings	पेंटिंग्स	1
pair	पैर	1
pairavi	पैरवी	0
pairi	पैरी	0
pairokaaron	पैरोकारों	0
pairon	पैरों	0
paisa	पैसा	0
paise	पैसे	0
paishach	पैशाच	0
paishachi	पैशाची	0
paishachik	पैशाचिक	0
paiso	पैसों	0
paison	पैसों	0
paith	पैठ	0
paitruk	पैतृक	0
pajama	पजामा	1
pak	पक	1
pakaa	पका	0
pakaanaa	पकाना	0
pakaane	पकाने	0
pakaataa	पकाता	0
pakaate	पकाते	0
pakaayaa	पकाया	0
pakad	पकड़	0
pakade	पकड़े	0
pakadne	पकड़ने	0
pakadta	पकड़ता	0
pakana	पकाना	0
pakane	पकने	0
pakata	पकाता	0
pakate	पकाते	0
pakaya	पकाया	0
pakda	पकड़ा	0
pakde	पकड़े	0
pakdi	पकड़ी	0
pake	पके	1
pakhand	पाखंड	0
pakhandon	पाखंडों	0
pakistan	पाकिस्तान	1
pakistani	पाकिस्तानी	1
pakisthan	पाकिस्तान	0
pakiza	पाक़ीज़ा	0
pakka	पक्का	0
pakke	पक्के	0
pakki	पक्की	0
paksh	पक्ष	0
pakshaghat	पक्षाघात	0
pakshdhar	पक्षधर	0
pakshi	पक्षी	0
pakshik	पाक्षिक	0
pakshiyo	पक्षियों	0
pakshiyon	पक्षियों	0
pakshon	पक्षों	0
pakta	पकता	0
pakti	पकती	0
pakvan	पकवान	0
pakvanon	पकवानों	0
pal	पल	1
pala	पला	0
palaayan	पलायन	0
palace	पैलेस	1
palak	पलक	0
palakkad	पलक्कड़	0
palampur	पालमपुर	0
palamu	पलामू	0
palan	पालन	0
palankarta	पालनकर्ता	0
palanpur	पालनपुर	0
palat	पलट	0
palatan	पलटन	0
palatvaar	पलटवार	0
palayan	पलायन	0
palayit	पलायित	0
palbhar	पलभर	0
pale	पाले	1
palghar	पालघर	0
pali	पाली	0
palika	पालिका	0
palita	पलीता	0
palitana	पालीताणा	0
paliya	पलिया	0
palkon	पलकों	0
palladium	पैलेडियम	1
pallas	पलास	1
pallav	पल्लव	0
pallavi	पल्लवी	0
pallavit	पल्लवित	0
palli	पल्ली	0
palma	पाल्मा	1
palmer	पाल्मर	1
palna	पालना	0
palne	पलने	0
palo	पलो	1
palon	पलों	0
palpa	पाल्पा	0
palta	पलता	0
paltan	पल्टन	0
paluskar	पलुस्कर	0
pan	पान	1
pana	पाना	0
panaar	पनार	0
panap	पनप	0
panape	पनपे	0
panapte	पनपते	0
panbijli	पनबिजली	0
panch	पांच	0
panchakshar	पंचाक्षर	0
panchal	पांचाल	0
pancham	पंचम	0
panchami	पंचमी	0
panchamrit	पंचामृत	0
panchanan	पंचानन	0
panchat	पंचाट	0
panchayat	पंचायत	0
panchayatein	पंचायतें	0
panchayati	पंचायती	0
panchayaton	पंचायतों	0
pancheshwar	पंचेश्वर	0
panchkarm	पंचकर्म	0
panchkedar	पंचकेदार	0
panchkosi	पंचकोसी	0
pancholi	पंचोली	0
panchtantra	पंचतंत्र	0
panchvarshiya	पंचवर्षीय	0
pancreas	पैंक्रियाज	1
pandav	पांडव	0
pandavkalin	पांडवकालीन	0
pande	पांडे	0
pandey	पांडे	1
pandharah	पंद्रह	0
pandit	पंडित	1
panditon	पंडितों	0
panditya	पांडित्य	0
pandrah	पंद्रह	0
pandrahavin	पंद्रहवीं	0
pandu	पांडु	0
pandubbi	पनडुब्बी	0
pandubbiyan	पनडुब्बियां	0
pandubbiyon	पनडुब्बियों	0
pandulipi	पांडुलिपि	0
pandulipiyon	पांडुलिपियों	0
pandurang	पांडुरंग	0
pandvani	पंडवानी	0
pandya	पांड्या	1
pane	पाने	1
panel	पैनल	1
pangu	पंगु	0
pani	पानी	0
panini	पाणिनि	1
panipat	पानीपत	0
panj	पंज	0
panjab	पंजाब	0
panjal	पंजाल	0
panje	पंजे	0
panji	पंजी	0
panjikaran	पंजीकरण	0
panjikrit	पंजीकृत	0
panjikrut	पंजीकृत	0
panjiyan	पंजीयन	0
panjon	पंजों	0
pank	प्लैंक	0
pankaj	पंकज	0
pankh	पंख	0
pankha	पंखा	0
pankhe	पंखे	0
pankho	पंखों	0
pankhon	पंखों	0
pankhudi	पंखुड़ी	0
pankhudiyaan	पंखुड़ियां	0
pankhudiyan	पंखुड़ियां	0
pankhudiyon	पंखुड़ियों	0
panktiyan	पंक्तियां	0
panna	पन्ना	0
panne	पन्ने	0
pannel	पैनल	0
panno	पन्नो	0
pannon	पन्नों	0
panpane	पनपने	0
pans	पांस	1
pant	पंत	1
panth	पंथ	0
panther	पैंथर	1
panthiyon	पंथियों	0
panthon	पंथों	0
pantry	पैंट्री	1
panv	पांव	0
panvel	पनवेल	0
papdi	पपड़ी	0
paper	पेपर	1
papers	पेपर्स	1
papon	पापों	1
par	पर	1
para	पर	1
paraa	परा	0
paraag	पराग	0
paraagan	परागण	0
paraagkan	परागकण	0
paraajit	पराजित	0
paraakaashthaa	पराकाष्ठा	0
paraakram	पराक्रम	0
paraakrami	पराक्रमी	0
paraamarsha	परामर्श	0
paraamarshadaataa	परामर्शदाता	0
paraamarshadaataaon	परामर्शदाताओं	0
paraamarshadaatri	परामर्शदात्री	0
paraamarshi	परामर्शी	0
paraanthaa	परांठा	0
paraasan	परासन	0
paraashar	पराशर	0
paraast	परास्त	0
paraasta	परास्त	0
paraat	परात	0
paraathaa	पराठा	0
paraathe	पराठे	0
paraavartan	परावर्तन	0
parab	परब	0
parabaigani	पराबैगनी	0
parabaingani	पराबैंगनी	0
parabrahma	परब्रह्म	0
parachute	पैराशूट	1
parad	पारद	0
parade	परेड	1
paradox	पैराडॉक्स	1
parag	पराग	1
parajit	पराजित	0
parakh	परख	0
parakhkar	परखकर	0
parakram	पराक्रम	0
parali	परली	0
param	परम	0
paramaatma	परमात्म	0
paramarsh	परामर्श	0
paramatma	परमात्मा	0
parameters	पैरामीटर्स	1
paramhans	परमहंस	0
paramount	पैरामाउंट	1
parampara	परंपरा	0
paramparaa	परंपरा	0
paramparagat	परंपरागत	0
paramparagata	परंपरागत	0
paramparanusar	परंपरानुसार	0
paramparaon	परंपराओं	0
paramparayen	परंपराएं	0
paramparik	पारंपरिक	0
paramshakti	परमशक्ति	0
paramveer	परमवीर	0
paramvir	परमवीर	0
parangat	पारंगत	0
paranjape	परांजपे	0
paranjpe	परांजपे	0
parantu	परन्तु	0
paras	पारस	0
parasaa	परसा	0
parashar	पाराशर	0
paraspar	परस्पर	0
parastri	परस्त्री	0
parat	परत	0
paravartan	परावर्तन	0
paravarti	परवर्ती	0
parbhani	परभणी	0
parcham	परचम	0
parche	पर्चे	0
parchi	पर्ची	0
parcho	पर्चो	0
parchun	परचून	0
parda	परदा	0
pardadi	परदादी	0
pardafash	पर्दाफाश	0
pardarshi	पारदर्शी	0
pardarshita	पारदर्शिता	0
parde	परदे	1
pardesh	परदेश	0
pardon	परदों	1
pare	परे	1
parekh	पारेख	1
paresh	परेश	0
pareshaani	परेशानी	0
pareshan	परेशान	0
pareshani	परेशानी	0
pargaman	पारगमन	0
pargana	परगना	0
pargrahiyon	परग्रहियों	0
parhej	परहेज	0
parhez	परहेज़	0
pari	परी	0
paribhasha	परिभाषा	0
paribhashaen	परिभाषाएं	0
paribhashaon	परिभाषाओं	0
paribhashit	परिभाषित	0
paribhraman	परिभ्रमण	0
parichaalan	परिचालन	0
parichalit	परिचालित	0
parichay	परिचय	0
parichit	परिचित	0
paridhan	परिधान	0
paridhi	परिधि	0
parighatna	परिघटना	0
parihaas	परिहास	0
parihar	परिहार	0
parijaat	परिजात	0
parijan	परिजन	0
parijanon	परिजनों	0
parikalpana	परिकल्पना	0
parikar	परिकर	0
parikrama	परिक्रमा	0
pariksha	परीक्षा	0
parikshaa	परीक्षा	0
parikshafal	परीक्षाफल	0
parikshak	परीक्षक	0
parikshakon	परीक्षकों	0
parikshan	परीक्षण	0
pariksharthi	परीक्षार्थी	0
pariksharthiyon	परीक्षार्थियों	0
parikshetra	परिक्षेत्र	0
parikshetron	परिक्षेत्रों	0
parikshit	परीक्षित	0
parilakshit	परिलक्षित	0
parimarjit	परिमार्जित	0
parinaam	परिणाम	0
parinaamon	परिणामों	0
parinaamswaroop	परिणामस्वरूप	0
parinaamswarup	परिणामस्वरूप	0
parinam	परिणाम	0
parinamasvarup	परिणामस्वरूप	0
parinami	परिणामी	0
parinamon	परिणामों	0
parinamsvarup	परिणामस्वरूप	0
parinamswaroop	परिणामस्वरुप	0
parinamswarup	परिणामस्वरूप	0
parinat	परिणत	0
parinda	परिंदा	0
parinit	परिणत	0
paripakv	परिपक्व	0
paripalan	परिपालन	0
paripathon	परिपथों	0
paripati	परिपाटी	0
paripatra	परिपत्र	0
paripeksh	परिपेक्ष	0
paripekshya	परिपेक्ष्य	0
parirakshan	परिरक्षण	0
paris	पेरिस	1
parisad	परिषद	0
parisampatti	परिसंपत्ति	0
parisampattiyon	परिसंपत्तियों	0
parisancharan	परिसंचरण	0
parisangh	परिसंघ	0
parisanghon	परिसंघों	0
parisar	परिसर	0
parisaron	परिसरों	0
parishad	परिषद	0
parishisht	परिशिष्ट	0
parishkrit	परिष्कृत	0
parishodhan	परिशोधन	0
parishram	परिश्रम	0
parishrami	परिश्रमी	0
parishuddhata	परिशुद्धता	0
parisiman	परिसीमन	0
paristhiti	परिस्थिति	0
paristhitik	पारिस्थितिक	0
paristhitiki	पारिस्थितिकी	0
paristhitivash	परिस्थितिवश	0
paristhitiyan	परिस्थितियां	0
paristhitiyon	परिस्थितियों	0
parit	पारित	0
parityag	परित्याग	0
parivaar	परिवार	0
parivadi	परिवादी	0
parivahan	परिवहन	0
parivar	परिवार	0
parivardhit	परिवर्धित	0
parivarik	पारिवारिक	0
parivaro	परिवारों	0
parivaron	परिवारों	0
parivartan	परिवर्तन	0
parivartanon	परिवर्तनों	0
parivartit	परिवर्तित	0
parivartniya	परिवर्तनीय	0
parivarwalon	परिवारवालों	0
parivedna	परिवेदना	0
parivesh	परिवेश	0
pariwaar	परिवार	0
pariwar	परिवार	0
pariyojana	परियोजना	0
pariyojna	परियोजना	0
pariyojnaon	परियोजनाओं	0
pariyon	परियों	0
parjanya	पर्जन्य	0
parjivi	परजीवी	0
park	पार्क	1
parker	पार्कर	1
parkha	परखा	0
parkhane	परखने	0
parkhe	परखे	0
parkhen	परखें	0
parking	पार्किंग	1
parkota	परकोटा	0
parkote	परकोटे	0
parlaukik	पारलौकिक	0
parli	परली	0
parliamentary	पार्लियामेंट्री	1
parlour	पार्लर	1
parma	परमा	1
parmaar	परमार	0
parmanand	परमानंद	0
parmanu	परमाणु	0
parmanuon	परमाणुओं	0
parmar	परमार	1
parmarth	परमार्थ	0
parmatma	परमात्मा	0
parmochch	परमोच्च	0
parneet	परनीत	0
parnel	पर्नेल	0
parntu	परन्तु	0
paro	पारो	1
paron	परों	0
paropkaar	परोपकार	0
paropkaari	परोपकारी	0
paropkar	परोपकार	0
paropkari	परोपकारी	0
paros	परोस	0
parosa	परोसा	0
parosati	परोसती	0
parose	परोसे	0
parry	पैरी	1
parsa	परसा	0
parshuram	परशुराम	0
parshv	पार्श्व	0
parsi	पारसी	1
part	पार्ट	1
partantrata	परतंत्रता	0
partein	परतें	0
parthiv	पार्थिव	0
parti	पार्टी	1
participant	पार्टिसिपेंट	1
partiyan	पार्टियां	0
partiyo	पार्टियों	0
partiyon	पार्टियों	0
partner	पार्टनर	1
partners	पार्टनर्स	1
parto	परतों	0
parton	परतों	1
party	पार्टी	1
parv	पर्व	0
parva	पर्व	0
parvaah	परवाह	0
parvah	परवाह	0
parval	परवल	0
parvan	पार्वण	0
parvardigaar	परवरदिगार	0
parvarish	परवरिश	0
parvat	पर्वत	0
parvatarohi	पर्वतारोही	0
parvatarohiyon	पर्वतारोहियों	0
parvati	पार्वती	0
parvatiy	पर्वतीय	0
parvatiya	पर्वतीय	0
parvatmala	पर्वतमाला	0
parvaton	पर्वतों	0
parveen	परवीन	0
parvej	परवेज़	0
parvesh	परवेश	0
parvo	पर्वो	0
parvon	पर्वों	0
parwal	परवल	0
paryaapt	पर्याप्त	0
paryaayavachi	पर्यायवाची	0
paryapt	पर्याप्त	0
paryatak	पर्यटक	0
paryatakon	पर्यटकों	0
paryatan	पर्यटन	0
paryavaran	पर्यावरण	0
paryavekshak	पर्यवेक्षक	0
paryavekshakon	पर्यवेक्षकों	0
paryavekshan	पर्यवेक्षण	0
paryay	पर्याय	0
paryayvachi	पर्यायवाची	0
parytan	पर्यटन	0
pas	पास	1
pasa	पासा	0
pasali	पसली	0
pasand	पसंद	0
pasandida	पसंदीदा	0
pasari	पसारी	0
pascal	पास्कल	1
paschat	पश्चात	0
paschatya	पाश्चात्य	0
paschim	पश्चिम	0
paschimi	पश्चिमी	0
paschimottar	पश्चिमोत्तर	0
pash	पाश	1
pasha	पाशा	1
pashan	पाषाण	0
pashchaat	पश्चात	0
pashchat	पश्चात	0
pashchaty	पाश्चात्य	0
pashchatya	पाश्चात्य	0
pashchim	पश्चिम	0
pashchimanchal	पश्चिमांचल	0
pashchimi	पश्चिमी	0
pashchimottar	पश्चिमोत्तर	0
pashmina	पश्मीना	0
pashto	पश्तो	0
pashu	पशु	0
pashudhan	पशुधन	0
pashuo	पशुओं	0
pashuon	पशुओं	0
pashupakshi	पशुपक्षी	0
pashupakshiyon	पशुपक्षियों	0
pashupatinath	पशुपतिनाथ	0
pasighat	पासीघाट	0
pasina	पसीना	0
pasine	पसीने	0
pasliyon	पसलियों	0
pass	पास	1
passbook	पासबुक	1
passing	पासिंग	1
passport	पासपोर्ट	1
password	पासवर्ड	1
pasta	पास्ता	1
paste	पेस्ट	1
pat	पट	1
pata	पता	0
pataa	पता	0
pataakaa	पताका	0
patakhon	पटाखों	0
patal	पटल	0
patalaa	पतला	0
patale	पतले	0
patali	पतली	0
patan	पतन	0
patang	पतंग	0
patanjali	पतंजलि	0
patanshil	पतनशील	0
patare	पटरे	0
patari	पटरी	0
patariyon	पटरियों	0
patch	पैच	1
pate	पाते	1
patekar	पाटेकर	0
patel	पटेल	1
patent	पेटेंट	1
patents	पेटेंट्स	1
patera	पटेरा	1
path	पथ	1
pathak	पाठक	1
pathakon	पाठकों	0
pathan	पठान	1
pathanpaathan	पठनपाठन	0
pathantar	पाठांतर	0
pathar	पठार	0
pathari	पठारी	0
pathbhed	पाठभेद	0
pathey	पाथेय	0
pathik	पथिक	0
pathologist	पैथोलॉजिस्ट	1
pathon	पथों	0
pathpradarshak	पथप्रदर्शक	0
pathrila	पथरीला	0
pathshala	पाठशाला	0
pathshalaon	पाठशालाओं	0
pathya	पाठ्य	0
pathyapustakein	पाठ्यपुस्तकें	0
pati	पति	0
patiala	पटियाला	0
patil	पाटिल	0
patipatni	पतिपत्नी	0
patiyala	पटियाला	0
patiyali	पटियाली	0
patjhad	पतझड़	0
patkatha	पटकथा	0
patkathaon	पटकथाओं	0
patla	पतला	0
patle	पतले	0
patli	पतली	0
patna	पटना	0
patnayak	पटनायक	0
patne	पाटने	0
patni	पत्नी	0
patniyon	पत्नियों	0
paton	पाटों	1
patr	पात्र	0
patra	पत्र	0
patrachar	पत्राचार	0
patrak	पत्रक	0
patrakaar	पत्रकार	0
patrakaaritaa	पत्रकारिता	0
patrakaaron	पत्रकारों	0
patrakar	पत्रकार	0
patrata	पात्रता	0
patravali	पत्रावली	0
patrick	पेट्रिक	1
patrika	पत्रिका	0
patrikaa	पत्रिका	0
patrikaon	पत्रिकाओं	0
patrikayen	पत्रिकाएं	0
patro	पत्रों	0
patrolling	पेट्रोलिंग	1
patron	पत्रों	1
patta	पट्टा	0
pattagobhi	पत्तागोभी	0
pattal	पत्तल	0
patte	पट्टे	0
pattedaar	पत्तेदार	0
pattern	पैटर्न	1
patthar	पत्थर	0
pattharon	पत्थरों	0
patti	पट्टी	1
pattidar	पट्टीदार	0
pattika	पट्टिका	0
pattiyaan	पट्टियां	0
pattiyan	पट्टियां	0
pattiyon	पट्टियों	0
patto	पत्तो	0
patton	पत्तों	1
patvardhan	पटवर्धन	0
patwa	पटवा	0
patwardhan	पटवर्धन	0
paudh	पौध	0
paudha	पौधा	0
paudhaa	पौधा	0
paudharopan	पौधारोपण	0
paudhe	पौधे	0
paudhi	पौढ़ी	0
paudhon	पौधों	0
paudi	पौड़ी	0
paul	पॉल	1
paula	पाउला	1
paulson	पॉलसन	1
paund	पौंड	0
paung	पौंग	0
pauranik	पौराणिक	0
pauri	पौड़ी	0
paurush	पौरूष	0
pause	पॉज	1
paush	पौष	0
paushak	पौषक	0
paushtik	पौष्टिक	0
paute	पौते	0
pautr	पौत्र	0
pautra	पौत्र	0
pautri	पौत्री	0
pav	पाव	0
pavagadh	पावागढ़	0
pavaiya	पवैया	0
pavak	पावक	0
pavan	पवन	0
pavi	पावी	0
pavilion	पवेलियन	1
pavitr	पवित्र	0
pavitra	पवित्र	0
pavitrata	पवित्रता	0
pavitratam	पवित्रतम	0
pawan	पवन	0
pawandev	पवनदेव	0
pawanputra	पवनपुत्र	0
pawansut	पवनसुत	0
pawar	पवार	0
pay	पे	1
paya	पाया	0
payal	पायल	0
paye	पाए	1
payenge	पाएंगे	0
payengi	पाएंगी	0
payi	पायी	0
payjal	पेयजल	0
payload	पेलोड	1
paypar	पेपर	0
pbs	पीबीएस	0
pc	पीसी	1
pca	पीसीए	0
pcos	पीसीओएस	0
pdm	पीडीएम	0
pe	पे	0
peach	पीच	1
peak	पीक	1
pearl	पर्ल	1
pecefic	पेसिफिक	0
pechida	पेचीदा	0
pechis	पेचिस	0
pechon	पेचों	0
pectin	पेक्टिन	1
ped	पेड़	0
peda	पेड़ा	0
pedo	पेड़ो	0
pedon	पेड़ों	0
peeda	पीड़ा	0
peedhee	पीढ़ी	0
peedit	पीड़ित	0
peele	पीले	1
peer	पीर	1
peet	पीत	1
peete	पीते	1
peeth	पीठ	0
pehchan	पहचान	0
pehchana	पहचाना	0
pehchanne	पहचानने	0
pehla	पहला	0
pehle	पहले	0
pehli	पहली	0
pehlu	पहलू	0
pehluo	पहलुओं	0
pehnane	पहनने	0
peiching	पेइचिंग	0
pema	पेमा	0
pen	पेन	1
pena	पेना	1
penal	पेनल	1
pench	पेंच	0
pencil	पेंसिल	1
pendant	पेंडेंट	1
pendi	पेंदी	0
penelope	पेनेलोप	1
peng	पेंग	1
penguin	पेंगुइन	1
penicillin	पेनिसिलिन	1
pennsylvania	पेंसिलवानिया	1
pension	पेंशन	1
pentagon	पेंटागन	1
peoples	पीपल्स	1
pepsi	पेप्सी	1
pepsico	पेप्सीको	1
peptic	पेप्टिक	1
percent	परसेंट	1
percy	पर्सी	1
pereira	परेरा	1
perelman	पेरेलमैन	1
performer	परफॉर्मर	1
performing	परफार्मिंग	1
peri	पेरी	0
perin	पेरिन	1
periods	पीरियड्स	1
peris	पेरिस	0
peritoneal	पेरिटोनियल	1
peritonial	पेरिटोनियल	0
peritoniyal	पेरिटोनियल	0
periyar	पेरियार	0
permit	परमिट	1
peroxide	पराक्साइड	1
personal	पर्सनल	1
personality	पर्सनालिटी	1
perspective	पर्सपेक्टिव	1
perth	पर्थ	1
perumal	पेरुमल	0
pesh	पेश	1
pesha	पेशा	0
peshab	पेशाब	0
peshavar	पेशावर	0
peshawar	पेशावर	1
peshawari	पेशावरी	0
peshe	पेशे	0
peshevar	पेशेवर	0
peshewar	पेशेवर	0
peshi	पेशी	0
peshiyon	पेशियों	0
peshkash	पेशकश	0
peshon	पेशों	0
peshva	पेशवा	0
pet	पेट	1
pete	पेटे	1
peter	पीटर	1
petersburg	पीटर्सबर्ग	1
peterson	पीटरसन	1
peth	पेठ	1
peti	पेटी	0
petiyan	पेटियां	0
petrochemicals	पेट्रोकेमिकल्स	1
petrol	पेट्रोल	1
petroleum	पैट्रोलियम	1
petrolium	पेट्रोलियम	0
petterson	पैटरसन	1
petu	पेटू	0
peyjal	पेयजल	0
peyon	पेयों	0
pgdav	पीजीडीएवी	0
phal	फल	0
phanishwar	फणीश्वर	0
phantom	फैंटम	1
pharaoh	फराओ	1
pharmaceutical	फार्मास्युटिकल	1
pharmaceuticals	फार्मास्युटिकल्स	1
phasphate	फास्फेट	0
phat	फट	0
phatka	फटका	0
phatkar	फटकार	0
phd	पीएचडी	1
phelps	फेल्प्स	1
pher	फेर	0
phere	फेरे	0
philadelphia	फिलाडेल्फिया	1
philip	फिलिप	1
philips	फिलिप्स	1
philistin	फिलिस्तीन	0
philistini	फिलिस्तीनी	0
philistiniyon	फिलिस्तीनियों	0
phir	फिर	0
phoenix	फिनिक्स	1
phone	फोन	1
phonon	फोनों	0
phool	फूल	0
phoolbag	फूलबाग	0
phos	फॉस	0
phosphate	फास्फेट	1
phosphide	फास्फाइड	0
phosphorus	फास्फोरस	1
photo	फोटो	1
photograph	फोटोग्राफ	1
photographer	फोटोग्राफर	1
photographeron	फोटोग्राफरों	0
photographic	फोटोग्राफिक	1
photographron	फ़ोटोग्राफ़रों	0
photography	फोटोग्राफी	1
photometer	फोटोमीटर	1
photon	फोटोन	1
photonic	फोटोनिक	0
php	पीएचपी	1
phule	फूले	0
physical	फिजिकल	1
physics	फिजिक्स	1
physiology	फिजियोलॉजी	1
piano	पियानो	1
picasso	पिकासो	1
picha	पीछा	1
piche	पीछे	1
pichha	पीछा	0
pichhade	पिछड़े	0
pichhadne	पिछड़ने	0
pichhadte	पिछड़ते	0
pichhala	पिछला	0
pichhale	पिछले	0
pichhali	पिछली	0
pichhe	पीछे	0
pichhle	पिछले	0
pichhli	पिछली	0
pichhola	पिछोला	0
pichle	पीछले	0
pichli	पिछली	0
pickup	पिकअप	1
picnic	पिकनिक	1
pics	पिक्स	0
picturehouse	पिक्चरहाउस	0
pida	पीड़ा	0
pidhi	पीढ़ी	0
pidhiyo	पीढ़ियों	0
pidhiyon	पीढ़ियों	0
pidi	पीढ़ी	0
pidit	पीड़ित	0
pidito	पीड़ितो	0
piditon	पीड़ितों	0
pidofile	पीडोफाइल	0
pie	पाई	1
pierce	पियर्स	1
piero	पिएरो	1
pighal	पिघल	0
pighalane	पिघलने	0
pighalne	पिघलना	0
pighlane	पिघलने	0
pighle	पिघले	0
pighli	पिघली	0
pigmi	पिग्मी	0
pihar	पीहर	0
pikar	पीकर	0
piku	पिकु	0
pila	पीला	0
pilane	पिलाने	0
pilata	पिलाता	0
pili	पीली	0
pilibhit	पीलीभीत	0
pill	पिल	1
pillai	पिल्लै	0
pillar	पिलर	1
pin	पिन	1
pina	पीना	1
pind	पिंड	0
pindi	पिंडी	0
pindo	पिंडो	0
pine	पीने	1
pinewale	पीनेवाले	0
pingal	पिंगल	0
pingli	पिंगली	0
pinjre	पिंजरे	0
pink	पिंक	1
pinni	पिन्नी	0
pinto	पिंटो	1
pipal	पीपल	0
pipasu	पिपासु	0
pipavav	पीपावाव	0
pipe	पाइप	1
pipeline	पाइपलाइन	1
pipeon	पाइपों	0
piper	पाइपर	1
pipli	पीपली	0
pipriya	पिपरिया	0
pir	पीर	0
piramal	पिरामल	0
piranha	पिरान्हा	1
pirone	पिरोने	1
pirpainti	पीरपैंती	0
pishachon	पिशाचों	0
pisi	पिसी	0
pissuon	पिस्सुओं	0
pista	पिसता	0
pistol	पिस्तौल	1
pistolon	पिस्तौलों	0
piston	पिस्टन	1
pit	पिट	1
pita	पिता	1
pitaa	पिता	0
pitai	पिटाई	0
pitam	पीतम	0
pitaon	पिताओं	0
pitar	पितर	0
pitaron	पितरों	0
pitch	पिच	1
pite	पीते	0
pith	पीठ	1
pithoragarh	पिथौरागढ़	0
piti	पीती	0
pitkar	पीटकर	0
pitna	पिटना	0
pitnaa	पिटना	0
pitrivanshiy	पितृवंशीय	0
pitru	पितृ	0
pitrulok	पितृलोक	0
pitruvansh	पितृवंश	0
pits	पिट्स	1
pitt	पित्त	1
pittashay	पित्ताशय	0
pitti	पित्ती	0
pittsburg	पिट्सबर्ग	1
pittsburgh	पिट्सबर्ग	1
pituitary	पिट्यूटरी	1
pixel	पिक्सल	1
pixie	पिक्सी	1
piya	पिया	0
piye	पिए	0
piyo	पियो	0
piyre	पियरे	0
piyush	पियूष	0
pizza	पिज़्ज़ा	1
pk	पीके	0
place	प्लेस	1
placebo	प्लेसिबो	1
placement	प्लेसमेंट	1
places	प्लेसिस	1
plag	प्लेग	0
plague	प्लेग	1
plan	प्लान	1
planet	प्लानेट	1
planing	प्लानिंग	0
plank	प्लांक	1
planning	प्लानिंग	1
plant	प्लांट	1
planton	प्लांटों	0
plasma	प्लाज्मा	1
plassey	प्लासी	0
plaster	प्लास्टर	1
plastic	प्लास्टिक	1
plate	प्लेट	1
platelet	प्लेटलेट	1
platelets	प्लेटलेट्स	1
platform	प्लेटफॉर्म	1
platformon	प्लेटफार्मों	0
platforms	प्लेटफॉर्म्स	1
platinum	प्लैटिनम	1
plato	प्लेटो	1
platon	प्लेटों	0
plavan	प्लावन	0
play	प्ले	1
player	प्लेयर	1
playeron	प्लेयरों	0
plaza	प्लाज़ा	1
plc	पीएलसी	0
pleg	प्लेग	0
plesi	प्लेसी	0
plugin	प्लगइन	1
plus	प्लस	1
pluto	प्लूटो	1
plutonium	प्लूटोनियम	1
ply	प्लाई	1
plywood	प्लाईवुड	1
pmk	पीएमके	0
pnc	पीएनसी	0
pneumonia	निमोनिया	1
png	पीएनजी	0
pocket	पॉकेट	1
pod	पॉड	1
podcast	पॉडकास्ट	1
poddar	पोद्दार	0
poem	पोयम	1
poetic	पोएटिक	1
point	पॉइंट	1
poisen	पॉइजन	0
poison	पॉयजन	1
pok	पीओके	0
pokhar	पोखर	0
pokhara	पोखरा	0
pokharan	पोखरण	0
pokhari	पोखरी	0
pokharon	पोखरों	0
pol	पॉल	1
polak	पोलक	1
poland	पोलैंड	1
polar	पोलर	1
polarization	पोलराइजेशन	1
police	पुलिस	1
policekarmiyon	पुलिसकर्मियों	0
policing	पुलिसिंग	1
policy	पॉलिसी	1
polio	पोलियो	1
polish	पालिश	1
poll	पोल	1
polling	पोलिंग	1
pollock	पोलॉक	1
polo	पोलो	1
polyester	पॉलिएस्टर	1
polygraph	पॉलीग्राफ	1
polynesia	पोलिनेशिया	1
polythene	पालीथीन	0
pomeranian	पोमेरेनियन	1
pondicherry	पॉन्डिचेरी	0
ponting	पोंटिंग	0
poochhegaa	पूछेगा	0
poochhiye	पूछिये	0
poochhtaachh	पूछताछ	0
poogal	पूगल	0
pooja	पूजा	0
poojaasthal	पूजास्थल	0
poojan	पूजन	0
poojasthal	पूजास्थल	0
pool	पूल	1
poonam	पूनम	0
poonch	पुंछ	0
poora	पूरा	0
poorak	पूरक	0
pooran	पूरण	0
poore	पूरे	1
poori	पूरी	0
poorn	पूर्ण	0
poorna	पूर्ण	0
poornamal	पूर्णमल	0
poornima	पूर्णिमा	0
poorti	पूर्ति	0
poorv	पूर्व	0
pop	पॉप	1
popatlal	पोपटलाल	0
popcorn	पॉपकॉर्न	1
poping	पॉपिंग	0
population	पॉपुलेशन	1
por	पोर	1
poras	पोरस	0
porn	पोर्न	1
poron	पोरों	0
port	पोर्ट	1
portability	पोर्टेबिलिटी	1
portable	पोर्टेबल	1
portal	पोर्टल	1
portalon	पोर्टलों	0
portals	पोर्टल्स	1
porter	पोर्टर	1
portfolio	पोर्टफोलियो	1
portland	पोर्टलैंड	1
porto	पोर्टो	1
portrait	पोर्ट्रेट	1
portugal	पुर्तगाल	1
portugali	पुर्तगाली	0
porus	पोरस	0
pose	पोज	1
poshak	पोशाक	0
poshakon	पोशाकों	0
poshan	पोषण	0
position	पोजीशन	1
positioning	पोजिशनिंग	1
post	पोस्ट	1
postal	पोस्टल	1
poster	पोस्टर	1
posters	पोस्टर्स	1
postman	पोस्टमैन	1
postpaid	पोस्टपेड	0
pot	पोत	1
pota	पोता	0
potali	पोटली	0
potas	पोटास	0
potassium	पोटैशियम	1
pote	पोते	1
pothi	पोथी	0
pothing	पोथिंग	0
poti	पोती	0
poton	पोतों	0
potter	पॉटर	1
pottery	पॉटरी	1
pound	पाउंड	1
powai	पवई	0
powder	पाउडर	1
power	पावर	1
powered	पावर्ड	1
powerhouse	पावरहाउस	1
pox	पॉक्स	1
ppc	पीपीसी	0
ppd	पीपीडी	0
ppi	पीपीआई	0
pr	पर	1
praachin	प्राचीन	0
praakritik	प्राकृतिक	0
praangan	प्रांगन	0
praant	प्रांत	0
praantiye	प्रांतीय	0
praanton	प्रांतों	0
praapt	प्राप्त	0
prabal	प्रबल	0
prabalata	प्रबलता	0
prabandh	प्रबंध	0
prabandhak	प्रबंधक	0
prabandhakon	प्रबंधकों	0
prabandhan	प्रबंधन	0
prabandhit	प्रबंधित	0
prabandhkiy	प्रबंधकीय	0
prabandhon	प्रबंधों	0
prabha	प्रभा	0
prabhaav	प्रभाव	0
prabhaavit	प्रभावित	0
prabhag	प्रभाग	0
prabhagon	प्रभागों	0
prabhakar	प्रभाकर	0
prabhar	प्रभार	0
prabhari	प्रभारी	0
prabhat	प्रभात	0
prabhav	प्रभाव	0
prabhava	प्रभाव	0
prabhavi	प्रभावी	0
prabhavit	प्रभावित	0
prabhavkari	प्रभावकारी	0
prabhavon	प्रभावों	0
prabhavotpadak	प्रभावोत्पादक	0
prabhavshali	प्रभावशाली	0
prabhu	प्रभु	0
prabhuta	प्रभुता	0
prabhuti	प्रभृति	0
prabhutv	प्रभुत्व	0
prabhutva	प्रभुत्व	0
prabodh	प्रबोध	0
prabodhan	प्रबोधन	0
prabuddh	प्रबुद्ध	0
prachalan	प्रचलन	0
prachalit	प्रचलित	0
prachar	प्रचार	0
pracharak	प्रचारक	0
pracharini	प्रचारिणी	0
pracharit	प्रचारित	0
pracharkon	प्रचारकों	0
pracharprasar	प्रचारप्रसार	0
pracheen	प्राचीन	0
prachi	प्राची	0
prachin	प्राचीन	0
prachlit	प्रचलित	0
prachur	प्रचुर	0
prachurata	प्रचुरता	0
practice	प्रैक्टिस	1
prada	प्रदा	1
pradaan	प्रदान	0
pradakshina	प्रदक्षिणा	0
pradan	प्रदान	0
pradar	प्रदर	0
pradarshak	प्रदर्शक	0
pradarshan	प्रदर्शन	0
pradarshani	प्रदर्शनी	0
pradarshaniyon	प्रदर्शनियों	0
pradarshankariyon	प्रदर्शनकारियों	0
pradarshanon	प्रदर्शनों	0
pradarshit	प्रदर्शित	0
pradarth	प्रदार्थ	0
pradata	प्रदाता	0
pradataon	प्रदाताओं	0
pradatt	प्रदत्त	0
pradeep	प्रदीप	0
pradesa	प्रदेश	0
pradesh	प्रदेश	1
pradeshik	प्रादेशिक	0
pradesho	प्रदेशों	0
pradeshon	प्रदेशों	0
pradhaanmantri	प्रधानमंत्री	0
pradhan	प्रधान	0
pradhanachary	प्रधानाचार्य	0
pradhanacharya	प्रधानाचार्य	0
pradhanadhyapakon	प्रधानाध्यापकों	0
pradhanadhyapika	प्रधानाध्यापिका	0
pradhanata	प्रधानता	0
pradhani	प्रधानी	0
pradhanmantri	प्रधानमंत्री	0
pradhanta	प्रधानता	0
pradhikar	प्राधिकार	0
pradhikaran	प्राधिकरण	0
pradhikarana	प्राधिकरण	0
pradhikaranon	प्राधिकरणों	0
pradhikari	प्राधिकारी	0
pradhikariyon	प्राधिकारियों	0
pradhikarn	प्राधिकरण	0
pradhikaron	प्राधिकारों	0
pradhyapak	प्राध्यापक	0
pradhyapika	प्राध्यापिका	0
pradip	प्रदीप	0
pradrshan	प्रदर्शन	0
pradushak	प्रदूषक	0
pradushan	प्रदूषण	0
pradushit	प्रदूषित	0
prafull	प्रफुल्ल	0
pragaitihasik	प्रागैतिहासिक	0
pragami	प्रगामी	0
pragat	प्रगट	0
pragati	प्रगति	0
pragatishil	प्रगतिशील	0
pragativadi	प्रगतिवादी	0
pragti	प्रगति	0
pragya	प्रज्ञा	0
prahar	प्रहार	0
prahari	प्रहरी	0
praharon	प्रहारों	0
praja	प्रजा	0
prajakta	प्राजक्ता	0
prajanan	प्रजनन	0
prajapati	प्रजापति	0
prajapatiyon	प्रजापतियों	0
prajapita	प्रजापिता	0
prajatantra	प्रजातंत्र	0
prajatantrik	प्रजातांत्रिक	0
prajati	प्रजाति	0
prajatiyan	प्रजातियां	0
prajatiyo	प्रजातियों	0
prajatiyon	प्रजातियों	0
prajnan	प्रजनन	0
prajwalan	प्रज्वलन	0
prajwalit	प्रज्वलित	0
prakaar	प्रकार	0
prakaaron	प्रकारों	0
prakaash	प्रकाश	0
prakaashit	प्रकाशित	0
prakalp	प्रकल्प	0
prakand	प्रकांड	0
prakar	प्रकार	0
prakara	प्रकार	0
prakaran	प्रकरण	0
prakaranon	प्रकरणों	0
prakaron	प्रकारों	0
prakash	प्रकाश	1
prakashak	प्रकाशक	0
prakashan	प्रकाशन	0
prakashanon	प्रकाशनों	0
prakashit	प्रकाशित	0
prakashotsav	प्रकाशोत्सव	0
prakat	प्रकट	0
prakatan	प्रकटन	0
prakatikaran	प्रकटीकरण	0
prakhand	प्रखण्ड	0
prakhar	प्रखर	0
prakhyaat	प्रख्यात	0
prakhyat	प्रख्यात	0
prakirnan	प्रकीर्णन	0
prakop	प्रकोप	0
prakopon	प्रकोपों	0
prakoshth	प्रकोष्ठ	0
prakram	प्रक्रम	0
prakrit	प्राकृत	0
prakriti	प्रकृति	0
prakritik	प्राकृतिक	0
prakritivadi	प्रकृतिवादी	0
prakriya	प्रक्रिया	0
prakriyadhin	प्रक्रियाधीन	0
prakriyatmak	प्रक्रियात्मक	0
prakriyayen	प्रक्रियाएं	0
prakrut	प्राकृत	0
prakruti	प्रकृति	0
prakrutik	प्राकृतिक	0
prakshepana	प्रक्षेपण	0
prakshepastra	प्रक्षेपास्त्र	0
pralay	प्रलय	0
pralekhan	प्रलेखन	0
pramaan	प्रमाण	0
pramad	प्रमाद	0
praman	प्रमाण	0
pramanan	प्रमाणन	0
pramandal	प्रमंडल	0
pramandalon	प्रमंडलों	0
pramanik	प्रामाणिक	0
pramanikata	प्रामाणिकता	0
pramanikta	प्रमाणिकता	0
pramanit	प्रमाणित	0
pramanon	प्रमाणों	0
pramanpatron	प्रमाणपत्रों	0
pramey	प्रमेय	0
pramuk	प्रमुख	0
pramukh	प्रमुख	0
pramukha	प्रमुख	0
pramukhon	प्रमुखों	0
pranaali	प्रणाली	0
pranab	प्रणब	0
pranali	प्रणाली	0
pranaliya	प्रणालिया	0
pranaliyan	प्रणालियां	0
pranaliyon	प्रणालियों	0
pranam	प्रणाम	0
pranav	प्रणव	0
pranay	प्रणय	0
pranayam	प्राणायाम	0
pranayan	प्रणयन	0
prandand	प्राणदंड	0
prangan	प्रांगण	0
pranghatak	प्राणघातक	0
prani	प्राणी	0
pranjal	प्रांजल	0
pranodak	प्रणोदक	0
pranodan	प्रणोदन	0
prant	प्रान्त	0
prantiy	प्रांतीय	0
pranton	प्रान्तों	0
prantu	परंतु	0
pranvayu	प्राणवायु	0
prapanch	प्रपंच	0
prapat	प्रपात	0
prapatr	प्रपत्र	0
prapatra	प्रपत्र	0
prapatron	प्रपत्रों	0
prapautri	प्रपौत्री	0
prapt	प्राप्त	0
prapta	प्राप्त	0
praptank	प्राप्तांक	0
prapti	प्राप्ति	0
prarambh	प्रारंभ	0
prarambha	प्रारंभ	0
prarambhik	प्रारंभिक	0
prarthana	प्रार्थना	0
prarthanaa	प्रार्थना	0
prarthanaon	प्रार्थनाओं	0
prarthna	प्रार्थना	0
prarup	प्ररूप	0
prasaaran	प्रसारण	0
prasad	प्रसाद	1
prasadhan	प्रसाधन	0
prasadji	प्रसादजी	0
prasang	प्रसंग	0
prasanganusar	प्रसंगानुसार	0
prasangik	प्रासंगिक	0
prasangikata	प्रासंगिकता	0
prasangikta	प्रासंगिकता	0
prasangon	प्रसंगों	0
prasann	प्रसन्न	0
prasanna	प्रसन्न	0
prasanskaran	प्रसंस्करण	0
prasar	प्रसार	0
prasarak	प्रसारक	0
prasaran	प्रसारण	0
prasarit	प्रसारित	0
prasav	प्रसव	0
prasfutit	प्रस्फुटित	0
prashad	प्रशाद	0
prashan	प्रश्न	0
prashansa	प्रशंसा	0
prashansak	प्रशंसक	0
prashansakon	प्रशंसकों	0
prashansit	प्रशंसित	0
prashansko	प्रशंसकों	0
prashant	प्रशांत	1
prashanti	प्रशांति	0
prashasak	प्रशासक	0
prashasakiy	प्रशासकीय	0
prashasan	प्रशासन	0
prashasanik	प्रशासनिक	0
prashashan	प्रशासन	0
prashasi	प्रशासी	0
prashasit	प्रशासित	0
prashaskiy	प्रशासकीय	0
prashasnik	प्रशासनिक	0
prashast	प्रशस्त	0
prashasti	प्रशस्ति	0
prashastipatra	प्रशस्तिपत्र	0
prashikshak	प्रशिक्षक	0
prashikshakon	प्रशिक्षकों	0
prashikshan	प्रशिक्षण	0
prashiksharthi	प्रशिक्षार्थी	0
prashikshit	प्रशिक्षित	0
prashikshiton	प्रशिक्षितों	0
prashiya	प्रशिया	0
prashman	प्रशमन	0
prashn	प्रश्न	0
prashna	प्रश्न	0
prashnapatra	प्रश्नपत्र	0
prashnapatron	प्रश्नपत्रों	0
prashnon	प्रश्नों	0
prashnpatra	प्रश्नपत्र	0
prashnpatron	प्रश्नपत्रों	0
prashstipatra	प्रशस्तिपत्र	0
prasiddh	प्रसिद्ध	0
prasiddha	प्रसिद्ध	0
prasiddhi	प्रसिद्धि	0
prastaav	प्रस्ताव	0
prastaavit	प्रस्तावित	0
prastar	प्रस्तर	0
prastarpratima	प्रस्तरप्रतिमा	0
prastav	प्रस्ताव	0
prastavak	प्रस्तावक	0
prastavana	प्रस्तावना	0
prastavit	प्रस्तावित	0
prasthan	प्रस्थान	0
prasthapit	प्रस्थापित	0
prastota	प्रस्तोता	0
prastut	प्रस्तुत	0
prastuti	प्रस्तुति	0
prastutikaran	प्रस्तुतीकरण	0
prastutiyaan	प्रस्तुतियां	0
prastutiyon	प्रस्तुतियों	0
prasut	प्रसूत	0
prasuti	प्रसूति	0
prataapi	प्रतापी	0
pratadit	प्रताड़ित	0
pratah	प्रातः	0
pratap	प्रताप	1
pratapi	प्रतापी	0
pratek	प्रत्येक	0
pratha	प्रथा	0
pratham	प्रथम	0
prathama	प्रथम	0
prathamik	प्राथमिक	0
prathaon	प्रथाओं	0
prathmiktaon	प्राथमिकताओं	0
prati	प्रति	0
pratibaddh	प्रतिबद्ध	0
pratibal	प्रतिबल	0
pratibandh	प्रतिबंध	0
pratibandhit	प्रतिबंधित	0
pratibandhon	प्रतिबंधों	0
pratibha	प्रतिभा	0
pratibhag	प्रतिभाग	0
pratibhagi	प्रतिभागी	0
pratibhagita	प्रतिभागिता	0
pratibhagiyon	प्रतिभागियों	0
pratibhaon	प्रतिभाओं	0
pratibhashali	प्रतिभाशाली	0
pratibhavan	प्रतिभावान	0
pratibhuti	प्रतिभूति	0
pratibhutiyon	प्रतिभूतियों	0
pratibimb	प्रतिबिंब	0
pratibimbit	प्रतिबिंबित	0
pratidan	प्रतिदान	0
pratidhvani	प्रतिध्वनि	0
pratidin	प्रतिदिन	0
pratidwandita	प्रतिद्वंदिता	0
pratifal	प्रतिफल	0
pratifalo	प्रतिफलों	0
pratigya	प्रतिज्ञा	0
pratihaar	प्रतिहार	0
pratihar	प्रतिहार	0
pratik	प्रतीक	0
pratikar	प्रतिकार	0
pratikari	प्रतिकारी	0
pratikatmak	प्रतीकात्मक	0
pratikatmakata	प्रतीकात्मकता	0
pratiko	प्रतीकों	0
pratikon	प्रतीकों	0
pratikool	प्रतिकूल	0
pratikriti	प्रतिकृति	0
pratikriya	प्रतिक्रिया	0
pratikriyaon	प्रतिक्रियाओं	0
pratikshan	प्रतिक्षण	0
pratiksharat	प्रतीक्षारत	0
pratikul	प्रतिकूल	0
pratikulata	प्रतिकूलता	0
pratilipi	प्रतिलिपि	0
pratilipiyan	प्रतिलिपियां	0
pratim	प्रतिम	0
pratima	प्रतिमा	0
pratiman	प्रतिमान	0
pratimaon	प्रतिमाओं	0
pratimayen	प्रतिमाएं	0
pratinidhi	प्रतिनिधि	0
pratinidhitv	प्रतिनिधित्व	0
pratinidhitva	प्रतिनिधित्व	0
pratinidhitw	प्रतिनिधित्व	0
pratinidhitwa	प्रतिनिधित्व	0
pratinidhiyon	प्रतिनिधियों	0
pratipada	प्रतिपदा	0
pratipadan	प्रतिपादन	0
pratipadit	प्रतिपादित	0
pratipakshi	प्रतिपक्षी	0
pratipal	प्रतिपाल	0
pratipalak	प्रतिपालक	0
pratiraksha	प्रतिरक्षा	0
pratirakshan	प्रतिरक्षण	0
pratirakshi	प्रतिरक्षी	0
pratirksha	प्रतिरक्षा	0
pratirodh	प्रतिरोध	0
pratirodhak	प्रतिरोधक	0
pratirodhi	प्रतिरोधी	0
pratiroop	प्रतिरूप	0
pratiropit	प्रतिरोपित	0
pratirup	प्रतिरूप	0
pratishat	प्रतिशत	0
pratishedh	प्रतिषेध	0
pratishodh	प्रतिशोध	0
pratishtha	प्रतिष्ठा	0
pratishthan	प्रतिष्ठान	0
pratishthanpur	प्रतिष्ठानपुर	0
pratishthit	प्रतिष्ठित	0
pratispardha	प्रतिस्पर्धा	0
pratispardhatmak	प्रतिस्पर्धात्मक	0
pratispardhi	प्रतिस्पर्धी	0
pratistha	प्रतिष्ठा	0
pratisthapan	प्रतिस्थापन	0
pratisthapana	प्रतिस्थापना	0
pratisthapit	प्रतिस्थापित	0
pratisthit	प्रतिष्ठित	0
pratit	प्रतीत	0
pratiti	प्रतीति	0
prativarsh	प्रतिवर्ष	0
prativedan	प्रतिवेदन	0
pratiyan	प्रतियां	0
pratiyogi	प्रतियोगी	0
pratiyogita	प्रतियोगिता	0
pratiyogitaon	प्रतियोगिताओं	0
pratiyogiyon	प्रतियोगियों	0
pratiyogtaon	प्रतियोगताओं	0
pratul	प्रतुल	0
pratyabhuti	प्रत्याभूति	0
pratyahar	प्रत्याहार	0
pratyak	प्रत्यक	0
pratyaksh	प्रत्यक्ष	0
pratyakshan	प्रत्यक्षण	0
pratyakshikaran	प्रत्यक्षीकरण	0
pratyaropan	प्रत्यारोपण	0
pratyaropit	प्रत्यारोपित	0
pratyasha	प्रत्याशा	0
pratyashi	प्रत्याशी	0
pratyashit	प्रत्याशित	0
pratyasi	प्रत्यासी	0
pratyavartan	प्रत्यावर्तन	0
pratyay	प्रत्यय	0
pratyek	प्रत्येक	0
pratyush	प्रत्यूष	0
pratyuttar	प्रत्युत्तर	0
praudh	प्रौढ़	0
praudhavastha	प्रौढ़ावस्था	0
praudhon	प्रौढ़ों	0
praudhyogiki	प्रौद्योगिकी	0
praudyogiki	प्रौद्योगिकी	0
pravachan	प्रवचन	0
pravadhan	प्रावधान	0
pravadhanon	प्रावधानों	0
pravah	प्रवाह	0
pravahit	प्रवाहित	0
pravakta	प्रवक्ता	0
pravarsen	प्रवरसेन	0
pravartak	प्रवर्तक	0
pravartan	प्रवर्तन	0
pravartit	प्रवर्तित	0
pravas	प्रवास	0
pravasan	प्रवासन	0
pravasi	प्रवासी	0
pravasiyon	प्रवासियों	0
praveen	प्रवीण	0
pravesh	प्रवेश	0
praveshdwaar	प्रवेशद्वार	0
praveshdwar	प्रवेशद्वार	0
praveshit	प्रवेशित	0
pravidhi	प्रविधि	0
pravin	प्रवीण	0
pravisht	प्रविष्ट	0
pravishti	प्रविष्टि	0
pravishtiyon	प्रविष्टियों	0
pravritiyon	प्रवृतियों	0
pravruti	प्रवृति	0
pravrutiyon	प्रवृतियों	0
pravrutta	प्रवृत्त	0
pravrutti	प्रवृत्ति	0
pray	प्राय	1
praya	प्राय	0
prayaas	प्रयास	0
prayag	प्रयाग	0
prayah	प्रायः	0
prayas	प्रयास	0
prayason	प्रयासों	0
prayatn	प्रयत्न	0
prayatnashil	प्रयत्नशील	0
prayatnon	प्रयत्नों	0
prayay	प्रयाय	0
praydweep	प्रायद्वीप	0
prayer	प्रेयर	1
prayh	प्राय	0
prayog	प्रयोग	0
prayoga	प्रयोग	0
prayogaatmak	प्रयोगात्मक	0
prayogashaalaa	प्रयोगशाला	0
prayogashala	प्रयोगशाला	0
prayogatmak	प्रयोगात्मक	0
prayogik	प्रायोगिक	0
prayogon	प्रयोगों	0
prayogshala	प्रयोगशाला	0
prayogshalaon	प्रयोगशालाओं	0
prayojak	प्रायोजक	0
prayojakon	प्रायोजकों	0
prayojan	प्रयोजन	0
prayojit	प्रायोजित	0
prayokta	प्रयोक्ता	0
prayukt	प्रयुक्त	0
prc	पीआरसी	0
preet	प्रीत	0
preeta	प्रीता	0
preeti	प्रीति	0
preksha	प्रेक्षा	0
prekshan	प्रेक्षण	0
preloaded	प्रीलोडेड	0
prem	प्रेम	1
premalap	प्रेमालाप	0
premchand	प्रेमचंद	0
premi	प्रेमी	0
premier	प्रीमियर	1
premika	प्रेमिका	0
premium	प्रीमियम	1
premkahani	प्रेमकहानी	0
premnarayan	प्रेमनारायण	0
premnath	प्रेमनाथ	0
preparation	प्रिपरेशन	1
prerak	प्रेरक	0
prerit	प्रेरित	0
prerna	प्रेरणा	0
prernadayak	प्रेरणादायक	0
preschool	प्रीस्कूल	1
present	प्रेजेंट	1
preshak	प्रेषक	0
preshan	प्रेषण	0
preshit	प्रेषित	0
presidency	प्रेसिडेंसी	1
president	प्रेजिडेंट	1
presidents	प्रेसिडेंट्स	1
press	प्रेस	1
presson	प्रेसों	1
pressure	प्रेशर	1
preston	प्रेस्टन	1
pret	प्रेत	1
preview	प्रीव्यू	1
price	प्राइस	1
prics	प्रिक्स	0
pride	प्राइड	1
prime	प्राइम	1
principal	प्रिंसिपल	1
print	प्रिंट	1
printer	प्रिंटर	1
printing	प्रिंटिंग	1
prints	प्रिंट्स	1
prishth	पृष्ठ	0
pristhabhumi	पृष्ठभूमि	0
prita	प्रीता	0
pritam	प्रीतम	0
prithak	पृथक	0
prithivi	पृथिवी	0
prithvi	पृथ्वी	1
prithvipur	पृथ्वीपुर	0
prithviraj	पृथ्वीराज	0
priti	प्रीति	0
pritibhoj	प्रीतिभोज	0
pritish	प्रीतिश	0
privartan	परिवर्तन	0
private	प्राइवेट	1
priy	प्रिय	0
priya	प्रिया	0
priyadarshi	प्रियदर्शी	0
priyadarshini	प्रियदर्शिनी	0
priyajan	प्रियजन	0
priyajanon	प्रियजनों	0
priyam	प्रियम	1
priyanka	प्रियंका	0
priyapatra	प्रियपात्र	0
priyata	प्रियता	0
priyatam	प्रियतम	0
priyatama	प्रियतमा	0
prize	प्राइज	1
prl	पीआरएल	0
proactive	प्रोएक्टिव	1
probiotic	प्रोबायोटिक	0
problem	प्रॉब्लम	1
problems	प्रॉब्लम्स	1
proceedings	प्रोसीडिंग्स	1
process	प्रोसेस	1
processing	प्रोसेसिंग	1
processor	प्रोसेसर	1
procurement	प्रोक्योरमेंट	1
prodhyogiki	प्रोद्योगिकी	0
product	प्रोडक्ट	1
production	प्रॉडक्शन	1
productions	प्रोडक्शंस	1
products	प्रॉडक्ट्स	1
prodyogiki	प्रोद्योगिकी	0
prodyogikiyon	प्रोद्योगिकियों	0
profesar	प्रोफ़ेसर	0
professional	प्रोफेशनल	1
professor	प्रोफेसर	1
profile	प्रोफाइल	1
profiling	प्रोफाइलिंग	1
program	प्रोग्राम	1
programing	प्रोग्रामिंग	1
programmer	प्रोग्रामर	1
programming	प्रोग्रामिंग	1
programon	प्रोग्रामों	0
project	प्रॉजेक्ट	1
projector	प्रोजेक्टर	1
promote	प्रमोट	1
promoter	प्रमोटर	1
promotor	प्रमोटर	0
pronnati	प्रोन्नति	0
properties	प्रोपर्टीज	1
proposal	प्रोपोजल	1
prostate	प्रोस्टेट	1
protection	प्रोटेक्शन	1
protective	प्रोटेक्टिव	1
protein	प्रोटीन	1
proteinon	प्रोटीनों	0
proteinyukt	प्रोटीनयुक्त	0
protestant	प्रोटेस्टेंट	1
protin	प्रोटीन	0
protocol	प्रोटोकॉल	1
prototype	प्रोटोटाइप	1
protsaahit	प्रोत्साहित	0
protsahan	प्रोत्साहन	0
protsahit	प्रोत्साहित	0
provide	प्रोवाइड	1
provident	प्रोविडेंट	1
provider	प्रोवाइडर	1
province	प्रोविंस	1
provisioning	प्रोविजनिंग	1
proxy	प्रॉक्सी	1
prpat	प्राप्त	0
prtikriya	प्रतिक्रिया	0
prtinidhi	प्रतिनिधि	0
prtyek	प्रत्येक	0
prushtbhumi	पृष्टभूमि	0
prushth	पृष्ठ	0
prushti	पुष्टि	0
pruthak	पृथक्	0
pruthi	पृथी	0
pruthu	पृथु	0
pruthvi	पृथ्वी	0
psp	पीएसपी	0
pta	पता	0
pti	पीटीआई	0
pu	पु	1
puaa	पुआ	0
puaal	पुआल	0
pub	पब	1
public	पब्लिक	1
publisher	पब्लिशर	1
publishing	पब्लिशिंग	1
pucha	पूछा	0
puchhane	पुछने	0
puchne	पुछने	0
puchtach	पूछताछ	0
puchti	पुछती	0
pudding	पुडिंग	1
pudine	पुदीने	0
pudong	पुडोंग	1
puducherry	पुडुचेरी	0
puja	पूजा	0
pujaa	पुजा	0
pujan	पूजन	0
pujaon	पूजाओं	0
pujari	पुजारी	0
pujariyon	पुजारियों	0
pujasthal	पूजास्थल	0
pujasthalon	पूजास्थलों	0
pujit	पूजित	0
pujniya	पूजनीय	0
pujya	पूज्य	0
pukar	पुकार	0
pukara	पुकारा	0
pukare	पुकारे	0
pukarne	पुकारने	0
pukarte	पुकारते	0
pukhta	पुख्ता	0
pul	पुल	0
pulav	पुलाव	0
pule	पुले	0
pulela	पुलेला	0
pulgaon	पुलगांव	0
pulinda	पुलिंदा	0
pull	पूल	1
pulling	पुल्लिंग	1
pulon	पुलों	0
pulp	पल्प	1
puma	प्यूमा	1
pumori	पुमोरी	0
pump	पंप	1
pumping	पंपिंग	1
pumpon	पंपों	0
pumps	पंप्स	1
pun	पुन	1
puna	पूना	0
punah	पुनः	0
punahkathan	पुनःकथन	0
punarbharan	पुनर्भरण	0
punarchakran	पुनर्चक्रण	0
punargathan	पुनर्गठन	0
punargathit	पुनर्गठित	0
punarikshit	पुनरीक्षित	0
punarjanam	पुनर्जन्म	0
punarjanm	पुनर्जन्म	0
punarjivan	पुनर्जीवन	0
punarjivit	पुनर्जीवित	0
punarmilan	पुनर्मिलन	0
punarnirdharit	पुनर्निर्धारित	0
punarnirmaan	पुनर्निमाण	0
punarnirman	पुनर्निर्माण	0
punarnirmit	पुनर्निर्मित	0
punarrachana	पुनर्रचना	0
punarsanrachana	पुनर्संरचना	0
punarsthapit	पुनर्स्थापित	0
punaruddhar	पुनरुद्धार	0
punarvas	पुनर्वास	0
punarvichar	पुनर्विचार	0
punarvikas	पुनर्विकास	0
punarvitran	पुनर्वितरण	0
punarvivah	पुनर्विवाह	0
punch	पूंछ	1
punchh	पूंछ	0
pune	पुणे	0
puneet	पुनीत	1
puni	पुनि	0
punishment	पनिशमेंट	1
punit	पुनीत	1
punj	पुंज	0
punja	पुंजा	0
punjab	पंजाब	1
punjabi	पंजाबी	0
punji	पूंजी	0
punjigat	पूंजीगत	0
punnirman	पुननिर्माण	0
punravartan	पुनरावर्तन	0
punsvan	पुंसवन	0
punya	पुण्य	0
punyabhoomi	पुण्यभूमि	0
punyabhumi	पुण्यभूमि	0
punyafal	पुण्यफल	0
punyakarm	पुण्यकर्म	0
pupul	पुपुल	0
pura	पूरा	1
puraan	पुराण	0
puraane	पुराने	0
puraani	पुरानी	0
puraattatav	पुरातत्त्व	0
puraattavividhon	पुरातत्वविद	0
purab	पूरब	0
purak	पूरक	0
puran	पुराण	0
purana	पुराना	0
purane	पुराने	0
purani	पुरानी	0
puranik	पुराणिक	0
puranon	पुराणों	0
puraskaar	पुरस्कार	0
puraskar	पुरस्कार	0
puraskaron	पुरस्कारों	0
purasth	पुरस्थ	0
purasthalon	पुरास्थलों	0
puratan	पुरातन	0
puratanpanthi	पुरातनपंथी	0
puratattvik	पुरातात्त्विक	0
puratatva	पुरातत्त्व	0
puratatvavetta	पुरातत्ववेत्ता	0
puratatvavettaon	पुरातत्ववेत्ताओं	0
puratatvavid	पुरातत्वविद	0
puratatvavidon	पुरातत्वविदों	0
puratatvik	पुरातात्विक	0
purattatav	पुरातत्त्व	0
pure	पूरे	1
purey	पुरे	0
puri	पूरी	1
purje	पुर्जे	0
purkhon	पुरखों	0
purn	पूर्ण	0
purna	पूर्ण	0
purnamal	पूर्णमल	0
purnat	पूर्णत	0
purnata	पूर्णता	0
purnataya	पूर्णतया	0
purnia	पूर्णिया	0
purnima	पूर्णिमा	0
purniya	पुर्णिया	0
purodha	पुरोधा	0
purodhaon	पुरोधाओं	0
purohit	पुरोहित	0
purohiton	पुरोहितों	0
purshon	पुरषों	0
purskar	पुरस्कार	0
purskaron	पुरस्कारों	0
purtagaali	पुर्तगाली	0
purtgali	पुर्तगाली	0
purtgaliyon	पुर्तगालियों	0
purti	पूर्ति	0
puru	पुरु	0
purulia	पुरुलिआ	0
puruliya	पुरुलिया	0
pururva	पुरुरवा	0
purus	पुरुष	0
purush	पुरुष	0
purusharth	पुरुषार्थ	0
purusharthon	पुरुषार्थों	0
purusho	पुरूषो	0
purushon	पुरुषों	0
purushottam	पुरूषोतम	0
puruskar	पुरूस्कार	0
purv	पूर्व	0
purva	पूर्व	0
purvaardh	पूर्वार्द्ध	0
purvabhimukh	पूर्वाभिमुख	0
purvabhyas	पूर्वाभ्यास	0
purvadhikari	पूर्वाधिकारी	0
purvagrah	पूर्वाग्रह	0
purvagrahon	पूर्वाग्रहों	0
purvaj	पूर्वज	0
purvajon	पूर्वजों	0
purvak	पूर्वक	0
purvakaal	पूर्वकाल	0
purvakal	पूर्वकाल	0
purvanchal	पुर्वांचल	0
purvanirdharit	पूर्वनिर्धारित	0
purvanuman	पूर्वानुमान	0
purvanumanit	पूर्वानुमानित	0
purvardh	पूर्वार्ध	0
purvavarti	पूर्ववर्ती	0
purvavartiyon	पूर्ववर्तियों	0
purvavastha	पूर्वावस्था	0
purvekshan	पूर्वेक्षण	0
purvi	पूर्वी	0
purvo	पूर्वो	0
purvottar	पूर्वोत्तर	0
purvottari	पूर्वोत्तरी	0
pus	पस	1
pusaur	पुसौर	0
push	पुश	1
pushkal	पुष्कल	0
pushpadant	पुष्पदंत	0
pushpak	पुष्पक	0
pusht	पुष्ट	0
pushti	पुष्टि	0
pushton	पुश्तों	0
pushya	पुष्य	0
pushyamitra	पुष्यमित्र	0
pustak	पुस्तक	0
pustakaalay	पुस्तकालय	0
pustakaalayon	पुस्तकालयों	0
pustakalaya	पुस्तकालय	0
pustake	पुस्तके	0
pustaken	पुस्तकें	0
pustako	पुस्तकों	0
pustakon	पुस्तकों	0
pustikaa	पुस्तिका	0
put	पुट	1
putaki	पुटकी	0
putali	पुतली	0
puthal	पुथल	0
putika	पुटिका	0
putr	पुत्र	0
putra	पुत्र	0
putri	पुत्री	0
putriyon	पुत्रियों	0
putron	पुत्रों	0
pvc	पीवीसी	1
pwd	पीडब्लूडी	0
pyaar	प्यार	0
pyadon	प्यादों	0
pyaj	प्याज	0
pyala	प्याला	0
pyale	प्याले	0
pyali	प्याली	0
pyar	प्यार	0
pyara	प्यारा	0
pyare	प्यारे	0
pyari	प्यारी	0
pyas	प्यास	0
pyl	पीवाईएल	0
pyramid	पिरामिड	1
qaid	कैद	0
qaidi	कैदी	0
qasimpur	कासिमपुर	0
qawwali	क़व्वाली	0
qualifier	क्वालीफायर	1
qualify	क्वालीफाई	1
qualifying	क्वालिफाइंग	1
quality	क्वालिटी	1
quantum	क्वांटम	1
quar	क्वायर	0
quarter	क्वार्टर	1
quatrochi	क्वात्रोची	0
quattrocchi	क्वात्रोची	1
queen	क्वीन	1
queensland	क्वींसलैंड	1
quest	क्वेस्ट	1
question	क्वेश्चन	1
quiz	क्विज	1
quotation	कोटेशन	1
qureshi	कुरेशी	1
r	आर	1
ra	आरए	1
raagdwesh	रागद्वेष	0
raah	राह	0
raahatein	राहतें	0
raahein	राहें	0
raahi	राही	0
raahu	राहु	0
raaj	राज	0
raajkaaj	राजकाज	0
raajnaitik	राजनैतिक	0
raajneetik	राजनीतिक	0
raajvansh	राजवंश	0
raajya	राज्य	0
raajypaal	राज्यपाल	0
raal	राल	0
raam	राम	0
raanjhanaa	रांझणा	0
raas	रास	0
raashiyon	राशियों	0
raaston	रास्तों	0
raat	रात	0
raaton	रातों	0
raatri	रात्रि	0
raaz	राज़	0
rabada	रबाडा	0
rabar	रबर	0
rabba	रब्बा	0
rabbani	रब्बानी	1
rabbi	रब्बी	1
rabdi	रबड़ी	0
rabi	रबी	1
rabta	राब्ता	0
racha	रचा	0
rachakar	रचाकर	0
rachana	रचना	0
rachanaon	रचनाओं	0
rachanayen	रचनाएँ	0
rachayita	रचयिता	0
rache	रचे	0
rachel	रेचल	1
rachi	रची	1
rachit	रचित	0
rachna	रचना	0
rachnaa	रचना	0
rachnakal	रचनाकाल	0
rachnakar	रचनाकार	0
rachnakaron	रचनाकारों	0
rachnaon	रचनाओं	0
rachnasheel	रचनाशील	0
rachnatmak	रचनात्मक	0
rachnatmakata	रचनात्मकता	0
rachne	रचने	0
rachta	रचता	0
rachte	रचते	0
rachyita	रचयिता	0
racket	रैकेट	1
rackets	रैकेट्स	1
radar	रेडर	1
radaron	रडारों	0
radd	रद्द	0
raddobadal	रद्दोबदल	0
radha	राधा	1
radhakant	राधाकांत	0
radhakrishna	राधाकृष्ण	0
radhamadhav	राधामाधव	0
radharani	राधारानी	0
radhasaomi	राधास्वामी	0
radhaswami	राधास्वामी	0
radhavallabh	राधावल्लभ	0
radheshyam	राधेश्याम	0
radhika	राधिका	0
radial	रेडियल	1
radiation	रेडिएशन	1
radio	रेडियो	1
radiodharmi	रेडियोधर्मी	0
radiography	रेडियोग्राफी	1
radiology	रेडियोलॉजी	1
radiotherapy	रेडियोथेरेपी	0
radius	रेडियस	1
raebareli	रायबरेली	0
raee	राई	0
rafel	राफेल	0
rafi	रफ़ी	1
rafoo	रफू	0
raft	राफ्ट	1
rafta	रफ्ता	0
raftaar	रफ्तार	0
rag	रग	1
ragad	रगड़	0
ragadane	रगड़ने	0
ragadkar	रगड़कर	0
raghav	राघव	0
raghu	रघु	0
raghuji	रघुजी	0
raghunath	रघुनाथ	0
raghuraj	रघुराज	0
raghuvansh	रघुवंश	0
raghuvanshi	रघुवंशी	0
raghuvir	रघुवीर	0
ragini	रागिनी	0
rah	रह	1
raha	रहा	0
rahakar	रहकर	0
rahan	रहन	0
rahana	रहना	0
rahane	रहने	0
rahansahan	रहनसहन	0
rahasya	रहस्य	0
rahasyon	रहस्यों	0
rahat	राहत	0
rahata	रहता	0
rahate	रहते	0
rahatgarh	राहतगढ़	0
rahati	रहती	0
rahe	रहे	1
rahega	रहेगा	0
rahen	रहें	0
rahi	रही	0
rahim	रहीम	1
rahimpur	रहीमपुर	0
rahin	रहीं	0
rahit	रहित	0
rahkar	रहकर	0
rahman	रहमान	1
rahna	रहना	0
rahne	रहने	0
raho	रहो	0
rahogi	रहोगी	0
rahoo	राहु	0
rahsyamay	रहस्यमय	0
rahta	रहता	0
rahtaa	रहता	0
rahte	रहते	0
rahti	रहती	0
rahu	राहु	0
rahul	राहुल	1
rai	राय	1
raidas	रैदास	0
raika	राईका	0
rail	रेल	1
railgaadi	रेलगाड़ी	0
railgaadiyon	रेलगाड़ियों	0
railgadi	रेलगाड़ी	0
railing	रेलिंग	1
railmandal	रेलमंडल	0
railmarg	रेलमार्ग	0
railway	रेलवे	1
raim	रैम	0
rain	रैन	1
raina	रैना	1
rainbo	रैंबो	0
rainbow	रेनबो	1
rainy	रेनी	1
raipur	रायपुर	0
raisen	रायसेन	0
rait	रैट	1
raj	राज	1
raja	राजा	0
rajaa	रजा	0
rajajipuram	राजाजीपुरम	0
rajan	राजन	0
rajani	रजनी	0
rajao	राजाओं	0
rajaon	राजाओं	0
rajaram	राजाराम	0
rajasthaani	राजस्थानी	0
rajasthan	राजस्थान	0
rajasthana	राजस्थान	0
rajasthani	राजस्थानी	0
rajasva	राजस्व	0
rajat	रजत	0
rajauri	रजौरी	0
rajavat	राजावत	0
rajawat	राजावत	0
rajbali	राजबली	0
rajbhasha	राजभाषा	0
rajbhavan	राजभवन	0
rajdand	राजदंड	0
rajdhaani	राजधानी	0
rajdhani	राजधानी	0
rajdhaniyon	राजधानियों	0
rajdharma	राजधर्म	0
rajdoot	राजदूत	0
rajdooton	राजदूतों	0
rajeev	राजीव	0
rajendra	राजेंद्र	0
rajesh	राजेश	0
rajeshwar	राजेश्वर	0
rajeshwari	राजेश्वरी	0
rajgaddi	राजगद्दी	0
rajgruha	राजगृह	0
rajguru	राजगुरु	0
rajim	राजिम	0
rajiv	राजीव	1
rajjo	रज्जो	0
rajkaj	राजकाज	0
rajkamal	राजकमल	0
rajkhova	राजखोवा	0
rajkiya	राजकीय	0
rajkosh	राजकोष	0
rajkoshiya	राजकोषीय	0
rajkumar	राजकुमार	1
rajkumari	राजकुमारी	0
rajkumaron	राजकुमारों	0
rajmahal	राजमहल	0
rajmahl	राजमहल	0
rajmarg	राजमार्ग	0
rajmargon	राजमार्गों	0
rajmata	राजमाता	0
rajnaitik	राजनैतिक	0
rajnay	राजनय	0
rajnayik	राजनयिक	0
rajnayikon	राजनयिकों	0
rajneeti	राजनीति	0
rajneetik	राजनीतिक	0
rajneta	राजनेता	0
rajnetaon	राजनेताओं	0
rajneti	राजनेत्री	0
rajnikant	रजनीकांत	0
rajnish	रजनीश	0
rajniti	राजनीति	0
rajnitigya	राजनीतिज्ञ	0
rajnitigyon	राजनीतिज्ञों	0
rajnitik	राजनीतिक	0
rajpal	राजपाल	0
rajparivaar	राजपरिवार	0
rajpath	राजपथ	0
rajpati	राजपति	0
rajprasad	राजप्रासाद	0
rajpur	राजपुर	0
rajpurohit	राजपुरोहित	0
rajput	राजपूत	0
rajputana	राजपूताना	0
rajputon	राजपूतों	0
rajrappa	रजरप्पा	0
rajsabha	राजसभा	0
rajsatta	राजसत्ता	0
rajshahi	राजशाही	0
rajshekhar	राजशेखर	0
rajsi	राजसी	0
rajsinghasan	राजसिंहासन	0
rajsooya	राजसूय	0
rajsthan	राजस्थान	0
rajswala	रजस्वला	0
rajtarangini	राजतरंगिणी	0
raju	राजू	1
rajula	राजुला	0
rajvaidya	राजवैद्य	0
rajvansh	राजवंश	0
rajvanshi	राजवंशी	0
rajvanshon	राजवंशों	0
rajveer	राजवीर	0
rajviraj	राजविराज	0
rajy	राज्य	0
rajya	राज्य	0
rajyabhishek	राज्याभिषेक	0
rajyakal	राज्यकाल	0
rajyakshetra	राज्यक्षेत्र	0
rajyamantri	राज्यमंत्री	0
rajyapal	राज्यपाल	0
rajyarohan	राज्यारोहण	0
rajyasabha	राज्यसभा	0
rajyasatta	राज्यसत्ता	0
rajyashree	राज्यश्री	0
rajyashri	राज्यश्री	0
rajyo	राज्यों	0
rajyon	राज्यों	0
rajyotsav	राज्योत्सव	0
rak	रक	1
rakam	रकम	0
rakh	रख	0
rakha	रखा	0
rakhail	रखैल	0
rakhakar	रखकर	0
rakhane	रखने	0
rakhata	रखता	0
rakhate	रखते	0
rakhati	रखती	0
rakhav	रखाव	0
rakhe	रखे	0
rakhega	रखेगा	0
rakhen	रखें	0
rakhenge	रखेंगे	0
rakhi	रखी	0
rakhkar	रखकर	0
rakhne	रखने	0
rakhnevale	रखनेवाले	0
rakhnewali	रखनेवाली	0
rakhni	रखनी	0
rakho	रखो	0
rakhrakhav	रखरखाव	0
rakhta	रखता	0
rakhte	रखते	0
rakhti	रखती	0
rakhvala	रखवाला	0
rakhvali	रखवाली	0
rakhvaya	रखवाया	0
rakhwali	रखवाली	0
rakkha	रक्खा	0
rakkhe	रक्खे	0
raksha	रक्षा	0
rakshaa	रक्षा	0
rakshabandhan	रक्षाबंधन	0
rakshak	रक्षक	0
rakshakon	रक्षकों	0
raksharth	रक्षार्थ	0
rakshas	राक्षस	0
rakshason	राक्षसों	0
rakshasutra	रक्षासूत्र	0
rakshatmak	रक्षात्मक	0
rakshit	रक्षित	0
rakt	रक्त	0
raktalpata	रक्ताल्पता	0
raktalpta	रक्ताल्पता	0
raktaranjit	रक्तरंजित	0
raktbeej	रक्तबीज	0
raktchaap	रक्तचाप	0
raktdaan	रक्तदान	0
raktim	रक्तिम	0
raktpitt	रक्तपित्त	0
raktranjit	रक्तरंजित	0
raktshodhak	रक्तशोधक	0
ralf	राल्फ	1
rally	रैली	1
ralph	राल्फ	1
ram	राम	1
rama	रामा	1
ramabai	रमाबाई	0
ramachandra	रामचंद्र	0
ramadan	रमादान	1
ramadhar	रामाधार	0
ramai	रमई	0
ramaini	रमैनी	0
ramakant	रमाकांत	0
ramal	रमल	0
ramala	रमाला	1
raman	रमन	1
ramanand	रामानंद	0
ramanandi	रामानंदी	0
ramanathan	रामनाथन	0
ramanna	रामन्ना	0
ramanuj	रामानुज	0
ramanujan	रामानुजन	0
ramarao	रामाराव	0
ramaswami	रामास्वामी	1
ramavat	रामावत	0
ramayan	रामायण	0
rambaan	रामबाण	0
rambagh	रामबाग	0
rambal	रंबल	0
ramban	रामबन	0
rambha	रंभा	0
rambhadracharya	रामभद्राचार्य	0
rambhakti	रामभक्ति	0
ramchandra	रामचंद्र	0
ramcharit	रामचरित	0
ramcharitmanas	रामचरितमानस	0
ramdev	रामदेव	0
ramdevra	रामदेवरा	0
ramdhaari	रामधारी	0
ramdut	रामदूत	0
ramechhap	रामेछाप	0
ramesh	रमेश	1
rameshsingh	रमेशसिंह	0
rameshwar	रामेश्वर	0
rameshwaram	रामेश्वरम	0
rameshwari	रामेश्वरी	0
ramfal	रामफल	0
ramganga	रामगंगा	0
ramgarh	रामगढ़	0
rami	रामी	1
ramit	रमित	0
ramkali	रामकली	0
ramkinkar	रामकिंकर	0
ramkrishna	रामकृष्ण	0
ramlal	रामलाल	0
ramleela	रामलीला	0
ramlila	रामलीला	0
ramling	रामलिंग	0
ramlochan	रामलोचन	0
rammandir	राममंदिर	0
ramnagar	रामनगर	0
ramnath	रामनाथ	0
ramnavami	रामनवमी	0
ramnik	रमणीक	0
ramnika	रमणिका	0
ramnivas	रामनिवास	0
ramniya	रमणीय	0
rampal	रामपाल	0
ramprasad	रामप्रसाद	0
rampura	रामपुरा	0
ramray	रामराय	0
ramroop	रामरूप	0
ramsundar	रामसुंदर	0
ramvaran	रामवरण	0
ramvilas	रामविलास	0
ramyak	रम्यक	0
ramzan	रमजान	0
ran	रण	1
rana	राणा	1
ranakpur	रणकपुर	0
rananiti	रणनीति	0
ranaut	रानौत	0
ranavat	राणावत	0
ranbankuro	रणबांकुरो	0
ranbheri	रणभेरी	0
ranbhumi	रणभूमि	0
ranbir	रणबीर	0
ranch	रांच	1
ranchi	रांची	0
randeep	रणदीप	0
randheer	रणधीर	0
randhir	रणधीर	0
rang	रंग	1
ranga	रंगा	0
rangali	रंगली	0
rangat	रंगत	0
rangata	रंगता	0
rangbati	रंगबती	0
rangbhed	रंगभेद	0
rangbirange	रंगबिरंगे	0
rangbirangey	रंगबिरंगे	0
range	रेंज	1
rangeele	रंगीले	0
rangeeli	रंगीली	0
rangeen	रंगीन	0
rangheen	रंगहीन	0
rangkarmiyon	रंगकर्मियों	0
rangmahal	रंगमहल	0
rangmanch	रंगमंच	0
rangmandal	रंगमंडल	0
rangna	रंगना	0
rangnathan	रंगनाथन	0
rangoli	रंगोली	0
rangon	रंगों	0
rangoon	रंगून	1
rangpur	रंगपुर	0
rani	रानी	1
ranikhet	रानीखेत	0
ranipur	रानीपुर	0
ranipura	रानीपुरा	0
raniyon	रानियों	0
ranjan	रंजन	0
ranjeet	रणजीत	0
ranji	रंजी	0
rank	रैंक	1
ranking	रैंकिंग	1
rankoji	रैंकोजी	0
ranneeti	रणनीति	0
ranniti	रणनीति	0
rannitiyon	रणनीतियों	0
ranon	रनों	0
ransingh	रणसिंह	0
rao	राव	1
rape	रपे	1
rapid	रैपिड	1
rappers	रैपर्स	1
rapti	राप्ती	0
rapunzel	रॅपन्ज़ेल	1
rare	रेयर	1
ras	रस	1
rasa	रासा	0
rasak	रसक	0
rasal	रसल	0
rasamay	रसमय	0
rasauli	रसौली	0
rasayanik	रासायनिक	0
rasayanika	रासायनिक	0
rasaynik	रासायनिक	0
rasbhari	रसभरी	0
rasbihari	रासबिहारी	0
rashee	राशी	0
rashi	राशि	0
rashid	रशीद	1
rashmi	रश्मि	0
rashtr	राष्ट्र	0
rashtra	राष्ट्र	0
rashtrabhasha	राष्ट्रभाषा	0
rashtradharm	राष्ट्रधर्म	0
rashtradhwaj	राष्ट्रध्वज	0
rashtradrohi	राष्ट्रद्रोही	0
rashtragaan	राष्ट्रगान	0
rashtragan	राष्ट्रगान	0
rashtrageet	राष्ट्रगीत	0
rashtrakoot	राष्ट्रकूट	0
rashtramandal	राष्ट्रमंडल	0
rashtranirmaan	राष्ट्रनिर्माण	0
rashtranirman	राष्ट्रनिर्माण	0
rashtrantaran	राष्ट्रांतरण	0
rashtrapati	राष्ट्रपति	0
rashtrapatiyon	राष्ट्रपतियों	0
rashtrapita	राष्ट्रपिता	0
rashtrapramukh	राष्ट्रप्रमुख	0
rashtrapramukhon	राष्ट्रप्रमुखों	0
rashtrasangh	राष्ट्रसंघ	0
rashtravadi	राष्ट्रवादी	0
rashtravadiyon	राष्ट्रवादियों	0
rashtravyapi	राष्ट्रव्यापी	0
rashtriy	राष्ट्रीय	0
rashtriya	राष्ट्रीय	0
rashtriyakaran	राष्ट्रीयकरण	0
rashtriyata	राष्ट्रीयता	0
rashtriykaran	राष्ट्रीयकरण	0
rashtron	राष्ट्रों	0
rasiden	रसीदें	0
rasiduna	रशीदुन	0
rasik	रसिक	0
rasika	रसिका	0
rasm	रस्म	0
rasmalai	रसमलाई	0
rasmen	रस्में	0
rasmon	रस्मों	0
rasoi	रसोई	0
rasoighar	रसोईघर	0
rasoiya	रसोईया	0
rason	रसों	0
rasool	रसूल	0
rassi	रस्सी	0
rassiyon	रस्सियों	0
rasson	रस्सों	0
rasta	रास्ता	0
raste	रास्ते	0
raston	रास्तों	0
rastramandala	राष्ट्रमंडल	0
rastrapati	राष्ट्रपति	0
rat	रत	1
ratan	रतन	0
ratanjot	रतनजोत	0
rataya	रटाया	0
raten	रातें	0
rath	रथ	1
rathi	राठी	0
rathore	राठौड़	0
rathyatra	रथयात्रा	0
rati	रति	0
rating	रेटिंग	1
ratings	रेटिंग्स	1
rationcard	राशनकार्ड	0
ratlam	रतलाम	0
ratna	रत्न	0
ratnagiri	रत्नागिरी	0
ratnakar	रत्नाकर	0
ratnamala	रत्नमाला	0
ratnon	रत्नों	0
ratri	रात्रि	0
rau	राउ	1
rauf	रउफ	0
raul	राउल	1
raunak	रौनक	0
raunde	रौंदे	0
raut	राउत	1
rautela	रौतेला	0
ravaiya	रवैया	0
ravana	रवाना	0
ravayat	रवायत	0
ravi	रवि	1
ravikant	रविकांत	0
ravina	रवीना	0
ravindra	रवींद्र	0
ravivaar	रविवार	0
raw	रॉ	1
rawal	रावल	0
rawalpindi	रावलपिंडी	1
rawat	रावत	0
rawatpur	रावतपुर	0
ray	राय	1
rayan	रायन	0
rayeen	राईन	0
raymond	रेमंड	1
rbi	आरबीआई	0
rc	आरसी	0
rca	आरसीए	1
rcb	आरसीबी	0
rcf	आरसीएफ	0
rcs	आरसीएस	0
rdb	आरडीबी	0
rdx	आरडीएक्स	0
re	रे	1
reactor	रिएक्टर	1
reactoron	रिएक्टरों	0
reader	रीडर	1
real	रियल	1
reality	रियलिटी	1
reaper	रीपर	1
reason	रीजन	1
rebel	रेबेल	1
reboot	रिबूट	1
rebound	रिबाउंड	1
receiver	रिसीवर	1
reception	रिसेप्शन	1
recipe	रेसिपी	1
record	रिकॉर्ड	1
recorded	रिकॉर्डेड	1
recorder	रिकॉर्डर	1
recording	रिकॉर्डिंग	1
recordo	रिकॉर्डों	0
recordon	रिकॉर्डों	0
records	रिकार्ड्स	1
recovery	रिकवरी	1
recycling	रिसाइक्लिंग	1
red	रेड	1
redar	रेडर	0
reddy	रेड्डी	1
redesign	रिडिजाइन	1
rediff	रेडिफ	0
rediodharmi	रेडियोधर्मी	0
redmi	रेडमी	0
reedh	रीढ	0
reema	रीमा	0
reena	रीना	0
reeti	रीति	0
reetiriwaj	रीतिरिवाज	0
refer	रेफर	1
referee	रेफरी	1
reference	रेफरेंस	1
referral	रेफरल	1
refineries	रिफाइनरीज	1
refinery	रिफाइनरी	1
reflective	रिफ्लेक्टिव	1
reform	रिफॉर्म	1
regard	रिगार्ड	1
regent	रिजेंट	1
regiment	रेजीमेंट	1
regina	रेजिना	1
registan	रेगिस्तान	0
register	रजिस्टर	1
registeron	रजिस्टरों	0
registry	रजिस्ट्री	1
regulation	रेगुलेशन	1
reh	रह	1
rehan	रेहान	0
rehearsal	रिहर्सल	1
rehman	रहमान	1
rehne	रहने	0
rehta	रहता	0
rehte	रहते	0
rehti	रहती	0
rejection	रिजेक्शन	1
rekha	रेखा	0
rekhachitra	रेखाचित्र	0
rekhankan	रेखांकन	0
rekhankit	रेखांकित	0
rekhaon	रेखाओं	0
rekhiy	रेखीय	0
reki	रेकी	0
rel	रेल	0
relay	रिले	1
release	रिलीज	1
reliance	रिलाइंस	1
relief	रिलीफ	1
religion	रिलिजन	1
relon	रेलों	0
remake	रीमेक	1
remix	रीमिक्स	0
remote	रिमोट	1
removal	रिमूवल	1
renewable	रिन्यूएबल	1
renu	रेनू	0
renuka	रेणुका	0
repairing	रिपेयरिंग	1
reply	रिप्लाई	1
report	रिपोर्ट	1
reportein	रिपोर्टें	0
reporter	रिपोर्टर	1
reporting	रिपोर्टिंग	1
reporton	रिपोर्टों	0
representative	रिप्रेजेंटेटिव	1
republic	रिपब्लिक	1
republican	रिपब्लिकन	1
resaron	रेसरों	0
research	रिसर्च	1
reservation	रिजर्वेशन	1
reserve	रिज़र्व	1
resha	रेशा	0
reshaa	रेशा	0
resham	रेशम	0
reshami	रेशमी	0
reshamiya	रेशमिया	0
reshedar	रेशेदार	0
reshi	रेशी	0
reshma	रेशमा	0
reshoot	रीशूट	0
resident	रेजिडेंट	1
resistance	रेजिस्टेंस	1
resolution	रेजोल्यूशन	1
resort	रिसोर्ट	1
resource	रिसोर्स	1
resources	रिसोर्सेस	1
respiratory	रेस्पिरेटरी	1
response	रिस्पांस	1
restart	रिस्टार्ट	1
restaurant	रेस्टोरेंट	1
restaurent	रेस्टोरेंट	0
reta	रेता	1
reti	रेती	1
retile	रेतीले	0
retili	रेतीली	0
retina	रेटीना	1
retinopathy	रेटिनोपैथी	0
retired	रिटायर्ड	1
retirement	रिटायरमेंट	1
retkar	रेतकर	0
retro	रेट्रो	1
return	रिटर्न	1
returns	रिटर्न्स	1
rev	रेव	1
revadi	रेवाड़ी	0
revant	रेवंत	0
revasa	रेवासा	0
revat	रेवत	0
revati	रेवती	0
reveal	रिवील	1
reverse	रिवर्स	1
review	रिव्यु	1
revolver	रिवॉल्वर	1
reyan	रेयान	0
rfc	आरएफसी	0
rfid	आरएफआईडी	0
rha	रहा	1
rhe	रहे	0
rhine	राइन	1
rhino	राइनो	1
ribbon	रिबन	1
riboflavin	राइबोफ्लेविन	0
rice	राइस	1
rich	रिच	1
richa	रिचा	1
richard	रिचर्ड	1
richardson	रिचर्ड्सन	1
richie	रिची	1
richmand	रिचमंड	0
richmond	रिचमंड	1
riddhi	रिद्धि	0
ride	राइड	1
ridge	रिज	1
ridh	रीढ	0
riding	राइडिंग	1
ridley	रिडले	1
rifle	राइफल	1
rifles	राइफल्स	1
right	राइट	1
rights	राइट्स	1
rigved	ऋग्वेद	0
riha	रिहा	1
rijvan	रिजवान	0
rikki	रिक्की	1
riksha	रिक्शा	0
rikt	रिक्त	0
rilij	रिलीस	0
rim	रिम	1
rima	रीमा	1
rimjhim	रिमझिम	0
rin	ऋण	0
rina	रीना	1
rinatmak	ऋणात्मक	0
rine	राइन	1
ring	रिंग	1
ringing	रिंगिंग	1
ringtone	रिंगटोन	0
ringtones	रिंगटोंस	0
rinky	रिंकी	0
rio	रिओ	1
rip	रिप	1
riport	रिपोर्ट	0
ripu	रिपु	0
rishabhdev	ऋषभदेव	0
rishi	ऋषि	0
rishigan	ऋषिगण	0
rishikesh	ऋषिकेश	0
rishimuniyon	ऋषिमुनियों	0
rishiraj	ऋषिराज	0
rishiyon	ऋषियों	0
rishta	रिश्ता	0
rishtedaar	रिश्तेदार	0
rishtedar	रिश्तेदार	0
rishtedaron	रिश्तेदारों	0
rishwat	रिश्वत	0
rishwatkhori	रिश्वतखोरी	0
rising	राइजिंग	1
risk	रिस्क	1
ritesh	रितेश	1
rithvik	ऋत्विक	0
riti	रीति	0
ritik	ऋतिक	0
ritiyon	रीतियों	0
ritu	ऋतु	0
rituon	ऋतुओं	0
ritvik	रित्विक	0
river	रिवर	1
riwaz	रिवाज	0
riyaj	रियाज	0
riyal	रियाल	0
riyasat	रियासत	0
riyasaten	रियासतें	0
riyasaton	रियासतों	0
riyayat	रियायत	0
riyayati	रियायती	0
riyayaton	रियायतों	0
riyo	रियो	0
rizvan	रिजवान	0
rizvi	रिज़वी	0
rizwan	रिजवान	0
rk	आरके	0
rna	आरएनए	1
ro	रॉ	1
road	रोड	1
robert	रॉबर्ट	1
roberts	रॉबर्ट्स	1
robertsganj	राबर्ट्सगंज	0
robi	रॉबी	0
robin	रॉबिन	1
robot	रोबोट	1
robotic	रोबोटिक	1
robotics	रोबोटिक्स	1
roboton	रोबोटों	0
rochak	रोचक	0
rochakta	रोचकता	0
rochester	रोचेस्टर	1
rock	रॉक	1
rockefeller	रॉकफेलर	1
rockers	रॉकर्स	1
rocket	राॅकेट	1
rocketon	रॉकेटों	0
rockford	रॉकफोर्ड	1
rockstars	रॉकस्टार्स	0
rocky	रॉकी	1
rod	रॉड	1
rodh	रोध	0
rodhakon	रोधकों	0
rodhi	रोधी	0
rodi	रोड़ी	1
rods	रॉड्स	1
roel	रोएल	0
rog	रोग	1
rogan	रोगन	1
roganu	रोगाणु	0
roganuon	रोगाणुओं	0
roger	रोजर	1
rogers	रोजर्स	1
roggrast	रोगग्रस्त	0
rogi	रोगी	0
rogiyo	रोगियों	0
rogiyon	रोगियों	0
rogo	रोगों	0
rogon	रोगों	0
rohan	रोहन	1
roheda	रोहेड़ा	0
rohilkhand	रोहिलखंड	0
rohingya	रोहिंग्या	0
rohini	रोहिणी	0
rohit	रोहित	0
rohtagi	रोहतगी	0
rohtak	रोहतक	0
rohtas	रोहतास	0
roj	रोज	0
roja	रोजा	0
rojer	रॉजर	0
rojes	रोजेस	0
rojgar	रोजगार	0
rojmara	रोजमर्रा	0
rojo	रोजो	1
rok	रोक	0
roka	रोका	1
rokana	रोकना	0
rokane	रोकने	0
rokata	रोकता	0
rokate	रोकते	0
rokati	रोकती	0
roke	रोके	0
roken	रोकें	0
roki	रोकी	0
rokna	रोकना	0
rokne	रोकने	0
rokta	रोकता	0
rokte	रोकते	0
roktham	रोकथाम	0
rola	रोला	0
role	रोल	1
rolex	रोलेक्स	1
roll	रोल	1
rolling	रॉलिंग	1
rolls	रॉल्स	1
rom	रोम	1
roma	रोमा	1
roman	रोमन	1
romance	रोमांस	1
romanchak	रोमांचक	0
romanchkari	रोमांचकारी	0
romania	रोमानिया	1
romanian	रोमानियन	1
romaniya	रोमानिया	0
romaniyai	रोमानियाई	0
romantic	रोमांटिक	1
romchhidron	रोमछिद्रों	0
rome	रोम	1
romeo	रोमियो	1
ron	रॉन	1
rona	रोना	1
ronald	रोनाल्ड	1
rone	रोने	1
rongate	रोंगटे	0
rongte	रोंगटे	0
roobaroo	रुबरु	0
roochi	रुची	0
roodiyon	रुढियों	0
rooka	रुका	0
rookh	रुख	0
room	रूम	1
roop	रूप	1
roopi	रुपी	0
roopnarayan	रूपनारायण	0
roopon	रूपों	0
rooprekha	रुपरेखा	0
roos	रूस	1
roosevelt	रूजवेल्ट	1
roosi	रूसी	0
root	रुट	1
ropa	रोपा	0
ropan	रोपण	0
ropana	रोपण	0
ropani	रोपनी	0
ropeway	रोपवे	0
ropna	रोपना	0
rori	रोरी	0
rose	रोज	1
rosh	रोष	1
roshan	रोशन	0
roshani	रोशनी	0
roshnabad	रोशनाबाद	0
roshni	रोशनी	0
ross	रॉस	1
rot	रॉट	1
rota	रोता	1
rotary	रोटरी	1
rotavirus	रोटावायरस	0
rote	रोते	1
roti	रोटी	1
rotiyaan	रोटियां	0
rotiyon	रोटियों	0
round	राऊंड	1
route	राउत	1
rover	रोवर	1
row	रॉ	1
roy	रॉय	1
royal	रॉयल	1
rpg	आरपीजी	0
rpi	आरपीआई	0
rr	आरआर	0
rss	आरएसएस	0
rt	आरटी	0
rti	आरटीआई	0
rubal	रूबल	0
rubaru	रूबरू	0
rubber	रबर	1
rubbershir	रबरक्षीर	0
rubi	रूबी	1
ruchi	रुचि	0
ruchika	रुचिका	0
ruchikar	रुचिकर	0
ruchir	रुचिर	0
ruchiyon	रुचियों	0
rude	रुड	1
rudh	रूढ़	0
rudhiwad	रूढ़िवाद	0
rudhiwadi	रूढ़िवादी	0
rudhiyon	रूढ़ियों	0
rudi	रूडी	1
rudra	रुद्र	0
rudraaksh	रुद्राक्ष	0
rudraksh	रुद्राक्ष	0
rudranath	रुद्रनाथ	0
rudraprayag	रुद्रप्रयाग	0
rudrapur	रूद्रपुर	0
ruee	रुई	0
rugby	रग्बी	1
rui	रुई	0
rujhaan	रुझान	0
rujwelt	रूजवेल्ट	0
ruk	रुक	0
rukane	रुकने	0
rukavat	रुकावट	0
rukavaton	रुकावटों	0
ruke	रुके	0
rukega	रूकेगा	0
rukegi	रुकेगी	0
rukh	रुख	0
rukhai	रुखाई	0
ruki	रूकी	0
rukmani	रूक्मणी	0
rukmini	रुक्मिणी	0
rukna	रुकना	0
rukne	रुकने	0
rukney	रुकने	0
rukta	रुकता	0
rukti	रूकती	0
rule	रूल	1
rules	रूल्स	1
rum	रम	1
rumal	रुमाल	0
rumani	रूमानी	0
run	रन	1
runicha	रुणिचा	0
running	रनिंग	1
runon	रनों	0
runway	रनवे	1
rup	रूप	0
rupa	रूप	0
rupae	रुपए	0
rupahle	रुपहले	0
rupantar	रूपांतर	0
rupantaran	रूपांतरण	0
rupantarit	रूपांतरित	0
rupaya	रुपया	0
rupaye	रुपये	0
rupayon	रुपयों	0
rupert	रुपर्ट	1
rupi	रुपी	0
rupnarayan	रूपनारायण	0
rupo	रूपों	0
rupon	रूपों	0
ruprekha	रूपरेखा	0
ruprekhaa	रुपरेखा	0
rupvati	रूपवती	0
rura	रूरा	0
rural	रुरल	1
rus	रूस	1
rusef	रूसेफ	0
rushi	ऋषि	0
rusi	रूसी	0
rusiyon	रूसियों	0
ruslan	रुसलान	1
ruso	रूसो	0
rustam	रुस्तम	0
rutba	रुतबा	0
rutbe	रुतबे	0
ruth	रूठ	1
ruthi	रूठी	0
rutvik	ऋत्विक	0
ruyi	रुई	0
ryan	रियान	1
s	एस	1
sa	सा	1
saabit	साबित	0
saabut	साबुत	0
saad	साद	1
saaf	साफ	0
saag	साग	0
saagar	सागर	0
saahitya	साहित्य	0
saahityakaar	साहित्यकार	0
saajish	साजिश	0
saakar	साकार	0
saake	साके	0
saakh	साख	0
saakshi	साक्षी	0
saal	साल	1
saale	साले	0
saalon	सालों	0
saamaajik	सामाजिक	0
saamagri	सामग्री	0
saamba	सांब	0
saamnaa	सामना	0
saamne	सामने	0
saamp	सांप	0
saamraajy	साम्राज्य	0
saanga	सांगा	0
saansad	सांसद	0
saanskritik	सांस्कृतिक	0
saare	सारे	0
saari	सारी	1
saarthak	सार्थक	0
saas	सास	1
saasu	सासु	0
saat	सात	0
saatan	साटन	0
saath	साथ	0
saathgaanth	साठगांठ	0
saathi	साथी	0
sab	सब	0
saba	सबा	1
sabak	सबक	0
sabal	सबल	0
sabalgarh	सबलगढ़	0
sabari	साबरी	0
sabarmati	साबरमती	0
sabase	सबसे	0
sabda	शब्द	0
sabeer	सबीर	0
sabere	सबेरे	0
sabha	सभा	0
sabhaa	सभा	0
sabhagar	सभागार	0
sabhagrah	सभागृह	0
sabhaon	सभाओं	0
sabhapati	सभापति	0
sabhasthal	सभास्थल	0
sabhi	सभी	0
sabhya	सभ्य	0
sabhyata	सभ्यता	0
sabhyataen	सभ्यताएं	0
sabhyatamulak	सभ्यतामूलक	0
sabhyta	सभ्यता	0
sabi	साबी	0
sabir	सबीर	1
sabit	साबित	0
sabita	सबिता	0
sabji	सब्जी	0
sabjiyon	सब्जियों	0
sabke	सबके	0
sabki	सबकी	0
sabko	सबको	0
sabkuch	सबकुछ	0
sabne	सबने	0
saboot	सबूत	0
sabooton	सबूतों	0
sabse	सबसे	0
sabun	साबुन	0
sabut	साबुत	0
sacchai	सच्चाई	0
sacche	सच्चे	0
sacchi	सच्ची	0
sacchritrata	सच्चरित्रता	0
sach	सच	0
sachal	सचल	0
sachdev	सचदेव	1
sachet	सचेत	1
sachha	सच्चा	0
sachhai	सच्चाई	0
sachhe	सच्चे	0
sachin	सचिन	1
sachitra	सचित्र	0
sachiv	सचिव	0
sachivalay	सचिवालय	0
sachivalyon	सचिवालयों	0
sachivon	सचिवों	0
sachmuch	सचमुच	0
sad	साद	1
sada	सदा	1
sadaa	सदा	0
sadabahar	सदाबहार	0
sadachar	सदाचार	0
sadagi	सादगी	0
sadaiv	सदैव	0
sadak	सड़क	0
sadakon	सड़कों	0
sadan	सदन	0
sadar	सदर	0
sadashiv	सदाशिव	0
sadasy	सदस्य	0
sadasya	सदस्य	0
sadasyagan	सदस्यगण	0
sadasyata	सदस्यता	0
sadasyiy	सदस्यीय	0
sadasyiya	सदस्यीय	0
sadasyo	सदस्यों	0
sadasyon	सदस्यों	0
sadati	सड़ती	0
sadbhav	सद्भाव	0
saddam	सद्दाम	1
sade	सादे	0
sadgi	सादगी	0
sadh	साध	0
sadhak	साधक	0
sadhan	साधन	0
sadhana	साधना	0
sadhane	साधने	0
sadhanon	साधनों	0
sadharan	साधारण	0
sadharanata	साधारणत	0
sadharanataya	साधारणतया	0
sadharantaya	साधारणतया	0
sadhe	साढ़े	0
sadhi	साधी	0
sadhika	साधिका	0
sadhkar	साधकर	0
sadhkon	साधकों	0
sadhna	साधना	0
sadhne	साधने	0
sadho	साधो	0
sadhu	साधु	0
sadhuon	साधुओं	0
sadhvi	साध्वी	0
sadhy	साध्य	0
sadi	सदी	0
sadik	सादिक	0
sadiya	सादिया	0
sadiyan	सदियां	0
sadiyon	सदियों	0
sadken	सड़कें	0
sadkon	सड़कों	0
sadme	सदमे	0
sadne	सड़ने	0
sadsy	सदस्य	0
sadsya	सदस्य	0
sadte	सड़ते	0
sadulshahar	सादुलशहर	0
sadupayog	सदुपयोग	0
saf	साफ	0
safai	सफाई	0
safal	सफल	0
safalta	सफलता	0
safaltaon	सफलताओं	0
safaltapoorvak	सफलतापूर्वक	0
safaltapurvak	सफलतापूर्वक	0
safar	सफर	0
safari	सफारी	1
safaya	सफाया	0
safdarjung	सफदरजंग	0
safe	सेफ	1
safed	सफेद	0
safedi	सफेदी	0
safedposh	सफेदपोश	0
safety	सेफ़्टी	1
sag	साग	1
sagai	सगाई	0
sagar	सागर	1
sagariy	सागरीय	0
sagaun	सागौन	0
sagdi	सगड़ी	0
sage	सगे	1
sagotra	सगोत्र	0
sagu	सागू	0
sah	सह	0
saha	सहा	1
sahaayak	सहायक	0
sahab	सहाब	0
sahada	सहाड़ा	0
sahagal	सहगल	0
sahaj	सहज	0
sahajanand	सहजानन्द	0
sahakar	सहकर	0
sahakarmiyon	सहकर्मियों	0
sahamat	सहमत	0
sahamati	सहमति	0
sahan	सहन	0
sahana	सहन	0
sahani	सहनी	0
sahanshakti	सहनशक्ति	0
sahanshilta	सहनशीलता	0
sahanubhuti	सहानुभुति	0
sahar	सहर	0
sahara	सहारा	1
saharanpur	सहारनपुर	0
sahare	सहारे	0
saharsh	सहर्ष	0
sahas	साहस	0
sahasi	साहसी	0
sahaspurn	साहसपूर्ण	0
sahastitv	सहअस्तित्व	0
sahastitva	सहअस्तित्व	0
sahastra	सहस्त्र	0
sahastrabdi	सहस्त्राब्दी	0
sahaswan	सहसवान	0
sahay	सहाय	0
sahayak	सहायक	0
sahayaka	सहायक	0
sahayakon	सहायकों	0
sahayata	सहायता	0
sahayika	सहायिका	0
sahayog	सहयोग	0
sahayogi	सहयोगी	0
sahayta	सहायता	0
sahbhagi	सहभागी	0
sahbhagita	सहभागिता	0
sahbhagitapurn	सहभागितापूर्ण	0
sahchar	सहचर	0
sahchari	सहचारी	0
saheb	साहेब	0
sahej	सहेज	0
saheja	सहेजा	0
sahejane	सहेजने	0
saheli	सहेली	0
saheliyon	सहेलियों	0
sahgal	सहगल	1
sahi	सही	0
sahib	साहिब	0
sahiba	साहिबा	0
sahibabad	साहिबाबाद	0
sahil	साहिल	0
sahir	साहिर	0
sahishnuta	सहिष्णुता	0
sahit	सहित	0
sahity	साहित्य	0
sahitya	साहित्य	0
sahityakar	साहित्यकार	0
sahityakaron	साहित्यकारों	0
sahityik	साहित्यिक	0
sahitykar	साहित्यकार	0
sahityon	साहित्यों	0
sahjanand	सहजानंद	0
sahjeevan	सहजीवन	0
sahkar	सहकर	0
sahkari	सहकारी	0
sahkarita	सहकारिता	0
sahkarmiyon	सहकर्मियों	0
sahlekhan	सहलेखन	0
sahma	सहमा	0
sahmat	सहमत	0
sahmati	सहमति	0
sahmi	सहमी	0
sahne	सहने	0
sahni	साहनी	0
sahnirmata	सहनिर्माता	0
sahodar	सहोदर	0
sahpathi	सहपाठी	0
sahsa	सहसा	0
sahsi	साहसी	0
sahstra	सहस्त्र	0
sahu	साहू	0
sahukar	साहूकार	0
sahuliyaton	सहूलियतों	0
sahvas	सहवास	0
sahyatra	सहयात्रा	0
sahyatriyon	सहयात्रियों	0
sahyog	सहयोग	0
sahyogatmak	सहयोगात्मक	0
sahyogi	सहयोगी	0
sahyogiyon	सहयोगियों	0
sahyogpurn	सहयोगपूर्ण	0
said	सईद	1
saidhantik	सैद्धांतिक	0
saidpur	सैदपुर	0
saif	सैफ	1
saifuddin	सैफुद्दीन	0
saik	सैक	0
saikadon	सैकड़ों	0
saikat	सैकत	0
saikdon	सैकड़ों	0
sailaniyon	सैलानियों	0
saiman	साइमन	0
sain	सैन	1
saini	सैनी	0
sainik	सैनिक	0
sainikon	सैनिकों	0
sainkadon	सैंकड़ों	0
saint	सेंट	1
saintalis	सैंतालीस	0
sainy	सैन्य	0
sainya	सैन्य	0
sainyadal	सैन्यदल	0
sainyashakti	सैन्यशक्ति	0
sair	सैर	0
sairgah	सैरगाह	0
saja	सजा	0
sajaa	सजा	0
sajaane	सजाने	0
sajaate	सजाते	0
sajae	सजाए	0
sajaen	सजाएं	0
sajai	सजाई	0
sajakar	सजाकर	0
sajal	सजल	0
sajane	सजाने	0
sajani	सजनी	0
sajate	सजाते	0
sajatiy	सजातीय	0
sajavat	सजावट	0
sajavati	सजावटी	0
sajaya	सजाया	0
sajaye	सजाए	0
sajayen	सजाएं	0
saje	सजे	0
sajha	साझा	0
sajhedari	साझेदारी	0
sajhedaron	साझेदारों	0
saji	सजी	0
sajid	साजिद	0
sajila	सजीला	0
sajile	सजीले	0
sajish	साजिश	0
sajishkarta	साजिशकर्ता	0
sajishkartaon	साजिशकर्ताओं	0
sajja	सज्जा	0
sajjan	सज्जन	0
sajkar	सजकर	0
sajna	सजना	0
sajo	साजो	0
sak	सक	1
saka	सका	0
sakar	साकार	0
sakaratmak	सकारात्मक	0
sakata	सकता	1
sakataa	सकता	0
sakati	सकती	0
sake	सके	1
sakega	सकेगा	0
sakegi	सकेगी	0
saken	सकें	0
sakenge	सकेंगे	0
saket	साकेत	0
sakh	साख	0
sakha	सखा	0
sakharam	सखाराम	0
sakhe	सखे	0
sakhi	सखी	0
sakht	सख़्त	0
sakhti	सख्ती	0
sakhya	सख्या	0
saki	सकी	1
sakin	सकीं	0
sakna	सकना	0
sakne	सकने	0
sakpal	सकपाल	0
sakri	सकरी	0
sakriy	सक्रिय	0
sakriya	सक्रिय	0
sakriyata	सक्रियता	0
sakshaat	साक्षात	0
saksham	सक्षम	0
sakshamata	सक्षमता	0
sakshar	साक्षर	0
saksharta	साक्षरता	0
sakshat	साक्षात	0
sakshatkar	साक्षात्कार	0
sakshatkaron	साक्षात्कारों	0
sakshi	साक्षी	0
sakshya	साक्ष्य	0
sakshyon	साक्ष्यों	0
sakta	सकता	0
saktaa	सकता	0
sakte	सकते	0
sakti	सकती	0
sakushal	सकुशल	0
sal	साल	1
sala	साला	1
salaah	सलाह	0
salad	सलाद	1
salah	सलाह	1
salahakar	सलाहकार	0
salahkar	सलाहकार	0
salahon	सलाहों	0
salam	सलाम	1
salami	सलामी	1
salan	सालन	0
salana	सालाना	0
salar	सालार	0
salasar	सालासर	0
sale	सेल	1
saleem	सलीम	1
salem	सालेम	1
sales	सेल्स	1
salgaonkar	सलगांवकर	0
salik	सालिक	0
salika	सलीका	0
salim	सालिम	1
salimgarh	सलीमगढ़	0
salma	सलमा	0
salman	सलमान	1
salon	सालों	1
saloni	सलोनी	0
salsa	साल्सा	1
salt	साल्ट	1
salti	सालती	0
saluja	सलूजा	0
saluk	सलूक	0
salute	सैल्यूट	1
sam	सम	1
sama	समा	1
samaa	समा	0
samaaj	समाज	0
samaajon	समाजों	0
samaan	समान	0
samaanarthak	समानार्थक	0
samaanta	समानता	0
samaany	सामान्य	0
samaapan	समापन	0
samaapt	समाप्त	0
samaas	समास	0
samachaar	समाचार	0
samachar	समाचार	0
samacharon	समाचारों	0
samacharpatra	समाचारपत्र	0
samacharpatron	समाचारपत्रों	0
samad	समद	0
samadhan	समाधान	0
samadhi	समाधी	0
samadhisth	समाधिस्थ	0
samagam	समागम	0
samagra	समग्र	0
samagri	सामग्री	0
samagriyo	सामग्रियों	0
samagriyon	सामग्रियों	0
samahit	समाहित	0
samai	समाई	0
samaj	समाज	0
samajh	समझ	0
samajhane	समझने	0
samajhauta	समझौता	0
samajhaute	समझौते	0
samajhdaar	समझदार	0
samajhdaari	समझदारी	0
samajhdar	समझदार	0
samajhdari	समझदारी	0
samajhna	समझना	0
samajhne	समझने	0
samajhni	समझनी	0
samajhta	समझता	0
samajhte	समझते	0
samajhti	समझती	0
samaji	समाजी	0
samajik	सामाजिक	0
samajon	समाजों	0
samajotthan	समाजोत्थान	0
samajseva	समाजसेवा	0
samajsevi	समाजसेवी	0
samajseviyon	समाजसेवियों	0
samajshastra	समाजशास्त्र	0
samajshastri	समाजशास्त्री	0
samajshastriy	समाजशास्त्रीय	0
samajshastriyon	समाजशास्त्रियों	0
samajsudhar	समाजसुधार	0
samajvirodhi	समाजविरोधी	0
samajwad	समाजवाद	0
samajwadi	समाजवादी	0
samajwadiyon	समाजवादियों	0
samakalin	समकालीन	0
samaksh	समक्ष	0
samalochak	समालोचक	0
samalochana	समालोचना	0
saman	समान	0
samana	सामना	0
samanantar	समानांतर	0
samanarthak	समानार्थक	0
samandar	समंदर	0
samane	सामने	0
samanikaran	समानीकरण	0
samanjasya	सामंजस्य	0
samanon	सामानों	0
samant	सामंत	0
samanta	समानता	0
samantaen	समानताएं	0
samantaon	समानताओं	0
samantar	समांतर	0
samanti	सामंती	0
samanton	सामंतों	0
samantvad	सामंतवाद	0
samanvaya	समन्वय	0
samany	सामान्य	0
samanya	सामान्य	0
samanyata	सामान्यता	0
samanyatah	सामान्यतः	0
samanyataya	सामान्यतया	0
samanyikaran	सामान्यीकरण	0
samapan	समापन	0
samapt	समाप्त	0
samapti	समाप्ति	0
samar	समर	1
samari	सामरी	0
samarik	समारिक	0
samaroh	समारोह	0
samarohon	समारोहों	0
samarpan	समर्पण	0
samarpit	समर्पित	0
samarth	समर्थ	0
samarthak	समर्थक	0
samarthakon	समर्थकों	0
samarthan	समर्थन	0
samarthit	समर्थित	0
samarthy	सामर्थ्य	0
samas	समास	0
samashodhan	समाशोधन	0
samashti	समष्टि	0
samast	समस्त	0
samasta	समस्त	0
samastipur	समस्तीपुर	0
samasya	समस्या	0
samasyaaon	समस्याआें	0
samasyaen	समस्याएं	0
samasyagrast	समस्याग्रस्त	0
samasyaon	समस्याओं	0
samavesh	समावेश	0
samaveshan	समावेशन	0
samaveshi	समावेशी	0
samavisht	समाविष्ट	0
samay	समय	0
samaya	समय	0
samaybaddh	समयबद्ध	0
samaynusar	समयनुसार	0
samayojan	समायोजन	0
samayojit	समायोजित	0
samayon	समयों	0
samayseema	समयसीमा	0
samb	सांब	0
samba	सांबा	1
sambaddh	संबद्ध	0
sambaddhta	संबद्धता	0
sambadhi	संबधी	0
sambadhit	सम्बंधित	0
sambal	संबल	0
sambandh	संबंध	0
sambandhi	संबंधी	0
sambandhit	संबंधित	0
sambandhita	सम्बन्धित	0
sambandhiyon	संबंधियों	0
sambandho	संबंधों	0
sambandhon	संबंधों	0
sambhag	संभाग	0
sambhagon	संभागों	0
sambhaji	संभाजी	0
sambhal	संभाल	0
sambhala	संभाला	0
sambhalega	संभालेगा	0
sambhali	संभाली	0
sambhalte	संभालते	0
sambhar	सांभर	0
sambhashan	संभाषण	0
sambhav	संभव	0
sambhavana	संभावना	0
sambhavat	संभवत	0
sambhavatah	संभवत	0
sambhavit	संभावित	0
sambhavna	संभावना	0
sambhavnaon	संभावनाओं	0
sambhavnayen	संभावनाएं	0
sambhavtah	संभवतः	0
sambhog	संभोग	0
sambodh	संबोध	0
sambodhan	संबोधन	0
sambodhit	संबोधित	0
same	सेम	1
sameeksha	समीक्षा	0
sameep	समीप	0
sameer	समीर	1
sameera	समीरा	0
samekan	समेकन	0
samekit	समेकित	0
samet	समेत	1
sameta	समेटा	0
sametane	समेटने	0
samete	समेटे	0
sametkar	समेटकर	0
sametna	समेटना	0
samgra	समग्र	0
samgrata	समग्रता	0
samgriyan	सामग्रियां	0
samgriyon	सामग्रियों	0
samhal	सम्हाल	0
samhit	समहित	0
sami	सामी	1
samichin	समीचीन	0
samikaran	समीकरण	0
samikarnon	समीकरणों	0
samiksha	समीक्षा	0
samikshakon	समीक्षकों	0
samikshaon	समीक्षाओं	0
samip	समीप	0
samipi	समीपी	0
samir	समीर	1
samiti	समिति	0
samitiyon	समितियों	0
samjha	समझा	0
samjhaa	समझा	0
samjhaata	समझाता	0
samjhaie	समझाइए	0
samjhane	समझाने	0
samjhata	समझाता	0
samjhate	समझाते	0
samjhati	समझाती	0
samjhauta	समझौता	0
samjhaute	समझौते	0
samjhauton	समझौतों	0
samjhaya	समझाया	0
samjhe	समझे	0
samjhega	समझेगा	0
samjhen	समझें	0
samjhi	समझी	0
samjhie	समझिए	0
samjhkar	समझकर	0
samkaalin	समकालीन	0
samkaleen	समकालीन	0
samkalik	समकालिक	0
samkalin	समकालीन	0
samkalinon	समकालीनों	0
samkon	समकोण	0
samkshon	समकक्षों	0
samlaingik	समलैंगिक	0
sammaan	सम्मान	0
sammaanit	सम्मानित	0
samman	सम्मान	0
sammanit	सम्मानित	0
sammanon	सम्मनों	0
sammanpurvak	सम्मानपूर्वक	0
sammati	सम्मति	0
sammed	सम्मेद	0
sammelan	सम्मेलन	0
sammelanon	सम्मेलनों	0
sammilan	सम्मिलन	0
sammilit	सम्मिलित	0
sammishra	सम्मिश्र	0
sammishran	सम्मिश्रण	0
sammit	सम्मति	0
sammohak	सम्मोहक	0
sammohan	सम्मोहन	0
sammohit	सम्मोहित	0
sammukh	सम्मुख	0
samna	सामना	0
samne	सामने	0
samnyatah	सामान्यतः	0
samooche	समूचे	0
samosa	समोसा	1
sampada	संपदा	0
sampadak	संपादक	0
sampadan	संपादन	0
sampadit	संपादित	0
sampadkiy	संपादकीय	0
sampadkon	संपादकों	0
sampala	सांपला	0
sampann	संपन्न	0
sampanna	सम्पन्न	0
sampark	संपर्क	0
samparkata	संपर्कता	0
samparkon	संपर्कों	0
sampat	संपत	0
sampatti	संपत्ति	0
sampattiyan	संपत्तियां	0
sampattiyon	संपत्तियों	0
sampon	सांपों	0
sampoorn	सम्पूर्ण	0
sampoorna	सम्पूर्ण	0
samprabhu	संप्रभु	0
sampraday	सम्प्रदाय	0
sampradayik	साम्प्रदायिक	0
sampradayon	संप्रदायों	0
sampreshan	संप्रेषण	0
sampreshit	संप्रेषित	0
sampurak	संपूरक	0
sampuran	संपूर्ण	0
sampurn	सम्पूर्ण	0
sampurna	सम्पूर्ण	0
sampurnanand	संपूर्णानंद	0
sampurnta	संपूर्णता	0
samraat	सम्राट	0
samrajya	साम्राज्य	0
samrajyavad	साम्राज्यवाद	0
samrajyavadi	साम्राज्यवादी	0
samrajyon	साम्राज्यों	0
samras	समरस	0
samrat	सम्राट	0
samraton	सम्राटों	0
samriddh	समृद्ध	0
samriddha	समृद्ध	0
samriddhi	समृद्धि	0
samrik	सामरिक	0
samrpit	समर्पित	0
samrthan	समर्थन	0
samruddha	समृद्ध	0
samrup	समरूप	0
samsamyik	समसामयिक	0
samshitoshna	समशीतोष्ण	0
samsthanik	समस्थानिक	0
samsung	सैमसंग	1
samsya	समस्या	0
samsyaon	समस्याओं	0
samta	समता	0
samtal	समतल	0
samtalikaran	समतलीकरण	0
samtulya	समतुल्य	0
samucchay	समुच्चय	0
samucha	समूचा	0
samuche	समूचे	0
samuchit	समुचित	0
samudaay	समुदाय	0
samudaayon	समुदायों	0
samuday	समुदाय	0
samudayik	सामुदायिक	0
samudayikta	सामुदायिकता	0
samudayo	समुदायों	0
samudayon	समुदायों	0
samudra	समुद्र	0
samudragupt	समुद्रगुप्त	0
samudragupta	समुद्रगुप्त	0
samudratal	समुद्रतल	0
samudri	समुद्री	0
samudrik	सामुद्रिक	0
samudriya	समुद्रीय	0
samudron	समुद्रों	0
samuel	सैम्यूल	1
samuh	समूह	0
samuhik	सामूहिक	0
samuho	समूहों	0
samuhon	समूहों	0
samundar	समुंदर	0
samundra	समुन्द्र	0
samunnat	समुन्नत	0
samvad	संवाद	0
samvadatmak	संवादात्मक	0
samvadon	संवादों	0
samvahak	संवाहक	0
samvaidhanik	संवैधानिक	0
samvardhan	संवर्धन	0
samvardhit	संवर्धित	0
samvarg	संवर्ग	0
samvarti	समवर्ती	0
samved	सामवेद	0
samveg	संवेग	0
samvida	संविदा	0
samvidhaan	संविधान	0
samvidhan	संविधान	0
samy	साम्य	0
samya	साम्य	0
samyak	सम्यक	0
samyavadi	साम्यवादी	0
samyik	सामयिक	0
san	सन्	1
sanai	सनई	0
sanak	सनक	0
sanam	सनम	0
sanatan	सनातन	0
sanavad	सनावद	0
sanbhog	संभोग	0
sanchaalit	संचालित	0
sanchalak	संचालक	0
sanchalakon	संचालकों	0
sanchalan	संचालन	0
sanchalika	संचालिका	0
sanchalit	संचालित	0
sanchar	संचार	0
sancharan	संचरण	0
sanchi	सांची	0
sanchika	संचिका	0
sanchit	संचित	0
sanchon	सांचों	0
sand	सैंड	1
sandal	सैंडल	1
sandarbh	संदर्भ	0
sandarbha	सन्दर्भ	0
sandarbhit	संदर्भित	0
sandarbhon	सन्दर्भों	0
sandeh	संदेह	0
sandehaspad	संदेहास्पद	0
sandesh	संदेश	0
sandeshon	संदेशों	0
sandha	संधा	0
sandharit	संधारित	0
sandharitr	संधारित्र	0
sandhi	संधि	0
sandhikal	संधिकाल	0
sandhiyon	संधियों	0
sandhya	संध्या	0
sandhyakal	संध्याकाल	0
sandigdh	संदिग्ध	0
sandigdhon	संदिग्धों	0
sandon	सांडों	1
sandp	एसएंडपी	0
sandra	सैंड्रा	1
sandrbh	संदर्भ	0
sanduk	संदूक	0
sandukon	संदूकों	0
sandushak	संदूषक	0
sandwich	सैंडविच	1
sane	साने	1
sang	संग	1
sanga	सांगा	0
sangali	सांगली	0
sangam	संगम	0
sangamner	संगमनेर	0
sangar	संगर	0
sangat	संगत	0
sangathan	संगठन	0
sangathanon	संगठनों	0
sangathit	संगठित	0
sangathnon	संगठनों	0
sangeet	संगीत	0
sangeeta	संगीता	0
sangeetbaddh	संगीतबद्ध	0
sangeetkar	संगीतकार	0
sangeetkaron	संगीतकारों	0
sangh	संघ	0
sangha	संघ	0
sangharsa	संघर्ष	0
sangharsh	संघर्ष	0
sangharshon	संघर्षों	0
sangharshrat	संघर्षरत	0
sanghatak	संघटक	0
sanghatan	संघटन	0
sanghchalak	संघचालक	0
sanghiy	संघीय	0
sanghon	संघों	0
sanghshasit	संघशासित	0
sanghvad	संघवाद	0
sangit	संगीत	0
sangita	संगीता	0
sangitik	सांगीतिक	0
sangitkar	संगीतकार	0
sangitkaron	संगीतकारों	0
sangli	सांगली	0
sangma	संगमा	0
sangmarmar	संगमरमर	0
sangola	सांगोला	0
sangoshthi	संगोष्ठी	0
sangoshthiyon	संगोष्ठियों	0
sangrah	संग्रह	0
sangraha	संग्रह	0
sangrahaalay	संग्रहालय	0
sangrahak	संग्राहक	0
sangrahalay	संग्रहालय	0
sangrahalaya	संग्रहालय	0
sangrahalayon	संग्रहालयों	0
sangrahan	संग्रहण	0
sangrahit	संग्रहित	0
sangrahon	संग्रहों	0
sangram	संग्राम	0
sangrampur	संग्रामपुर	0
sangramsingh	संग्रामसिंह	0
sangrhit	संगृहीत	0
sangrihit	संगृहीत	0
sangthan	संगठन	0
sangya	संज्ञा	0
sangyak	संज्ञक	0
sangyan	संज्ञान	0
sangyanatmak	संज्ञानात्मक	0
sangyey	संज्ञेय	0
sanhar	संहार	0
sanhita	संहिता	0
sanhitabaddh	संहिताबद्ध	0
sanhitaon	संहिताओं	0
sani	सानी	1
sanidhy	सानिध्य	0
sanitary	सैनिटरी	1
sanjana	संजना	0
sanjay	संजय	1
sanjeev	संजीव	0
sanjeevani	संजीवनी	0
sanjh	सांझ	0
sanjhedari	सांझेदारी	0
sanjidagi	संजीदगी	0
sanjiv	संजीव	1
sanjivani	संजीवनी	0
sanjoe	संजोए	0
sankalan	संकलन	0
sankalit	संकलित	0
sankalp	संकल्प	0
sankalpa	संकल्प	0
sankar	संकर	0
sankaran	संकरण	0
sankare	संकरे	0
sankarm	संकर्म	0
sankat	संकट	0
sankatgrast	संकटग्रस्त	0
sankatkaleen	संकटकालीन	0
sankatkalin	संकटकालीन	0
sankaton	संकटों	0
sankay	संकाय	0
sankayon	संकायों	0
sankendrit	संकेंद्रित	0
sanket	संकेत	0
sanketik	सांकेतिक	0
sanketon	संकेतों	0
sankhya	संख्या	0
sankhyaa	संख्या	0
sankhyaon	संख्याओं	0
sankhyatmak	संख्यात्मक	0
sanki	सनकी	0
sankirtan	संकीर्तन	0
sanklan	संकलन	0
sankoch	संकोच	0
sankraman	संक्रमण	0
sankramana	संक्रमण	0
sankramanon	संक्रमणों	0
sankramit	संक्रमित	0
sankrant	संक्रांत	0
sankrityayan	सांकृत्यायन	0
sankshep	संक्षेप	0
sankshipt	संक्षिप्त	0
sankuchan	संकुचन	0
sankuchit	संकुचित	0
sankul	संकुल	0
sankya	संख्या	0
sanlayan	संलयन	0
sanmanit	सम्मानित	0
sanmarg	सन्मार्ग	0
sanmati	सन्मति	0
sann	सन्	0
sannidhy	सान्निध्य	0
sanpark	संपर्क	0
sanrachana	संरचना	0
sanrachanatmak	संरचनात्मक	0
sanrachna	संरचना	0
sanrachnaon	संरचनाओं	0
sanrakshak	संरक्षक	0
sanrakshakon	संरक्षकों	0
sanrakshan	संरक्षण	0
sanrakshanvadi	संरक्षणवादी	0
sanrakshit	संरक्षित	0
sanrekhan	संरेखण	0
sans	सांस	1
sansaar	संसार	0
sansad	संसद	0
sansadhan	संसाधन	0
sansadhanon	संसाधनों	0
sansadiy	संसदीय	0
sansadiya	संसदीय	0
sansadon	सांसदों	0
sansani	सनसनी	0
sansar	संसार	0
sansarg	संसर्ग	0
sansarik	सांसारिक	0
sansarikata	सांसारिकता	0
sanshleshan	संश्लेषण	0
sanshleshit	संश्लेषित	0
sanshodhan	संशोधन	0
sanshodhanon	संशोधनों	0
sanshodhit	संशोधित	0
sansi	सांसी	0
sanskar	संस्कार	0
sanskaran	संस्करण	0
sanskarana	संस्करण	0
sanskarnon	संस्करणों	0
sanskrit	संस्कृत	1
sanskriti	संस्कृति	0
sanskritik	सांस्कृतिक	0
sanskrta	संस्कृत	0
sanskrut	संस्कृत	0
sanskruti	संस्कृति	0
sanskrutik	सांस्कृतिक	0
sansmaran	संस्मरण	0
sansmaranon	संस्मरणों	0
sanstha	संस्था	0
sansthaan	संस्थान	0
sansthagat	संस्थागत	0
sansthan	संस्थान	0
sansthanik	सांस्थानिक	0
sansthanon	संस्थानों	0
sansthao	संस्थाओं	0
sansthaon	संस्थाओं	0
sansthapak	संस्थापक	0
sansthapakon	संस्थापकों	0
sansthapan	संस्थापन	0
sansthapika	संस्थापिका	0
sansthapit	संस्थापित	0
sansthayen	संस्थाएं	0
sanstutiyon	संस्तुतियां	0
sant	संत	1
santa	सांता	1
santaan	संतान	0
santaap	संताप	0
santal	संताल	0
santali	संताली	0
santan	संतान	0
santane	संताने	0
santanen	संतानें	0
santanhin	संतानहीन	0
santanon	संतानों	0
santanotpatti	संतानोत्पत्ति	0
santare	संतरे	0
santaron	संतरों	0
santhaal	संथाल	0
santhal	संथाल	0
santon	संतों	1
santoor	संतूर	0
santosh	संतोष	1
santosham	संतोषम	0
santoshi	संतोषी	0
santoshjanak	संतोषजनक	0
santoshpur	संतोषपुर	0
santras	संत्रास	0
santript	संतृप्त	0
santrupt	संतृप्त	0
santu	संतु	0
santulan	संतुलन	0
santulit	संतुलित	0
santusht	संतुष्ट	0
santushti	संतुष्टि	0
santvana	सांत्वना	0
sanvad	संवाद	0
sanvadadatao	संवाददाताओं	0
sanvaidhanik	संवैधानिक	0
sanvarddhan	संवर्द्धन	0
sanvardhan	संवर्धन	0
sanvat	संवत्	0
sanvedak	संवेदक	0
sanvedakon	संवेदकों	0
sanvedan	संवेदन	0
sanvedanhinta	संवेदनहीनता	0
sanvedanshil	संवेदनशील	0
sanvedanshilata	संवेदनशीलता	0
sanvedna	संवेदना	0
sanveg	संवेग	0
sanvida	संविदा	0
sanvidhaanik	संविधानिक	0
sanvidhan	संविधान	0
sanvidhanik	संविधानिक	0
sanvidhanvad	संविधानवाद	0
sanya	सान्या	0
sanyal	सानयाल	0
sanyam	संयम	0
sanyami	संयमी	0
sanyantr	संयंत्र	0
sanyantron	संयंत्रों	0
sanyasi	सन्यासी	0
sanyog	संयोग	0
sanyogita	संयोगिता	0
sanyojak	संयोजक	0
sanyojan	संयोजन	0
sanyojit	संयोजित	0
sanyukt	संयुक्त	0
sanyukta	संयुक्त	0
sapa	सपा	0
sapat	सपाट	0
sapatarshi	सप्तर्षि	0
sapeksh	सापेक्ष	0
sapekshata	सापेक्षता	0
sapekshik	सापेक्षिक	0
sapera	सपेरा	0
sapna	सपना	0
sapne	सपने	0
sapnon	सपनों	0
sapru	सप्रू	0
saptaah	सप्ताह	0
saptah	सप्ताह	0
saptahant	सप्ताहांत	0
saptahik	साप्ताहिक	0
saptahon	सप्ताहों	0
saptak	सप्तक	0
saptam	सप्तम	0
saptamesh	सप्तमेश	0
saptami	सप्तमी	0
saptkoshi	सप्तकोशी	0
sar	एसएआर	1
sara	सारा	1
sarabha	सराभा	0
sarabhai	साराभाई	0
sarabjit	सरबजीत	0
sarafa	सराफा	0
sarah	साराह	1
sarahana	सराहना	0
sarajevo	सारायेवो	1
sarakar	सरकार	0
saral	सरल	0
saralata	सरलता	0
saralikaran	सरलीकरण	0
saralta	सरलता	0
saraltam	सरलतम	0
saraltapurvak	सरलतापूर्वक	0
saran	सरण	1
sarangarh	सारंगढ़	0
sarangi	सारंगी	0
saransh	सारांश	0
saras	सारस	0
saraswati	सरस्वती	0
sarathi	सारथि	0
saray	सराय	0
sarayon	सरायों	0
sardar	सरदार	0
sardara	सरदारा	0
sardari	सरदारी	0
sardaro	सरदारों	0
sardaron	सरदारों	0
sardesai	सरदेसाई	0
sardhana	सरधना	0
sardi	सर्दी	0
sardiyan	सर्दियां	0
sardiyon	सर्दियों	0
sare	सारे	1
saree	साड़ी	0
sarfaraz	सरफराज	0
sarfaroshi	सरफरोशी	0
sargam	सरगम	0
sargarbhit	सारगर्भित	0
sargarmiyon	सरगर्मियों	0
sargodha	सरगोधा	0
sarhad	सरहद	0
sarhaden	सरहदें	0
sarhadi	सरहदी	0
sarhul	सरहुल	0
sari	सारी	1
sarika	सारिका	0
sarikhe	सरीखे	0
sarikhi	सरीखी	0
sariputra	सारिपुत्र	0
saris	सरिस	1
sarisrip	सरीसृप	0
sarisripon	सरीसृपों	0
sarita	सरिता	0
sark	सार्क	1
sarkaar	सरकार	0
sarkaari	सरकारी	0
sarkaghat	सरकाघाट	0
sarkane	सरकने	0
sarkar	सरकार	1
sarkari	सरकारी	0
sarkaron	सरकारों	0
sarkhej	सरखेज	0
sarla	सरला	0
sarma	शर्मा	0
sarnath	सारनाथ	0
sarni	सारणी	1
saro	सरो	0
sarod	सरोद	0
saroj	सरोज	0
sarojini	सरोजिनी	0
sarokaar	सरोकार	0
sarokaron	सरोकारों	0
sarovar	सरोवर	0
sarp	सर्प	0
sarpagandha	सर्पगंधा	0
sarpakar	सर्पाकार	0
sarpanch	सरपंच	0
sarpil	सर्पिल	0
sarpon	सर्पों	0
sarsava	सरसावा	0
sarswati	सरस्वती	0
sarthak	सार्थक	0
sarthi	सारथि	0
sarva	सर्व	0
sarvabhaum	सार्वभौम	0
sarvada	सर्वदा	0
sarvadhik	सर्वाधिक	0
sarvagya	सर्वज्ञ	0
sarvajan	सर्वजन	0
sarvajanik	सार्वजनिक	0
sarvakalik	सर्वकालिक	0
sarvanaam	सर्वनाम	0
sarvang	सर्वांग	0
sarvapalli	सर्वपल्ली	0
sarvapramukh	सर्वप्रमुख	0
sarvapratham	सर्वप्रथम	0
sarvaron	सर्वरों	0
sarvarth	सर्वार्थ	0
sarvasammati	सर्वसम्मति	0
sarvashreshth	सर्वश्रेष्ठ	0
sarvashreshtha	सर्वश्रेष्ठ	0
sarvashrestha	सर्वश्रेष्ठ	0
sarvatha	सर्वथा	0
sarvatra	सर्वत्र	0
sarvavidit	सर्वविदित	0
sarvavyapi	सर्वव्यापी	0
sarve	सर्वे	0
sarvekshak	सर्वेक्षक	0
sarvekshan	सर्वेक्षण	0
sarvekshanon	सर्वेक्षणों	0
sarvekshit	सर्वेक्षित	0
sarvepalli	सर्वपल्ली	0
sarvhara	सर्वहारा	0
sarvjanik	सार्वजनिक	0
sarvkalik	सार्वकालिक	0
sarvkhap	सर्वखाप	0
sarvnam	सर्वनाम	0
sarvnash	सर्वनाश	0
sarvocch	सर्वोच्च	0
sarvochch	सर्वोच्च	0
sarvochh	सर्वोच्च	0
sarvopari	सर्वोपरि	0
sarvottam	सर्वोत्तम	0
sarvpalli	सर्वपल्ली	0
sarvpratham	सर्वप्रथम	0
sarvsadharan	सर्वसाधारण	0
sarvsahmati	सर्वसहमति	0
sarvsammat	सर्वसम्मत	0
sarvshresht	सर्वश्रेष्ठ	0
sarvshreshth	सर्वश्रेष्ठ	0
sarvshresth	सर्वश्रेष्ठ	0
sarvtomukhi	सर्वतोमुखी	0
sarvtrik	सार्वत्रिक	0
sasaka	शासक	0
sasan	सासन	0
sasana	शासन	0
sasani	सासनी	0
sashakt	सशक्त	0
sashastra	सशस्त्र	0
sashtang	साष्टांग	0
sasta	सस्ता	0
saste	सस्ते	0
sasti	सस्ती	0
sastra	शस्त्र	0
sastri	शास्त्री	0
sasu	सासु	0
sasur	ससुर	0
sasural	ससुराल	0
sat	सात	1
sata	सटा	0
satabdi	शताब्दी	0
satah	सतह	0
satahi	सतही	0
satara	सतारा	0
satati	सताती	0
satayar	सटायर	0
satelite	सेटलाइट	0
satellite	सेटेलाइट	1
satguru	सतगुरू	0
sath	साथ	0
satha	साथ	0
sathganth	साठगांठ	0
sathi	साथी	0
sathiyon	साथियों	0
sathon	सतहों	0
sati	सती	0
satik	सटीक	0
satikata	सटीकता	0
satisar	सतीसर	0
satish	सतीश	0
satkar	सत्कार	0
satlok	सतलोक	0
satna	सतना	0
satogun	सतोगुण	0
saton	सातों	0
satpuda	सतपुड़ा	0
satra	सत्र	0
satrah	सत्रह	0
satrahavin	सत्रहवीं	0
satron	सत्रों	0
satsang	सत्संग	0
satsangi	सत्संगी	0
satta	सत्ता	0
sattadhari	सत्ताधारी	0
sattadhariyon	सत्ताधारियों	0
sattaon	सत्ताओं	0
sattarudh	सत्तारूढ	0
sattasin	सत्तासीन	0
sattavadi	सत्तावादी	0
satte	सत्ते	0
sattebajon	सट्टेबाजों	0
satv	सत्व	0
satva	सत्व	0
satvagun	सत्वगुण	0
satven	सातवें	0
satvik	सात्विक	0
saty	सत्य	0
satya	सत्य	1
satyagrah	सत्याग्रह	0
satyagrahi	सत्याग्रही	0
satyajeet	सत्यजीत	0
satyakam	सत्यकाम	0
satyam	सत्यम	0
satyanash	सत्यानाश	0
satyanashi	सत्यानाशी	0
satyapan	सत्यापन	0
satyapit	सत्यापित	0
satyaprakash	सत्यप्रकाश	0
satyarth	सत्यार्थ	0
satyashil	सत्यशील	0
satyaswaroop	सत्यस्वरूप	0
satyata	सत्यता	0
satyavadi	सत्यवादी	0
satyavati	सत्यवती	0
satyug	सतयुग	0
sau	सौ	0
saubhagy	सौभाग्य	0
saubhagya	सौभाग्य	0
sauce	सॉस	1
saud	सऊद	1
sauda	सौदा	0
saude	सौदे	0
saudebaji	सौदेबाजी	0
saudi	सऊदी	1
saundary	सौन्दर्य	0
saundarya	सौंदर्य	0
saundry	सौंदर्य	0
saunp	सौंप	0
saunpa	सौंपा	0
saunpe	सौंपे	0
saunpi	सौंपी	0
saup	सौप	0
saur	सौर	1
saurav	सौरव	0
sausage	सॉसेज	1
sautela	सौतेला	0
sautele	सौतेले	0
sauteli	सौतेली	0
saval	सवाल	0
savan	सावन	0
savant	संवत्	1
savari	सवारी	0
savarkar	सावरकर	0
savarnon	सवर्णों	0
savdhan	सावधान	0
savdhani	सावधानी	0
save	सावे	1
saved	सेव्ड	1
savinay	सविनय	0
savitri	सावित्री	0
savitribai	सावित्रीबाई	0
savrakshan	संरक्षण	0
saw	सॉ	1
sawai	सवाई	0
sawal	सवाल	0
sawalat	सवालात	0
sawant	सावंत	0
sawari	सवारी	0
sawariyan	सवारियां	0
saya	साया	0
sayaji	सयाजी	0
sayani	सयानी	0
sayankal	सायंकाल	0
sayans	सायंस	0
sayyad	सय्यद	0
sc	एससी	0
scale	स्केल	1
scaling	स्केलिंग	1
scandalon	स्कैंडलों	0
scanners	स्कैनर्स	1
scary	स्केरी	1
scene	सीन	1
scheme	स्कीम	1
schemen	स्कीमें	0
schemon	स्कीमों	0
scholar	स्कॉलर	1
scholars	स्कॉलर्स	1
school	स्कूल	1
schooli	स्कूली	0
schooling	स्कूलिंग	1
schoolon	स्कूलों	0
science	साइंस	1
scientists	साइंटिस्ट्स	1
scleroderma	स्क्लेरोडर्मा	1
score	स्कोर	1
scores	स्कोर्स	1
scoring	स्कोरिंग	1
scorpio	स्कॉर्पियो	1
scot	स्कॉट	1
scotch	स्कॉच	1
scotish	स्कॉटिश	0
scotland	स्कॉटलैंड	1
scottish	स्कॉटिश	1
scout	स्काउट	1
scr	एससीआर	0
scraper	स्क्रैपर	1
screen	स्क्रीन	1
screening	स्क्रीनिंग	1
screenshot	स्क्रीनशॉट	1
script	स्क्रिप्ट	1
scripting	स्क्रिप्टिंग	0
scripts	स्क्रिप्ट्स	1
scuba	स्कूबा	1
sdk	एसडीके	0
sdm	एसडीएम	0
se	से	1
seal	सील	1
sealing	सीलिंग	1
sealon	सीलों	0
search	सर्च	1
searcher	सर्चर	1
season	सीज़न	1
seat	सीट	1
seattle	सिएटल	1
seatu	सीटू	0
seb	सेब	0
sebi	सेबी	1
sebon	सेबों	0
secendon	सेकेंडों	0
second	सेकंड	1
secondary	सेकेंडरी	1
secondon	सेकेंडों	0
secret	सिक्रेट	1
secretary	सेकेट्री	1
secrets	सीक्रेट्स	1
section	सेक्शन	1
sector	सेक्टर	1
secular	सेकुलर	1
secunderabad	सिकंदराबाद	0
security	सिक्युरिटी	1
sedan	सेडान	1
see	सी	1
seeds	सीड्स	1
seema	सीमा	1
seemant	सीमांत	0
seemaon	सीमाओं	0
seemapuri	सीमापुरी	0
seemarekha	सीमारेखा	0
seemavarti	सीमावर्ती	0
seemit	सीमित	0
seeng	सींग	0
seep	सीप	1
sees	सीस	1
sega	सेगा	1
segment	सेगमेंट	1
sehar	शहर	0
sehat	सेहत	0
sehatmand	सेहतमंद	0
sehayog	सहयोग	0
sehmat	सहमत	0
sejal	सेजल	0
sel	सेल	1
sell	सेल	1
selon	सेलों	0
selsius	सेल्सियस	0
sem	सेम	0
semal	सेमल	0
semester	सेमिस्टर	1
semi	सेंमी	1
semiconductor	सेमीकंडक्टर	1
semifinal	सेमीफाइनल	1
seminar	सेमिनार	1
sen	सेन	1
sena	सेना	1
senani	सेनानी	0
senaniyon	सेनानियों	0
senaon	सेनाओं	0
senapati	सेनापति	0
senator	सीनेटर	1
sendh	सेंध	0
sendhmari	सेंधमारी	0
senegal	सेनेगल	1
sengupta	सेनगुप्ता	0
senior	सीनियर	1
sensation	सेंसेशन	1
sensex	सेंसेक्स	0
sensitive	सेंसेटिव	1
sensor	सेंसर	1
sensors	सेंसर्स	1
sent	सेंट	1
senthil	सेंथिल	0
senya	सेन्य	0
seoul	सियोल	1
septa	सेप्टा	1
september	सितंबर	1
ser	सेर	0
seraj	सेराज	0
serena	सेरेना	1
sergeant	सार्जेंट	1
serial	सीरियल	1
serials	सीरियल्स	1
series	सिरीज	1
serum	सीरम	1
server	सर्वर	1
servers	सर्वर्स	1
service	सर्विस	1
services	सर्विसेस	1
serviks	सर्विक्स	0
serving	सर्विंग	1
seshadri	शेषाद्रि	1
sessions	सेशंस	1
set	सेट	1
seth	सेठ	1
sethi	सेठी	1
sethna	सेठना	0
seti	सेती	1
setting	सैटिंग	1
settings	सेटिंग्स	1
settlement	सेटलमेंट	1
setu	सेतु	0
setubandh	सेतुबंध	0
setup	सेटअप	1
seva	सेवा	0
sevaaon	सेवाओं	0
sevabhavi	सेवाभावी	0
sevadha	सेवढ़ा	0
sevaen	सेवाएं	0
sevan	सेवन	0
sevanivrit	सेवानिवृत	0
sevanivritt	सेवानिवृत्त	0
sevanivritti	सेवानिवृत्ति	0
sevao	सेवाओं	0
sevaon	सेवाओं	0
sevarat	सेवारत	0
sevashram	सेवाश्रम	0
sevayen	सेवाएं	0
sevi	सेवी	0
sevila	सेविला	0
sevoy	सेवॉय	0
sewa	सेवा	0
sewage	सीवेज	1
sex	सेक्स	1
sexy	सेक्सी	1
sgpc	एसजीपीसी	0
sh	एसएच	1
shaadi	शादी	0
shaadishuda	शादीशुदा	0
shaadishudaa	शादीशुदा	0
shaadiyon	शादियों	0
shaahi	शाही	0
shaak	शाक	1
shaam	शाम	0
shaamil	शामिल	0
shaant	शांत	0
shaaririk	शारीरिक	0
shaasak	शासक	0
shaasan	शासन	0
shaayad	शायद	0
shabbir	शब्बीर	0
shabd	शब्द	0
shabda	शब्द	0
shabdavali	शब्दावली	0
shabdawali	शब्दावली	0
shabdbhedi	शब्दभेदी	0
shabdik	शाब्दिक	0
shabdkosh	शब्दकोश	0
shabdo	शब्दों	0
shabdon	शब्दों	0
shabeer	शबीर	0
shabir	शबीर	0
shabnam	शबनम	0
shabri	शबरी	0
shachindra	शचींद्र	0
shades	शेड्स	1
shadi	शादी	0
shadishuda	शादीशुदा	0
shadiyan	शादियां	0
shadow	शैडो	1
shadyantra	षडयंत्र	0
shadyantrakari	षड्यंत्रकारी	0
shadyantron	षड़यंत्रों	0
shagird	शागिर्द	0
shagufta	शगुफ्ता	0
shah	शाह	1
shahabad	शाहाबाद	0
shahabuddin	शहाबुद्दीन	0
shahanshah	शहंशाह	0
shahar	शहर	1
shahari	शहरी	0
shaharon	शहरों	0
shahdaba	शाहदाबा	0
shahdara	शाहदरा	0
shaheed	शहीद	1
shahganj	शाहगंज	0
shahi	शाही	0
shahid	शहीद	0
shahidi	शहीदी	1
shahidon	शहीदों	0
shahjahanabad	शाहजहानाबाद	0
shahjahanpur	शाहजहांपुर	0
shahji	शाहजी	0
shahron	शहरों	0
shahrukh	शाहरुख	0
shahtut	शहतूत	0
shahu	शाहू	0
shahzadpur	शहजादपुर	0
shaikh	शैख	1
shaikshanik	शैक्षणिक	0
shaikshik	शैक्षिक	0
shailesh	शैलेश	0
shaili	शैली	0
shailiyan	शैलियां	0
shailiyon	शैलियों	0
shaista	शाइस्ता	0
shaitaan	शैतान	0
shaitani	शैतानी	0
shaivalon	शैवालों	0
shaiyya	शैय्या	0
shak	शक	0
shakahari	शाकाहारी	0
shakahariyon	शाकाहारियों	0
shakarkand	शकरकंद	0
shake	शेक	1
shakeel	शकील	0
shakespeare	शेक्सपियर	1
shakha	शाखा	0
shakhaon	शाखाओं	0
shakhs	शख्स	0
shakhsiyaton	शख्सियतों	0
shakib	शाकिब	0
shakil	शकील	0
shakir	शाकीर	1
shakira	शकीरा	1
shakkar	शक्कर	0
shakl	शक्ल	0
shaklen	शक्लें	0
shakon	शकों	0
shakti	शक्ति	0
shaktihin	शक्तिहीन	0
shaktimaan	शक्तिमान	0
shaktipeeth	शक्तिपीठ	0
shaktipithon	शक्तिपीठों	0
shaktishaali	शक्तिशाली	0
shaktishali	शक्तिशाली	0
shaktiyan	शक्तियां	0
shaktiyon	शक्तियों	0
shakun	शकुन	0
shakya	शाक्य	0
shal	शाल	0
shala	शाला	0
shalaka	शलाका	0
shalgam	शलगम	0
shali	शाली	1
shalin	शालीन	0
shalinata	शालीनता	0
shalini	शालिनी	0
shalk	शल्क	0
shalu	शालू	0
shaly	शल्य	0
shalya	शल्य	0
shalyachikitsa	शल्यचिकित्सा	0
shalyakriya	शल्यक्रिया	0
sham	शाम	1
shama	शमा	0
shamak	शामक	0
shamali	शामली	0
shami	शमी	0
shamil	शामिल	0
shammi	शम्मी	0
shamshabad	शमशाबाद	0
shamsher	शमशेर	0
shamsi	शमसी	0
shamta	क्षमता	0
shan	शन	1
shana	शाना	1
shanai	शनै	0
shandar	शानदार	0
shandily	शांडिल्य	0
shani	शनि	0
shanidev	शनिदेव	0
shanka	शंका	0
shankar	शंकर	1
shankaracharya	शंकराचार्य	0
shankargarh	शंकरगढ़	0
shankh	शंख	0
shankracharya	शंकराचार्य	0
shanku	शंकु	0
shano	शानो	0
shant	शांत	1
shantchitt	शांतचित्त	0
shanti	शांति	1
shantidayak	शांतिदायक	0
shantidevi	शांतिदेवी	0
shantimay	शांतिमय	0
shantiniketan	शांतिनिकेतन	0
shantipur	शांतिपुर	0
shantipurn	शांतिपूर्ण	0
shantipurna	शांतिपूर्ण	0
shantipurvak	शांतिपूर्वक	0
shantivadi	शांतिवादी	0
shapath	शपथ	0
shapathpatr	शपथपत्र	0
shapur	शापूर	0
shar	शर	0
sharab	शराब	0
sharad	शरद	0
sharada	शारदा	0
sharan	शरण	0
sharansthali	शरणस्थली	0
sharapova	शरापोवा	0
sharavati	शरावती	0
sharda	शारदा	0
shardhanjli	श्रद्धांजलि	0
share	शेयर	1
shared	शेयर्ड	1
shareon	शेयरों	0
shares	शेयर्स	1
sharif	शरीफ	1
sharing	शेयरिंग	1
sharir	शरीर	0
sharirik	शारीरिक	0
shariya	शरीया	0
shariyat	शरीयत	0
shark	शार्क	1
sharkara	शर्करा	0
sharl	शार्ल	0
sharm	शर्म	1
sharma	शर्मा	1
sharmila	शर्मिला	0
sharmnak	शर्मनाक	0
sharpshooter	शार्पशूटर	1
shart	शर्त	0
sharte	शर्तें	0
sharten	शर्तें	0
sharton	शर्तों	0
shasak	शासक	0
shasako	शासकों	0
shasan	शासन	0
shasankaal	शासनकाल	0
shasankal	शासनकाल	0
shasanon	शासनों	0
shashak	शासक	0
shashan	शासन	0
shashankaal	शासनकाल	0
shashi	शशि	0
shasi	शासी	0
shasit	शासित	0
shaskiy	शासकीय	0
shastr	शास्त्र	0
shastra	शास्त्र	0
shastragar	शस्त्रागार	0
shastranusar	शास्त्रानुसार	0
shastrarth	शास्त्रार्थ	0
shastri	शास्त्री	0
shastriji	शास्त्रीजी	0
shastriya	शास्त्रीय	0
shastriyata	शास्त्रीयता	0
shastriyon	शास्त्रियों	0
shastro	शास्त्रों	0
shastrokta	शास्त्रोक्त	0
shastron	शास्त्रों	0
shaswat	शाश्वत	0
shat	शत	0
shatabdi	शताब्दी	0
shatabdiyon	शताब्दियों	0
shatak	शतक	0
shatakiya	शतकीय	0
shatakon	शतकों	0
shati	क्षति	0
shatranj	शतरंज	0
shatranji	शतरंजी	0
shatru	शत्रु	0
shatrughan	शत्रुघन	0
shatrughn	शत्रुघ्न	0
shatrunjay	शत्रुंजय	0
shatruon	शत्रुओं	0
shatruta	शत्रुता	0
shauch	शौच	0
shauchalaya	शौचालय	0
shauchalayon	शौचालयों	0
shauhar	शौहर	0
shauk	शौक	0
shaukat	शौकत	0
shaukeen	शौकीन	0
shaukin	शौकिन	0
shaukiya	शौकिया	0
shaunak	शौनक	0
shaurseni	शौरसेनी	0
shaurya	शौर्य	0
shav	शव	0
shave	शेव	1
shavon	शवों	0
shayad	शायद	0
shayar	शायर	0
shayari	शायरी	0
shayaron	शायरों	0
she	शि	1
sheela	शीला	1
sheena	शीना	1
sheet	शीट	1
sheetal	शीतल	0
shefali	शेफाली	0
shehad	शहद	0
shehar	शहर	0
sheharo	शहरों	0
shehjada	शहजादा	0
shehjadi	शहजादी	0
shehjadon	शहजादों	0
shehnai	शहनाई	0
shehzaadon	शहजादों	0
shehzada	शहजादा	0
sheikh	शेख	1
shek	शेक	1
shekh	शेख	0
shekhar	शेखर	0
shekhawat	शेखावत	0
shekhawati	शेखावाटी	0
shenyang	शेनयांग	1
sher	शेर	1
shergarh	शेरगढ़	0
shergill	शेरगिल	0
sheron	शेरों	0
sherpa	शेरपा	0
shershah	शेरशाह	0
sherwani	शेरवानी	0
sherwood	शेरवुड	1
shesh	शेष	0
sheshadri	शेषाद्रि	0
sheshnag	शेषनाग	0
shetr	क्षेत्र	0
shetra	क्षेत्र	0
shetriy	क्षत्रिय	0
shetron	क्षेत्रों	0
shetrunji	शतरंजी	0
shetty	शेट्टी	0
sheyardharak	शेयरधारक	0
sheyaron	शेयरों	0
shi	शि	1
shiad	शिअद	0
shibali	शिबली	0
shibu	शिबू	0
shichuan	शिचुआन	0
shield	शिल्ड	1
shifa	शिफा	0
shigatse	शिगात्से	0
shighra	शीघ्र	0
shighratishighra	शीघ्रातिशीघ्र	0
shikanja	शिकंजा	0
shikanje	शिकंजे	0
shikanji	शिकंजी	0
shikar	शिकार	0
shikargah	शिकारगाह	0
shikari	शिकारी	0
shikariyon	शिकारियों	0
shikarpur	शिकारपुर	0
shikarpura	शिकारपुरा	0
shikast	शिकस्त	0
shikayat	शिकायत	0
shikayati	शिकायती	0
shikayaton	शिकायतों	0
shikayten	शिकायतें	0
shikha	शिखा	0
shikhar	शिखर	0
shikharon	शिखरों	0
shikohabad	शिकोहाबाद	0
shiksha	शिक्षा	0
shikshadiksha	शिक्षादीक्षा	0
shikshak	शिक्षक	0
shikshakon	शिक्षकों	0
shikshan	शिक्षण	0
shikshaon	शिक्षाओं	0
shiksharthi	शिक्षार्थी	0
shiksharthiyon	शिक्षार्थियों	0
shikshavid	शिक्षाविद्	0
shikshavidon	शिक्षाविदों	0
shikshika	शिक्षिका	0
shikshit	शिक्षित	0
shikshkon	शिक्षकों	0
shila	शिला	0
shilai	शिलाई	0
shilalekh	शिलालेख	0
shilang	शिलांग	0
shilanyas	शिलान्यास	0
shilaon	शिलाओं	0
shild	शील्ड	0
shiling	शिलिंग	0
shillong	शिलांग	0
shilp	शिल्प	0
shilpa	शिल्पा	0
shilpgram	शिल्पग्राम	0
shilpi	शिल्पी	0
shilpiyon	शिल्पियों	0
shilpkar	शिल्पकार	0
shilpkari	शिल्पकारी	0
shilpkaron	शिल्पकारों	0
shimla	शिमला	0
shimoga	शिमोगा	1
shina	शीना	0
shinde	शिंदे	0
shine	शाइन	1
shiny	शाइनी	1
ship	शिप	1
shipment	शिपमेंट	1
shipments	शिपमेंट्स	1
shipping	शिपिंग	1
ships	शिप्स	1
shipt	शिप्ट	0
shir	शिर	1
shira	शिरा	1
shirak	शिराक	0
shiraon	शिराओं	0
shirdi	शिरडी	0
shirish	शिरीष	0
shirkat	शिरकत	0
shirodhary	शिरोधार्य	0
shiromani	शिरोमणि	0
shirsh	शीर्ष	0
shirshak	शीर्षक	0
shirt	शर्ट	1
shish	शीश	0
shisha	शीशा	0
shishe	शीशे	0
shisht	शिष्ट	0
shishtachar	शिष्टाचार	0
shishu	शिशु	0
shishuon	शिशुओं	0
shishupal	शिशुपाल	0
shishy	शिष्य	0
shishya	शिष्य	0
shishyon	शिष्यों	0
shit	शीट	1
shital	शीतल	0
shithil	शिथिल	0
shithilata	शिथिलता	0
shithilikaran	शिथिलीकरण	0
shitkal	शीतकाल	0
shitkalin	शीतकालीन	0
shitlashtami	शीतलाष्टमी	0
shiv	शिव	0
shiva	शिव	1
shivaji	शिवाजी	0
shivala	शिवाला	0
shivalik	शिवालिक	0
shivan	शिवन	0
shivani	शिवानी	0
shivbhakt	शिवभक्त	0
shivdas	शिवदास	0
shivdasani	शिवदसानी	0
shivendra	शिवेंद्र	0
shivir	शिविर	0
shiviron	शिविरों	0
shivji	शिवजी	0
shivkar	शिवकर	0
shivkashi	शिवकाशी	0
shivkuti	शिवकुटी	0
shivling	शिवलिंग	0
shivlingon	शिवलिंगों	0
shivlok	शिवलोक	0
shivmoga	शिवमोगा	0
shivnath	शिवनाथ	0
shivneri	शिवनेरी	0
shivoham	शिवोहम	0
shivpal	शिवपाल	0
shivprasad	शिवप्रसाद	0
shivpuri	शिवपुरी	0
shivputra	शिवपुत्र	0
shivraj	शिवराज	0
shivratri	शिवरात्रि	0
shivrinarayan	शिवरीनारायण	0
shivsena	शिवसेना	0
shivshankar	शिवशंकर	0
shivsharan	शिवशरण	0
shiwad	शिवाड़	0
shiya	शिया	0
shiyaon	शियाओं	0
shlesh	श्लेष	0
shleshma	श्लेष्मा	0
shlok	श्लोक	0
shma	शमा	0
shnai	शनै	0
sho	एसएचओ	0
shobhavati	शोभावती	0
shobhayatra	शोभायात्रा	0
shodh	शोध	0
shodhkarta	शोधकर्ता	0
shodhkartaon	शोधकर्ताओं	0
shodhon	शोधों	0
shodhpatra	शोधपत्र	0
shoes	शूज़	1
shok	शोक	0
shokakul	शोकाकुल	0
sholay	शोले	0
shole	शोले	0
shona	शोना	1
shonali	शोनाली	0
shool	शूल	0
shoor	शूर	0
shoot	शूट	1
shootaron	शूटरों	0
shooter	शूटर	1
shooting	शूटिंग	1
shop	शॉप	1
shopping	शॉपिंग	1
shops	शॉप्स	1
shor	शोर	1
shorgul	शोरगुल	0
shorya	शोर्य	0
shosh	शोष	1
shoshak	शोषक	0
shoshan	शोषण	0
shoshit	शोषित	0
shot	शॉट	1
shots	शॉट्स	1
show	शो	1
shower	शावर	1
showing	शोइंग	1
shows	शोज़	1
shraap	श्राप	0
shrabkhanon	शराबखानों	0
shraddh	श्राद्ध	0
shraddha	श्रद्धा	0
shraddhaanjali	श्रद्धांजलि	0
shraddhalu	श्रद्धालु	0
shraddhaluon	श्रद्धालुओं	0
shraddhanjali	श्रद्धांजलि	0
shradhaluon	श्रद्धालुओं	0
shradhanjali	श्रद्धांजलि	0
shram	श्रम	0
shraman	श्रमण	0
shramik	श्रमिक	0
shramikon	श्रमिकों	0
shramjivi	श्रमजीवी	0
shramsadhya	श्रमसाध्य	0
shramshakti	श्रमशक्ति	0
shravak	श्रावक	0
shravakon	श्रावकों	0
shravan	श्रवण	0
shravya	श्रव्य	0
shrdhanjali	श्रद्धांजलि	0
shree	श्री	0
shreni	श्रेणी	0
shreniyan	श्रेणियां	0
shreniyon	श्रेणियों	0
shresht	श्रेष्ठ	0
shreshth	श्रेष्ठ	0
shreshtha	श्रेष्ठ	0
shreshthtam	श्रेष्ठतम	0
shresth	श्रेष्ठ	0
shrey	श्रेय	0
shreya	श्रेया	0
shri	श्री	1
shriarvind	श्रीअरविंद	0
shribhagwan	श्रीभगवान	0
shrichand	श्रीचंद	0
shricharanon	श्रीचरणों	0
shridama	श्रीदामा	0
shridevi	श्रीदेवी	0
shridhar	श्रीधर	0
shridharan	श्रीधरन	0
shrifal	श्रीफल	0
shriganesh	श्रीगणेश	0
shrikant	श्रीकांत	1
shrikrishan	श्रीकृष्ण	0
shrikrishna	श्रीकृष्ण	0
shril	श्रील	0
shrilal	श्रीलाल	0
shrilanka	श्रीलंका	0
shrilankai	श्रीलंकाई	0
shrimad	श्रीमद	0
shrimadbhagavat	श्रीमद्भगवत	0
shrimadbhagwat	श्रीमद्भगवत	0
shriman	श्रीमान	0
shrimati	श्रीमती	0
shrinagar	श्रीनगर	0
shring	श्रृंग	0
shringar	श्रृंगार	0
shrinivas	श्रीनिवास	0
shrinkhala	श्रृंखला	0
shrinkhalaon	शृंखलाओं	0
shrinkhla	श्रृंखला	0
shripati	श्रीपति	0
shripur	श्रीपुर	0
shriradhakrishan	श्रीराधाकृष्ण	0
shriradhakrishna	श्रीराधाकृष्ण	0
shrishail	श्रीशैल	0
shrishti	श्रृष्टि	0
shrivastav	श्रीवास्तव	0
shroff	श्रॉफ	1
shrot	श्रोत	0
shroton	श्रोतों	0
shrunkhala	श्रृंखला	0
shrunkhla	शृंखला	0
shruti	श्रुति	0
shubh	शुभ	0
shubha	शुभा	0
shubham	शुभम्	0
shubhankari	शुभंकारी	0
shubhgrah	शुभग्रह	0
shuda	शुदा	1
shuddh	शुद्ध	0
shuddha	शुद्ध	0
shuddhata	शुद्धता	0
shuddhi	शुद्धि	0
shuddhikaran	शुद्धिकरण	0
shuddhodhan	शुद्धोधन	0
shudra	शुद्र	0
shui	शुई	1
shuja	शुजा	0
shujalpur	शुजालपुर	0
shukl	शुक्ल	0
shukla	शुक्ला	1
shukr	शुक्र	0
shukra	शुक्र	0
shukranu	शुक्राणु	0
shukranuon	शुक्राणुओं	0
shul	शूल	0
shulk	शुल्क	0
shumaar	शुमार	0
shumbh	शुंभ	0
shung	शुंग	0
shuny	शून्य	0
shunya	शून्य	0
shunyata	शून्यता	0
shur	शूर	1
shuru	शुरू	0
shuruaat	शुरुआत	0
shuruaati	शुरुआती	0
shuruat	शुरूआत	0
shuruu	शुरू	0
shuruwat	शुरुआत	0
shurvaat	शुरुआत	0
shurwaat	शुरुआत	0
shushk	शुष्क	0
shushkata	शुष्कता	0
shusk	शुष्क	0
shutter	शटर	1
shuttle	शटल	1
shuturmurg	शुतुरमुर्ग	0
shvasan	श्वसन	0
shvet	श्वेत	0
shwan	श्वान	0
shwas	श्वास	0
shwasan	श्वसन	0
shwasnali	श्वासनली	0
shwet	श्वेत	0
shweta	श्वेता	0
shyaam	श्याम	0
shyam	श्याम	0
shyama	श्यामा	0
shyamala	श्यामला	0
shyamanand	श्यामानंद	0
shyamji	श्यामजी	0
shyan	शयन	0
shyopur	श्योपुर	0
si	सी	1
siachen	सियाचिन	0
sialkot	सियालकोट	0
sibal	सिब्बल	0
sibbal	सिब्बल	0
siberia	साइबेरिया	1
sibte	सिब्ते	0
sichuaan	सिचुआन	0
sichuan	शिचुआन	1
sicily	सिसली	1
sickle	सिकल	1
sickness	सिकनेस	1
siddh	सिद्ध	0
siddha	सिद्ध	0
siddhant	सिद्धांत	0
siddhanto	सिद्धांतो	0
siddhanton	सिध्दांतों	0
siddharth	सिद्धार्थ	0
siddhashram	सिद्धाश्रम	0
siddhhast	सिद्धहस्त	0
siddhi	सिद्धि	0
siddhivinayak	सिद्धिविनायक	0
siddhiyan	सिद्धियाँ	0
siddhiyon	सिद्धियों	0
siddhon	सिद्धों	0
siddiqui	सिद्दीकी	1
side	साइड	1
sidha	सीधा	0
sidhe	सीधे	0
sidhi	सीधी	0
sidhinuma	सीढ़ीनुमा	0
sidhiyon	सीढ़ियों	0
sidhu	सिद्धू	1
sidi	सीडी	1
sidkul	सिडकुल	0
siemens	सीमेंस	1
sierra	सियरा	1
sifaarish	सिफारिश	0
sifaarishen	सिफ़ारिशें	0
sifar	सिफर	0
sifarish	सिफारिश	0
sifarishon	सिफ़ारिशें	0
sight	साइट	1
sigma	सिग्मा	1
sign	साइन	1
signal	सिग्नल	1
signalon	सिग्नलों	0
signature	सिगनेचर	1
sihag	सिहाग	0
sikal	सिकल	0
sikandar	सिकंदर	0
sikander	सिकंदर	0
sikar	सीकर	0
sikari	सिकरी	0
sikarwar	सिकरवार	0
sike	सीके	0
sikh	सिख	1
sikha	सीखा	0
sikhana	सीखना	0
sikhane	सिखाने	0
sikhara	शिखर	0
sikhata	सिखाता	0
sikhate	सीखते	0
sikhati	सीखती	0
sikhaya	सिखाया	0
sikhayen	सिखायें	0
sikhe	सीखे	0
sikhi	सीखी	0
sikhna	सीखना	0
sikhon	सिक्खों	0
sikhs	सिख्स	1
sikka	सिक्का	0
sikkal	सिक्वल	0
sikke	सिक्के	0
sikkh	सिक्ख	0
sikkim	सिक्किम	0
sikkon	सिक्कों	0
sikod	सिकोड़	0
sikodne	सिकोड़ने	0
sikray	सिकराय	0
sikri	सिकरी	0
siksha	शिक्षा	0
sikudne	सिकुड़ने	0
sila	सिला	0
silai	सिलाई	0
silen	सीलन	0
silica	सिलिका	1
silicon	सिलिकॉन	1
silika	सिलिका	0
siliserh	सिलीसेढ़	0
silk	सिल्क	1
silky	सिल्की	1
silli	सिल्ली	0
silsila	सिलसिला	0
silsile	सिलसिले	0
silva	सिल्वा	1
silvasa	सिलवासा	0
silvaten	सिलवटें	0
silver	सिल्वर	1
silviya	सिल्विया	0
sima	सीमा	1
simant	सीमांत	0
simar	सिमर	0
simari	सिमरी	0
simavarti	सीमावर्ती	0
simdega	सिमडेगा	0
simen	सिमेन	0
simga	सिमगा	0
simit	सीमित	0
simon	साइमन	1
simone	सिमोन	1
simpson	सिंपसन	1
simran	सिमरन	0
simulation	सिमुलेशन	1
sin	सिन	1
sina	सीना	0
sinchai	सिंचाई	0
sinchit	सिंचित	0
sindh	सिंध	0
sindhi	सिंधी	0
sindhiya	सिंधिया	0
sindhu	सिंधु	0
sindoor	सिंदूर	0
sindur	सिंदूर	0
sing	सींग	1
singa	सींग	0
singapore	सिंगापुर	1
singer	सिंगर	1
singers	सिंगर्स	1
singh	सिंह	1
singhal	सिंघल	0
singham	सिंघम	0
singhania	सिंघानिया	0
singhaniya	सिंघानिया	0
singhasan	सिंघासन	0
singhpur	सिंहपुर	0
single	सिंगल	1
singles	सिंगल्स	1
singo	सींगों	0
singoli	सिंगोली	0
singon	सींगों	0
sinh	सिंह	0
sinha	सिन्हा	1
sinhal	सिंहल	0
sinhali	सिंहली	0
sinhasan	सिंहासन	0
sinjaar	सिंजार	0
sink	सिंक	1
sinthiya	सिंथिया	0
siphar	सिफर	0
sippy	सिप्पी	0
sir	सर	1
sira	सिरा	0
sirajuddaula	सिराजुद्दौला	0
siras	सिरस	0
sirauli	सिरौली	0
sirdard	सिरदर्द	0
sire	सिरे	1
sirf	सिर्फ	0
sirhane	सिरहाने	0
siril	सिरिल	0
sirka	सिरका	0
sirkar	सिरकार	0
sirmaur	सिरमौर	0
sirohi	सिरोही	1
siron	सिरों	1
sironj	सिरोंज	0
sirsa	सिरसा	0
sisai	सिसई	0
sisali	सिसली	0
sise	सीसे	0
sisili	सिसिली	0
sisodiya	सिसोदिया	0
sist	सिस्ट	0
sister	सिस्टर	1
sit	सित	1
sita	सीता	0
sitafal	सीताफल	0
sitaji	सीताजी	0
sitakund	सीताकुंड	0
sitamau	सीतामऊ	0
sitambar	सितंबर	0
sitara	सितारा	0
sitaraman	सीतारमन	0
sitare	सितारे	0
sitaron	सितारों	0
site	साइट	1
siva	सिवा	0
sivani	सिवनी	0
sivay	सिवाय	0
siwani	सिवनी	0
six	सिक्स	1
sixer	सिक्सर	1
sixers	सिक्सर्स	1
sixth	सिक्स्थ	1
siya	सिया	0
siyar	सियार	0
size	साइज	1
sj	एसजे	0
skand	स्कंद	0
skandgupt	स्कंदगुप्त	0
skandh	स्कंध	0
skandmata	स्कंदमाता	0
skate	स्केट	1
skateboard	स्केटबोर्ड	1
skater	स्केटर	1
skating	स्केटिंग	1
sketch	स्केच	1
sketching	स्केचिंग	1
skiing	स्कीइंग	1
skill	स्किल	1
skinner	स्किनर	1
skirt	स्कर्ट	1
sky	स्काई	1
skype	स्काइप	1
skyscraper	स्काईस्क्रेपर	1
slate	स्लेट	1
slavik	स्लाविक	1
sleeping	स्लीपिंग	1
sleeve	स्लीव	1
slip	स्लिप	1
slop	स्लोप	1
sloth	स्लॉथ	1
slots	स्लॉट्स	1
slovakia	स्लोवाकिया	1
slovenia	स्लोवेनिया	1
slow	स्लो	1
slumdog	स्लमडॉग	0
smack	स्मैक	1
small	स्मॉल	1
smarak	स्मारक	0
smarakon	स्मारकों	0
smaran	स्मरण	0
smart	स्मार्ट	1
smartphone	स्मार्टफोन	1
smash	स्मैश	1
smc	एसएमसी	0
sme	एसएमई	0
smiling	स्माइलिंग	1
smita	स्मिता	0
smith	स्मिथ	1
smithsonian	स्मिथसोनियन	1
smoke	स्मोक	1
smokey	स्मोकी	1
smoking	स्मोकिंग	1
smooth	स्मूद	1
smriti	स्मृति	0
smritilekh	स्मृतिलेख	0
smritiyon	स्मृतियों	0
smruti	स्मृति	0
sms	एसएमएस	1
smuggler	स्मगलर	1
snaan	स्नान	0
snaatak	स्नातक	0
snake	स्नेक	1
snan	स्नान	0
snanarthiyon	स्नानार्थियों	0
snapdeal	स्नेपडील	0
snatak	स्नातक	0
snatakon	स्नातकों	0
snayu	स्नायु	0
snayuon	स्नायुओं	0
snayvik	स्नायविक	0
sneh	स्नेह	1
snehal	स्नेहल	0
snehi	स्नेही	0
sniper	स्निपर	1
snooker	स्नूकर	1
snow	स्नो	1
snowboarding	स्नोबोर्डिंग	0
snp	एसएनपी	0
snyder	स्नाइडर	1
so	सो	1
sobati	सोबती	0
soch	सोच	0
socha	सोचा	1
sochana	सोचना	0
sochane	सोचने	0
sochate	सोचते	0
sochen	सोचें	0
sochi	सोची	1
sochkar	सोचकर	0
sochne	सोचने	0
sochta	सोचता	0
sochte	सोचते	0
social	सोशल	1
socialism	सोशलिज्म	1
socialist	सोशलिस्ट	1
societies	सोसाइटीज	1
society	सोसाइटी	1
sociology	सोशियोलॉजी	1
socity	सोसाइटी	0
soda	सोडा	1
sode	सोडे	0
sodhi	सोढ़ी	0
sodium	सोडियम	1
sofe	सोफे	0
sofi	सोफी	0
sofia	सोफिया	1
soft	सॉफ्ट	1
software	सॉफ्टवेयर	1
softwares	सॉफ्टवेयर्स	0
softwaron	सॉफ्टवेयरों	0
sohan	सोहन	0
sohar	सोहर	0
sohbat	सोहबत	0
sohel	सोहेल	0
sohrab	सोहराब	0
soi	सोई	0
sojat	सोजत	0
sokh	सोख	0
sol	सोल	1
solah	सोलह	0
solahavan	सोलहवां	0
solahavin	सोलहवीं	0
solahvin	सोलहवीं	0
solan	सोलन	1
solanki	सोलंकी	0
solar	सोलर	1
soldier	सोल्जर	1
solicitor	सॉलीसिटर	1
solo	सोलो	1
soloman	सोलोमन	1
solution	सोल्यूशन	1
somalia	सोमालिया	1
somdev	सोमदेव	0
someshwar	सोमेश्वर	0
somnath	सोमनाथ	0
sompal	सोमपाल	0
somwar	सोमवार	0
son	सोन	1
sona	सोना	0
sonakshi	सोनाक्षी	0
sonali	सोनाली	0
sonam	सोनम	0
sonauli	सोनौली	0
sonbhadra	सोनभद्र	0
sondhi	सोंधी	0
sone	सोने	0
soni	सोनी	1
sonia	सोनिया	1
sonipat	सोनीपत	0
soniya	सोनिया	0
sonographer	सोनोग्राफर	0
sonography	सोनोग्राफी	0
sonpur	सोनपुर	0
sonta	सोंटा	0
sony	सोनी	1
sood	सूद	1
soojan	सूजन	0
soojhboojh	सूझबूझ	0
sookta	सूक्त	0
soot	सूत	1
sopan	सोपान	0
sopanon	सोपानों	0
sopara	सोपारा	0
sophia	सोफिया	1
sorabjee	सोराबजी	0
soram	सोरम	0
sorenson	सोरेंसन	1
sota	सोता	0
sote	सोते	0
soton	सोतों	0
sound	साउंड	1
soup	सूप	1
sourav	सौरव	0
source	सोर्स	1
south	साउथ	1
soviet	सोवियत	1
soviyat	सोवियत	0
soyat	सोयत	0
soybean	सोयाबीन	1
soye	सोए	0
soyen	सोएं	0
spa	स्पा	1
space	स्पेस	1
spacewalk	स्पेसवॉक	1
spain	स्पेन	1
spaini	स्पेनी	0
spairo	स्पैरो	0
spam	स्पैम	1
spandan	स्पंदन	0
spanish	स्पेनिश	1
spardha	स्पर्धा	0
spardhatmak	स्पर्धात्मक	0
spare	स्पेयर	1
spark	स्पार्क	1
sparkle	स्पार्कल	1
sparm	स्पर्म	0
sparo	स्पैरो	0
sparrow	स्पैरो	1
sparsh	स्पर्श	0
spartan	स्पार्टन	1
spasht	स्पष्ट	0
spashta	स्पष्ट	0
spashtata	स्पष्टता	0
spashtataya	स्पष्टतया	0
spashtikaran	स्पष्टीकरण	0
spashtikaranon	स्पष्टीकरणों	0
spashtvadi	स्पष्टवादी	0
speaker	स्पीकर	1
speaking	स्पीकिंग	1
special	स्पेशल	1
spectra	स्पेक्ट्रा	1
spectrum	स्पेक्ट्रम	1
speech	स्पीच	1
speed	स्पीड	1
speedometer	स्पीडोमीटर	1
spenish	स्पेनिश	0
sperm	स्पर्म	1
sphatik	स्फटिक	0
sphoortidayak	स्फूर्तिदायक	0
spicejet	स्पाइसजेट	0
spider	स्पाइडर	1
spiders	स्पाइडर्स	1
spiegel	स्पीगेल	1
spielberg	स्पिलबर्ग	1
spin	स्पिन	1
spina	स्पाइना	1
spinal	स्पाइनल	1
spinner	स्पिनर	1
spirit	स्पिरिट	1
sport	स्पोर्ट	1
sports	स्पोर्ट्स	1
spot	स्पॉट	1
spotlight	स्पॉटलाइट	1
spring	स्प्रिंग	1
springs	स्प्रिंग्स	1
sprinkler	स्प्रिंकलर	1
spv	एसपीवी	0
spyware	स्पाइवेयर	1
squad	स्क्वायड	1
squadron	स्क्वाड्रन	1
square	स्क्वायर	1
squat	स्क्वाट	1
sridevi	श्रीदेवी	0
srijan	सृजन	0
srijanatmak	सृजनात्मक	0
srijit	सृजित	0
srilanka	श्रीलंका	0
srinagar	श्रीनगर	1
srinivasan	श्रीनिवासन	1
srishti	सृष्टि	0
srk	एसआरके	0
srot	स्रोत	0
sroton	स्रोतों	0
srujan	सृजन	0
srujanatmak	सृजनात्मक	0
ss	एसएस	1
ssb	एसएसबी	0
st	एसटी	1
stabdh	स्तब्ध	0
stack	स्टैक	1
stadium	स्टेडियम	1
staff	स्टाफ	1
stage	स्टेज	1
stainer	स्टेनर	0
stainless	स्टेनलेस	1
stalin	स्टालिन	1
stall	स्टाल	1
stallone	स्टैलोन	1
stambh	स्तंभ	0
stambhan	स्तंभन	0
stambhit	स्तंभित	0
stambhkar	स्तंभकार	0
stambhon	स्तंभों	0
stamina	स्टैमिना	1
stan	स्तन	1
stand	स्टैंड	1
standard	स्टैंडर्ड	1
standards	स्टैंडर्ड्स	1
standhariyon	स्तनधारियों	0
stanford	स्टैनफोर्ड	1
stanley	स्टेनली	1
stanpaan	स्तनपान	0
stanpan	स्तनपान	0
star	स्तर	1
starch	स्टार्च	1
stardust	स्टारडस्ट	1
starikaran	स्तरीकरण	0
stariy	स्तरीय	0
stariya	स्तरीय	0
stark	स्टार्क	1
staro	स्‍तरों	0
staron	स्तरों	1
stars	स्टार्स	1
start	स्टार्ट	1
state	स्टेट	1
statement	स्टेटमेंट	1
states	स्टेट्स	1
station	स्टेशन	1
stationary	स्टेशनरी	1
statue	स्टेचू	1
status	स्टेटस	1
steel	स्टील	1
steering	स्टीयरिंग	1
stem	स्टेम	1
stencil	स्टेंसिल	1
stenographer	स्टेनोग्राफर	1
stent	स्टेंट	1
step	स्टेप	1
stephen	स्टीफन	1
stephenson	स्टीफेंसन	1
ster	स्टर	0
stereo	स्टीरियो	1
stereotype	स्टीरियोटाइप	1
sterling	स्टर्लिंग	1
stern	स्टर्न	1
steve	स्टीव	1
steven	स्टीवन	1
stevens	स्टीवंस	1
stevie	स्टीवी	1
stewart	स्टीवर्ट	1
sthaan	स्थान	0
sthaanon	स्थानों	0
sthaapanaa	स्थापना	0
sthaapit	स्थापित	0
sthaayi	स्थायी	0
sthagan	स्थगन	0
sthaganadesh	स्थगनादेश	0
sthagit	स्थगित	0
sthaitik	स्थैतिक	0
sthal	स्थल	0
sthalakruti	स्थलाकृति	0
sthali	स्थली	0
sthalo	स्थलो	0
sthalon	स्थलों	0
sthan	स्थान	0
sthanak	स्थानक	0
sthanantaran	स्थानांतरण	0
sthanantarit	स्थानांतरित	0
sthanantrit	स्थानांतरित	0
sthanapann	स्थानापन्न	0
sthanik	स्थानिक	0
sthaniy	स्थानीय	0
sthaniya	स्थानीय	0
sthano	स्थानों	0
sthanon	स्थानों	0
sthapan	स्थापन	0
sthapana	स्थापना	0
sthapatyakala	स्थापत्यकला	0
sthapit	स्थापित	0
sthapna	स्थापना	0
sthati	स्थति	0
sthayi	स्थायी	0
sthayitv	स्थायित्व	0
sthayitva	स्थायित्व	0
sthir	स्थिर	0
sthirata	स्थिरता	0
sthirikaran	स्थिरीकरण	0
sthirta	स्थिरता	0
sthit	स्थित	0
sthita	स्थित	0
sthiti	स्थिति	0
sthitiyon	स्थितियों	0
sthti	स्थति	0
stick	स्टिक	1
sticker	स्टिकर	1
stilwell	स्टिलवेल	1
sting	स्टिंग	1
stith	स्तिथ	1
stock	स्टॉक	1
stockholm	स्टॉकहोम	1
stole	स्टोल	1
stones	स्टोंस	1
stop	स्टॉप	1
stoppage	स्टॉपेज	1
storage	स्टोरेज	1
store	स्टोर	1
storm	स्टॉर्म	1
story	स्टोरी	1
stotra	स्त्रोत	0
straight	स्ट्रेट	1
strap	स्ट्रैप	1
strav	स्त्राव	0
stravit	स्त्रावित	0
straw	स्ट्रा	1
strawberry	स्ट्रॉबेरी	1
stream	स्ट्रीम	1
stree	स्त्री	0
street	स्ट्रीट	1
streets	स्ट्रीट्स	1
stress	स्ट्रेस	1
stretch	स्ट्रेच	1
stretching	स्ट्रेचिंग	1
stri	स्त्री	0
strike	स्ट्राइक	1
striker	स्ट्राइकर	1
striling	स्त्रीलिंग	0
string	स्ट्रिंग	1
strips	स्ट्रिप्स	1
stripurush	स्त्रीपुरुष	0
strivad	स्त्रीवाद	0
striyan	स्त्रियां	0
striyon	स्त्रियों	0
strong	स्ट्रांग	1
strot	स्रोत	0
stroton	स्रोतों	0
structural	स्ट्रक्चरल	1
struggle	स्ट्रगल	1
sts	एसटीएस	0
stuart	स्टुअर्ट	1
stub	स्टब	1
stud	स्टड	1
student	स्टूडेंट	1
students	स्टूडेंट्स	1
studies	स्टडीज	1
studio	स्टूडियो	1
studios	स्टूडियोज	1
study	स्टडी	1
stuff	स्टफ	1
stump	स्टंप	1
stumping	स्टंपिंग	1
stunt	स्टंट	1
stunts	स्टंट्स	1
stup	स्तूप	0
stupon	स्तूपों	0
stuttgart	स्टटगार्ट	1
style	स्टाइल	1
styles	स्टाइल्स	1
styris	स्टायरिस	0
su	एसयू	1
suar	सुअर	0
suaron	सूअरों	0
subah	सुबह	0
subahu	सुबाहु	0
subedar	सूबेदार	0
subeer	सुबीर	0
subhadra	सुभद्रा	0
subharti	सुभारती	0
subhash	सुभाष	0
subhashchandra	सुभाषचंद्र	0
subhashiton	सुभाषितों	0
subhreet	सुभरीत	0
subir	सुबीर	0
subject	सब्जेक्ट	1
subodh	सुबोध	0
subramanyam	सुब्रह्मण्यम	0
subsidy	सब्सिडी	1
subway	सबवे	1
suchak	सूचक	0
suchalak	सुचालक	0
suchana	सूचना	0
sucharu	सुचारु	0
suchi	सूची	0
suchibaddh	सूचीबद्ध	0
suchintit	सुचिंतित	0
suchit	सुचित	0
suchitra	सुचित्रा	0
suchiyan	सूचियां	0
suchiyon	सूचियों	0
suchna	सूचना	0
suchnaon	सूचनाओं	0
suchnapatt	सूचनापट्ट	0
sud	सूद	0
sudama	सुदामा	0
sudan	सुदन	1
sudarshan	सुदर्शन	0
sudha	सुधा	0
sudhaar	सुधार	0
sudhakar	सुधाकर	0
sudhar	सुधार	0
sudhara	सुधरा	0
sudharak	सुधारक	0
sudharakon	सुधारकों	0
sudharatmak	सुधारात्मक	0
sudhare	सुधारे	0
sudhari	सुधरी	0
sudharne	सुधारने	0
sudharon	सुधारों	0
sudharte	सुधारते	0
sudheer	सुधीर	0
sudhir	सुधीर	0
sudi	सुदी	0
sudur	सुदूर	0
sudurvarti	सुदूरवर्ती	0
sufi	सूफी	0
sufivad	सूफीवाद	0
sugandh	सुगंध	0
sugandhit	सुगंधित	0
sugar	शुगर	1
sugathit	सुगठित	0
sugauli	सुगौली	0
sugbugahat	सुगबुगाहट	0
sugga	सुग्गा	0
sughar	सुघर	0
sugriv	सुग्रीव	0
suhaag	सुहाग	0
suhag	सुहाग	0
suhaginen	सुहागिनें	0
suhail	सुहैल	0
suhana	सुहाना	0
suhata	सुहाता	0
sui	सुई	1
suicide	सुइसाइड	1
suit	सूट	1
suite	सुइट	1
suiyon	सूइयों	0
suja	सुजा	0
sujan	सूजन	0
sujangarh	सुजानगढ़	0
sujata	सुजाता	0
sujha	सुझा	0
sujhaav	सुझाव	0
sujhai	सुझाई	0
sujhana	सुझाना	0
sujhav	सुझाव	0
sujhavon	सुझावों	0
sujhaya	सुझाया	0
suji	सुजी	0
sujit	सुजीत	0
sukanya	सुकन्या	0
sukarat	सुकरात	0
sukh	सुख	0
sukha	सुखा	0
sukhad	सुखद	0
sukhakar	सुखाकर	0
sukhane	सुखाने	0
sukhant	सुखांत	0
sukhapan	सूखापन	0
sukhbeer	सुखबीर	0
sukhda	सुखदा	0
sukhdayak	सुखदायक	0
sukhdev	सुखदेव	0
sukhe	सूखे	0
sukhi	सुखी	0
sukhna	सूखना	0
sukhne	सूखने	0
sukhoi	सुखोई	0
sukhon	सुखों	0
sukhta	सूखता	0
sukhte	सूखते	0
suksham	सूक्ष्म	0
sukshamdarshi	सूक्ष्मदर्शी	0
sukshm	सूक्ष्म	0
sukshmta	सूक्ष्मता	0
sukt	सूक्त	0
sukti	सूक्ति	0
suktiyon	सूक्तियों	0
sukton	सूक्तों	0
sukumar	सुकुमार	0
sukumaran	सुकुमारन	0
sukun	सुकून	0
sula	सुला	0
sulabh	सुलभ	0
sulag	सुलग	0
sulagte	सुलगते	0
sulah	सुलह	0
sulajh	सुलझ	0
sulane	सुलाने	0
sulavesi	सुलावेसी	0
suleman	सुलेमान	0
sulfate	सल्फेट	1
sulfide	सल्फाइड	1
sulfur	सल्फर	1
sulfuric	सल्फ्यूरिक	1
suli	सूली	0
suljha	सुलझा	0
suljhaane	सुलझाने	0
suljhane	सुलझाने	0
suljhi	सुलझी	0
sulochna	सुलोचना	0
sulphate	सल्फेट	1
sultan	सुल्तान	1
sultana	सुल्ताना	0
sultanpur	सुल्तानपुर	0
sultanpuri	सुल्तानपुरी	0
sum	सम	1
suman	सुमन	1
sumatra	सुमात्रा	1
sumedh	सुमेध	0
sumer	सुमेर	0
sumeri	सुमेरी	0
sumeru	सुमेरु	0
sumit	सुमित	0
sumitra	सुमित्रा	0
sumitranandan	सुमित्रानंदन	0
summer	समर	1
sumo	सूमो	1
sun	सुन	1
suna	सुना	0
sunai	सुनाई	0
sunami	सुनामी	0
sunana	सुनाना	0
sunanda	सुनंदा	0
sunane	सुनाने	0
sunar	सुनार	0
sunari	सुनारी	0
sunata	सुनाता	0
sunate	सुनाते	0
sunati	सुनाती	0
sunaya	सुनाया	0
sunayi	सुनाई	0
sund	सूंड	1
sundar	सुंदर	1
sundari	सुंदरी	0
sundarpur	सुंदरपुर	0
sundarta	सुंदरता	0
sunday	सन्डे	1
sune	सुने	0
sungh	सूंघ	0
sunghkar	सूंघकर	0
sunglasses	सनग्लासेस	1
sunhara	सुनहरा	0
sunhari	सुनहरी	0
suni	सुनी	1
sunidhi	सुनिधि	0
sunil	सुनील	1
sunishchit	सुनिश्चित	0
sunita	सुनीता	0
suniyojit	सुनियोजित	0
sunkar	सुनकर	0
sunkeepan	सनकीपन	0
sunna	सुनना	0
sunnat	सुन्नत	0
sunni	सुन्नी	1
sunniyon	सुन्नियों	0
sunny	सन्नी	1
suno	सुनो	0
sunrisers	सनराइजर्स	0
sunsari	सुनसरी	0
sunta	सुनता	0
sunte	सुनते	0
sunvai	सुनवाई	0
supari	सुपारी	0
suparibhashit	सुपरिभाषित	0
suparichit	सुपरिचित	0
suparna	सुपर्णा	0
super	सुपर	1
supercomputer	सुपरकंप्यूटर	1
superhero	सुपरहीरो	1
superior	सुपीरियर	1
superman	सुपरमैन	1
supermarket	सुपरमार्केट	1
supersonic	सुपरसोनिक	1
supersport	सुपरस्पोर्ट	0
superstar	सुपरस्टार	1
supplier	सप्लायर	1
supply	सप्लाई	1
support	सपोर्ट	1
suprabha	सुप्रभा	0
suprasiddh	सुप्रसिद्ध	0
supreme	सुप्रीम	1
supriya	सुप्रिया	0
supriyo	सुप्रियो	0
supt	सुप्त	0
supta	सुप्त	0
supurd	सुपुर्द	0
suputri	सुपुत्री	0
sur	सुर	1
sura	सुरा	1
surag	सुराग	0
surahi	सुरही	0
suraj	सूरज	0
surajmal	सूरजमल	0
surajmukhi	सूरजमुखी	0
suraksha	सुरक्षा	0
surakshatmak	सुरक्षात्मक	0
surakshit	सुरक्षित	0
surang	सुरंग	0
suranga	सुरंगा	0
surangen	सुरंगें	0
surangon	सुरंगों	0
surasa	सुरसा	0
surat	सूरत	1
suratgarh	सूरतगढ़	0
surati	सुरती	0
surdas	सूरदास	0
surendra	सुरेंद्र	0
surendranath	सुरेंद्रनाथ	0
suresh	सुरेश	1
surface	सर्फेस	1
surgenon	सर्जनों	0
surgeon	सर्जन	1
surgery	सर्जरी	1
surgical	सर्जिकल	1
suri	सुरी	0
surila	सुरीला	0
surinder	सुरिंदर	0
surjewala	सुरजेवाला	0
surkh	सुर्ख	0
surkhiyon	सुर्खियों	0
surma	सुरमा	1
surmya	सुरम्य	0
suron	सुरों	0
surpur	सुरपुर	0
sursand	सुरसंड	0
suru	सुरु	0
suruchipoorn	सुरुचिपूर्ण	0
surveillance	सर्विलांस	1
survey	सर्वे	1
survivor	सर्वाइवर	1
sury	सूर्य	0
surya	सूर्य	0
suryakant	सूर्यकांत	0
suryast	सूर्यास्त	0
suryavanshi	सूर्यवंशी	0
suryoday	सूर्योदय	0
susamachar	सुसमाचार	0
susangat	सुसंगत	0
susangathit	सुसंगठित	0
sushant	सुशांत	0
sushasan	सुशासन	0
susheel	सुशील	0
susheela	सुशीला	0
sushi	सुशी	1
sushil	सुशील	0
sushila	सुशीला	0
sushma	सुषमा	0
sushmita	सुष्मिता	0
sushobhit	सुशोभित	0
sushri	सुश्री	0
sushrut	सुश्रुत	0
sushupt	सुषुप्त	0
sushuptavastha	सुषुप्तावस्था	0
suspasht	सुस्पष्ट	0
suspend	सस्पेंड	1
suspension	सस्पेंशन	1
sussex	ससेक्स	1
sust	सुस्त	0
sustainability	सस्टेनेबिलिटी	1
susti	सुस्ती	0
suswadu	सुस्वादु	0
sut	सूत	0
suthar	सुथार	0
suthra	सुथरा	0
suti	सूती	0
sutr	सूत्र	0
sutra	सूत्र	0
sutradhar	सूत्रधार	0
sutradharon	सूत्रधारों	0
sutri	सूत्री	0
sutrikaran	सूत्रीकरण	0
sutron	सूत्रों	0
suvaa	सूवा	0
suvan	सुवान	0
suvasit	सुवासित	0
suvicharit	सुविचारित	0
suvidha	सुविधा	0
suvidhaajanak	सुविधाजनक	0
suvidhaen	सुविधाएं	0
suvidhajanak	सुविधाजनक	0
suvidhanusar	सुविधानुसार	0
suvidhaon	सुविधाओं	0
suvidhapuran	सुविधापूर्ण	0
suvidhayen	सुविधाएं	0
suvidit	सुविदित	0
suvikhyat	सुविख्यात	0
suyogy	सुयोग्य	0
suzbuz	सूझबूझ	0
suzlon	सुजलॉन	0
suzuki	सुजुकी	1
sv	एसवी	0
sva	स्व	0
svabhav	स्वभाव	0
svabhavik	स्वाभाविक	0
svachalit	स्वचालित	0
svad	स्वाद	0
svami	स्वामी	0
svamitva	स्वामित्व	0
svarn	स्वर्ण	0
svarup	स्वरूप	0
svasthya	स्वास्थ्य	0
svatantr	स्वतंत्र	0
svatantra	स्वतंत्र	0
svatantrata	स्वतंत्रता	0
svatantrataa	स्वतंत्रता	0
svayam	स्वयं	0
svikar	स्वीकार	0
swaad	स्वाद	0
swaasthya	स्वास्थ्य	0
swabhasha	स्वभाषा	0
swabhavik	स्वाभाविक	0
swabhimaan	स्वाभिमान	0
swabhiman	स्वाभिमान	0
swabhimani	स्वाभिमानी	0
swacchand	स्वच्छंद	0
swacchataa	स्वच्छता	0
swachalan	स्वचालन	0
swachchata	स्वच्छता	0
swachh	स्वच्छ	0
swachhand	स्वछंद	0
swachhata	स्वच्छता	0
swachhta	स्वच्छता	0
swad	स्वाद	0
swadesh	स्वदेश	0
swadeshi	स्वदेशी	0
swadhin	स्वाधीन	0
swadhinata	स्वाधीनता	0
swadhinta	स्वाधीनता	0
swadhyay	स्वाध्याय	0
swadisht	स्वादिष्ट	0
swagat	स्वागत	0
swaha	स्वाहा	0
swaichhik	स्वैच्छिक	0
swami	स्वामी	1
swamibhakt	स्वामिभक्त	0
swaminarayan	स्वामीनारायण	0
swamitva	स्वामित्व	0
swamitwa	स्वामित्व	0
swan	स्वान	1
swanaamdhanya	स्वनामधन्य	0
swanamdhanya	स्वनामधन्य	0
swanamdhnya	स्वनामधन्य	0
swanirmit	स्वनिर्मित	0
swaniyantrit	स्वनियंत्रित	0
swantrata	स्वतंत्रता	0
swapn	स्वप्न	0
swapna	स्वप्न	0
swapnil	स्वप्निल	0
swar	स्वर	0
swara	स्वरा	0
swaraj	स्वराज	0
swarajya	स्वराज्य	0
swaras	स्वरस	0
swarg	स्वर्ग	0
swargarohan	स्वर्गारोहण	0
swargiy	स्वर्गीय	0
swargiya	स्वर्गीय	0
swargvasi	स्वर्गवासी	0
swarn	स्वर्ण	0
swarna	स्वर्ण	0
swarojgaar	स्वरोजगार	0
swarojgar	स्वरोजगार	0
swaron	स्वरों	0
swaroop	स्वरूप	0
swarth	स्वार्थ	0
swarthi	स्वार्थी	0
swarup	स्वरूप	0
swarupanand	स्वरूपानंद	0
swarupon	स्वरूपों	0
swashasan	स्वशासन	0
swasth	स्वस्थ	0
swastha	स्वस्थ	0
swasthy	स्वास्थ्य	0
swasthya	स्वास्थ्य	0
swastik	स्वस्तिक	0
swat	स्वत	1
swatantr	स्वतंत्र	0
swatantra	स्वतंत्र	0
swatantrarup	स्वतंत्ररूप	0
swatantrata	स्वतंत्रता	0
swatantrataa	स्वंतत्रता	0
sway	स्वयं	1
swayam	स्वयं	0
swayambhu	स्वयंभू	0
swayambhuu	स्वयंभू	0
swayamseva	स्वयंसेवा	0
swayamsevi	स्वयंसेवी	0
swayatt	स्वायत्त	0
swayatta	स्वायत्त	0
swayattata	स्वायत्तता	0
swayn	स्वयं	0
sweating	स्वेटिंग	1
swed	स्वेद	1
sweden	स्वीडन	1
swedish	स्वीडिश	1
sweekar	स्वीकर	0
sweetener	स्वीटनर	1
swej	स्वेज	0
swift	स्विफ्ट	1
swikar	स्वीकार	0
swikara	स्वीकारा	0
swikari	स्वीकारी	0
swikarna	स्वीकारना	0
swikarti	स्वीकारती	0
swikarya	स्वीकार्य	0
swikaryata	स्वीकार्यता	0
swikriti	स्वीकृति	0
swikrut	स्वीकृत	0
swim	स्विम	1
swiming	स्विमिंग	0
swimming	स्विमिंग	1
swine	स्वाइन	1
swing	स्विंग	1
swiss	स्विस	1
switch	स्विच	1
switzerland	स्विट्जरलैंड	1
syahi	स्याही	0
sydney	सिडनी	1
syed	सैयद	1
symonds	सायमंड्स	1
syndrome	सिंड्रोम	1
synthesis	सिंथेसिस	1
synthesizer	सिंथेसाइजर	1
synthetic	सिंथेटिक	1
syria	सीरिया	1
syringe	सिरिंज	1
system	सिस्टम	1
ta	ता	1
taa	ता	0
taabut	ताबुत	0
taad	ताड़	0
taadaad	तादाद	0
taadaat	तादात	0
taadi	ताड़ी	0
taaj	ताज	0
taajatarin	ताजातरीन	0
taaje	ताजे	0
taajgi	ताजगी	0
taaji	ताज़ी	0
taak	ताक	0
taakat	ताकत	0
taaki	ताकि	0
taal	ताल	0
taalaa	टाला	0
taali	ताली	0
taalluk	ताल्लुक	0
taalmel	तालमेल	0
taan	तान	0
taane	ताने	0
taang	टांग	0
taange	टांगे	0
taap	ताप	0
taapmaan	तापमान	0
taapman	तापमान	0
taar	तार	0
taarikh	तारीख	0
taarkik	तार्किक	0
taas	तास	0
taash	ताश	0
taat	तात	0
taatpary	तात्पर्य	0
taatparya	तात्पर्य	0
taatvik	तात्विक	0
taazgi	ताजगी	0
taazi	ताज़ी	0
tab	तब	1
taba	तबा	0
tabadala	तबादला	0
tabadale	तबादले	0
tabah	तबाह	0
tabahi	तबाही	0
tabale	तबले	0
tabbu	तब्बू	0
tabdil	तब्दील	0
tabdili	तब्दीली	0
tabele	तबेले	0
tabhi	तभी	0
tabij	ताबीज	0
tabkon	तबकों	0
tabla	तबला	0
table	टेबल	1
tablen	टेबलें	0
tablet	टैबलेट	1
tabut	ताबुत	0
tada	टाडा	1
tadap	तड़प	0
tadapata	तड़पता	0
tadat	तादात	0
tadbhav	तद्भव	0
tadka	ताड़का	0
tadoprant	तदोपरांत	0
tag	टैग	1
tagadi	तगड़ी	0
tagore	टैगोर	0
tah	तह	0
tahal	टहल	0
tahala	टहला	0
tahalana	टहलना	0
tahan	तहाँ	0
tahaniyon	टहनियों	0
tahar	तहर	0
tahat	तहत	0
tahil	ताहिल	0
tahir	ताहिर	0
tahiya	ताहिया	0
tahkhane	तहखाने	0
tahlane	टहलने	0
tahrir	तहरीर	0
tahsil	तहसील	0
tahsilon	तहसीलों	0
tai	ताई	1
tail	तैल	1
tailang	तैलंग	0
tailor	टेलर	1
taimur	तैमूर	0
tainat	तैनात	0
tainati	तैनाती	0
tainko	टैंको	0
taipei	ताइपे	1
tair	तैर	0
tairak	तैराक	0
tairaki	तैराकी	0
tairane	तैरने	0
tairate	तैरते	0
tairkar	तैरकर	0
tairna	तैरना	0
tairne	तैरने	0
tairta	तैरता	0
tairte	तैरते	0
tairti	तैरती	0
taisa	तैसा	0
taisi	तैसी	0
taiwan	ताइवान	1
taiyaar	तैयार	0
taiyar	तैयार	0
taiyari	तैयारी	0
taiyariyon	तैयारियों	0
taj	ताज	1
taja	ताजा	0
tajatarin	ताजातरीन	0
taji	ताजी	0
tajikistan	ताजिकिस्तान	1
tajurba	तजुर्बा	0
tajurbe	तजुर्बे	0
tak	तक	1
taka	तक	0
takao	टकाओ	1
takat	ताकत	0
takatvar	ताकतवर	0
takbir	तकबीर	0
take	टके	1
takhne	टखने	0
takht	तख्त	0
takhta	तख्ता	0
takhtapalat	तख्तापलट	0
takhtiyan	तख्तियां	0
takhtiyon	तख्तियों	0
takhton	तख्तों	0
taki	ताकि	1
takiae	तकिए	0
takkar	टक्कर	0
taklif	तकलीफ	0
taklifen	तकलीफें	0
taknik	तकनीक	0
takniken	तकनीकें	0
takniki	तकनीकी	0
taknikon	तकनीकों	0
taknishiyan	तकनीशियन	0
takraai	टकराई	0
takraav	टकराव	0
takrae	टकराए	0
takrati	टकराती	0
takraya	टकराया	0
takriban	तकरीबन	0
taksaal	टकसाल	0
taksal	टकसाल	0
takshak	तक्षक	0
takshashila	तक्षशिला	0
takshila	तक्षशिला	0
taksim	तकसीम	0
takta	ताकता	0
takton	ताकतों	0
tal	तल	1
tala	ताला	0
talaa	तला	0
talaab	तालाब	0
talaak	तलाक	0
talaash	तलाश	0
talab	तालाब	0
talabon	तालाबों	0
talahati	तलहटी	0
talaiya	तलैया	0
talak	तलाक	0
talash	तलाश	0
talashane	तलाशने	0
talashata	तलाशता	0
talashate	तलाशते	0
talashi	तलाशी	0
talat	तलत	0
talchhaton	तलछटों	0
tale	टाले	1
talegaon	तलेगांव	0
tali	ताली	0
talib	तालिब	0
taliban	तालिबान	1
talibaniyon	तालिबानियों	0
talika	तालिका	0
talikaon	तालिकाओं	0
talim	तालीम	0
taliyon	तालियों	0
talk	टॉक	1
talkar	तलकर	0
talkatora	तालकटोरा	0
talkhi	तल्खी	0
talkie	टॉकी	1
talkies	टॉकीज	1
tall	टाल	1
talle	तल्ले	0
talluk	ताल्लुक	0
talluka	ताल्लुका	0
talmatol	टालमटोल	0
talmel	तालमेल	0
talon	तलों	1
talpade	तलपड़े	0
talsaniya	तलसानिया	0
talta	टालता	0
taluk	तालुक	0
taluka	तालुका	0
talukadar	तालुकदार	0
talukaon	तालुकाओं	0
talvaar	तलवार	0
talvada	तलवाड़ा	0
talvalkar	तलवलकर	0
talvaron	तलवारों	0
talwandi	तलवंडी	0
talwar	तलवार	0
talwaron	तलवारों	0
tam	तम	1
tamaam	तमाम	0
tamacha	तमाचा	0
tamanche	तमंचे	0
tamanna	तमन्ना	0
tamas	तमस	1
tamasha	तमाशा	0
tamashe	तमाशे	0
tamatar	टमाटर	0
tamater	टमाटर	0
tambaku	तंबाकू	0
tamboli	तंबोली	0
tamil	तमिल	1
tamilnadu	तमिलनाडु	0
tamilon	तमिलों	0
tamim	तमीम	0
tamjham	तामझाम	0
tamrapatra	ताम्रपत्र	0
tamta	टम्टा	0
tamzam	तामझाम	0
tan	टन	1
tana	तना	0
tanashah	तानाशाह	0
tanashahi	तानाशाही	0
tanatani	तनातनी	0
tanav	तनाव	0
tanavon	तनावों	0
tanay	तनय	0
tanba	तांबा	0
tandav	तांडव	0
tandon	टंडन	1
tandoori	तंदूरी	1
tane	तने	0
tang	तंग	1
tange	टांगे	1
tangi	टंगी	0
tango	टैंगो	1
tangon	टांगों	0
tanik	तनिक	0
taniya	तानिया	0
tanjaniya	तंजानिया	0
tank	टैंक	1
tankan	टंकण	1
tankar	टैंकर	0
tanker	टैंकर	1
tanki	टंकी	0
tankiyon	टंकियों	0
tankon	टैंकों	0
tanmay	तन्मय	0
tanna	तन्ना	0
tanon	तनों	0
tantan	टांटन	0
tantr	तंत्र	0
tantra	तंत्र	0
tantrik	तांत्रिक	0
tantrika	तंत्रिका	0
tantrikapeshi	तंत्रिकापेशी	0
tantu	तंतु	0
tantuon	तंतुओं	0
tanu	तनु	1
tanuj	तनुज	0
tanuja	तनुजा	0
tanvi	तनवी	0
tanvir	तनवीर	0
tanwar	तंवर	0
tanzania	तंजानिया	1
tap	तप	1
tapak	तपाक	0
tapasvi	तपस्वी	0
tapasviyon	तपस्वियों	0
tapasya	तपस्या	0
tape	टेप	1
tapedik	तपेदिक	0
tapes	टेप्स	1
tapkram	तापक्रम	0
tapman	तापमान	0
tapmapi	तापमापी	0
tapovan	तपोवन	0
tappal	टप्पल	0
tapri	टपरी	0
tapsi	तापसी	0
tapsya	तपस्या	0
tapt	तप्त	0
tapu	टापू	0
tar	तार	1
tara	तारा	1
taraar	तरार	0
taraf	तरफ	0
taragadh	तारागढ़	0
tarah	तरह	0
taraha	तरह	0
tarai	तराई	0
tarain	तराइन	0
tarak	तारक	0
tarakki	तरक्की	0
taral	तरल	0
taramandal	तारामंडल	0
taran	तरण	0
tarang	तरंग	0
taranga	तरंगा	0
tarangon	तरंगों	0
taranjeet	तरनजीत	0
tarantaal	तरणताल	0
tarapith	तारापीठ	0
tarapur	तारापुर	0
tarasta	तरसता	0
tarbuj	तरबूज	0
tare	तारे	0
target	टार्गेट	1
tari	तारी	0
tarif	तारीफ	0
tarik	तारिक	0
tarika	तरीका	0
tarikaa	तरीका	0
tarike	तरीके	0
tarikh	तारीख	0
tarikhen	तारीखें	0
tarikhon	तारीखों	0
tarikon	तरीकों	0
tarim	तारिम	0
tarj	तर्ज	0
tarjani	तर्जनी	0
tark	तर्क	0
tarkari	तरकारी	0
tarkash	तरकश	0
tarkeebon	तरकीबों	0
tarkik	तार्किक	0
tarkpurn	तर्कपूर्ण	0
tarksammat	तर्कसम्मत	0
tarksangat	तर्कसंगत	0
tarksheel	तर्कशील	0
tarkyukt	तर्कयुक्त	0
tarlata	तरलता	0
taro	तारो	1
taron	तारों	0
tarpan	तर्पण	0
tarpido	तारपीडो	0
tarte	तरते	1
tarun	तरुण	0
tasakeen	तसकीन	0
tasdik	तस्दीक	0
tashan	टशन	0
tashkand	ताशकन्द	0
tashtari	तश्तरी	0
task	टास्क	1
taskar	तस्कर	0
taskari	तस्करी	0
taskaron	तस्करों	0
taskin	तसकीन	0
tasking	टास्किंग	1
taslima	तस्लीमा	0
tasmai	तस्मै	0
tasmania	तस्मानिया	1
tasmaniyai	तस्मानियाई	0
tasnim	तसनीम	0
tasveer	तसवीर	0
tasvir	तस्वीर	0
tasviren	तस्वीरें	0
tasviro	तस्वीरो	0
tasviron	तस्वीरों	0
tat	तट	1
tata	टाटा	1
tataa	तता	0
tatar	तातार	1
tatasth	तटस्थ	0
tate	ताते	1
tatha	तथा	0
tathaa	तथा	0
tathagat	तथागत	0
tathakathit	तथाकथित	0
tathakthit	तथाकथित	0
tathapi	तथापि	0
tathis	टॅथिस	0
tathy	तथ्य	0
tathya	तथ्य	0
tathygat	तथ्यगत	0
tathyo	तथ्यों	0
tathyon	तथ्यों	0
tatiy	तटीय	0
tatkal	तत्काल	0
tatkalik	तात्कालिक	0
tatkalin	तत्कालीन	0
tatolate	टटोलते	0
taton	तटों	0
tatoo	टैटू	0
tatpar	तत्पर	0
tatparta	तत्परता	0
tatparya	तात्पर्य	0
tatpashchat	तत्पश्चात	0
tatra	टाट्रा	1
tatsth	तटस्थ	0
tattapani	तत्तापानी	0
tattoo	टैटू	1
tattvon	तत्त्वों	0
tatv	तत्व	0
tatva	तत्व	0
tatvadhan	तत्वाधान	0
tatvarti	तटवर्ती	0
tatvgyan	तत्वज्ञान	0
tatvo	तत्वों	0
tatvon	तत्वों	0
tatwa	तत्व	0
tauba	तौबा	0
tauji	ताऊजी	0
tauliya	तौलिया	0
taur	तौर	0
taurani	तौरानी	0
tauu	ताऊ	0
tav	तव	0
tavleen	तवलीन	0
tawang	तवांग	0
tax	टैक्स	1
taxi	टैक्सी	1
taxion	टैक्सियों	0
taxiway	टैक्सीवे	1
taxiyon	टैक्सियों	0
tay	तय	1
taya	तया	0
tayar	तैयार	0
taylor	टायलर	1
tayyab	तय्यब	0
tb	टीबी	1
tcp	टीसीपी	0
tcs	टीसीएस	0
tds	टीडीएस	0
te	ते	1
teachers	टीचर्स	1
team	टीम	1
teamen	टीमें	0
teamo	टीमों	0
teamon	टीमों	0
tear	टियर	1
tech	टेक	1
technician	तकनीशियन	1
technics	टेक्नीक्स	1
technological	टेक्नोलॉजिकल	1
technology	टेक्नोलॉजी	1
tectonic	टेक्टोनिक	1
ted	टेड	1
teej	तीज	0
teekha	तीखा	0
teekhe	तीखे	0
teekhi	तीखी	0
teele	टीले	1
teem	टीम	1
teen	तीन	1
teeno	तीनों	0
teenon	तीनों	0
teep	टीप	0
teerth	तीर्थ	0
tees	तीस	1
teesra	तीसरा	0
teesre	तीसरे	0
teesri	तीसरी	0
teetar	तीतर	0
teh	तह	0
tehat	तहत	0
tehran	तेहरान	1
tehri	टिहरी	0
tei	तेई	0
tej	तेज	0
teja	तेजा	0
tejas	तेजस	1
tejasvi	तेजस्वी	0
teji	तेजी	0
tejomahalay	तेजोमहालय	0
teka	टेका	0
tekal	टेकल	0
tekari	टेकारी	0
teken	टेकेन	0
tekne	टेकने	0
teko	टैको	0
tel	तेल	1
telangana	तेलंगाना	0
telecommunication	टेलीकम्युनिकेशन	1
telegraph	टेलीग्राफ	1
telenor	टेलीनॉर	0
telephone	टेलीफोन	1
teleservices	टेलीसर्विसेज	0
television	टेलीविजन	1
telugu	तेलुगु	1
tempo	टेंपो	1
ten	टेन	1
tenali	तेनाली	0
tendon	टेंडन	1
tendue	तेंदुए	0
tenduon	तेंदुओं	0
tendupatta	तेंदूपत्ता	0
tennis	टेनिस	1
tepon	टेपों	0
tera	तेरा	0
terabyte	टेराबाइट	1
terah	तेरह	0
tere	तेरे	0
teresa	टेरेसा	1
teri	तेरी	1
terminal	टर्मिनल	1
termination	टर्मिनेशन	1
terminator	टर्मिनेटर	1
terminus	टर्मिनस	1
terracotta	टेराकोटा	1
terrier	टेरियर	1
terror	टेरर	1
terrorist	टेररिस्ट	1
test	टेस्ट	1
testament	टेस्टामेंट	1
tetanus	टिटेनस	1
tetra	टेट्रा	1
texas	टेक्सस	1
text	टैक्स्ट	1
textiles	टेक्सटाइल्स	1
teyyam	तेय्यम	0
tez	तेज़	0
tezi	तेज़ी	0
th	थ	1
tha	था	0
thaa	था	0
thaakre	ठाकरे	0
thaali	थाली	0
thag	ठग	0
thahar	ठहर	0
thahara	ठहरा	0
thaharate	ठहरते	0
thahare	ठहरे	0
thahrane	ठहराने	0
thahrav	ठहराव	0
thahraya	ठहराया	0
thai	थाई	1
thailand	थाईलैंड	1
thak	थक	0
thakan	थकान	0
thakane	थकाने	0
thakavat	थकावट	0
thakeriya	ठकेरिया	0
thakka	थक्का	0
thakna	थकना	0
thakre	ठाकरे	0
thakur	ठाकुर	0
thal	थल	1
thala	थाला	0
thalag	थलग	0
thalassemia	थैलीसीमिया	0
thali	थाली	0
thalruddh	थलरुद्ध	0
thalsena	थलसेना	0
tham	थम	1
thama	थामा	0
thamaa	थमा	0
thame	थामे	0
thamen	थमें	0
than	ठान	1
thana	थाना	0
thanadhyaksh	थानाध्यक्ष	0
thand	ठंड	0
thanda	ठंडा	0
thandai	ठंडाई	0
thandak	ठंडक	0
thande	ठंडे	0
thandi	ठंडी	0
thane	थाने	1
thanedar	थानेदार	0
thanka	ठनका	0
thanon	थानों	0
thap	ठप	0
thapa	थापा	0
thapar	थापर	0
thapliyal	थपलियाल	0
thappad	थप्पड़	0
thar	थार	1
tharo	थारो	0
tharra	थर्रा	0
tharu	थारू	0
tharur	थरूर	0
thas	ठस	0
thasak	ठसक	0
that	दैट	1
thatta	थट्टा	0
the	थे	1
thee	थी	1
theek	ठीक	0
theka	ठेका	0
theke	ठेके	0
thekedaar	ठेकेदार	0
thekedar	ठेकेदार	0
thekedaron	ठेकेदारों	0
thekua	ठेकुआ	0
thel	ठेल	0
thele	ठेले	0
theme	थीम	1
themes	थीम्स	1
thems	थीम्स	0
then	थें	1
theorem	थ्योरम	1
theory	थिअरी	1
thermo	थर्मो	1
thermonuclear	थर्मोन्यूक्लियर	1
thermoplastic	थर्मोप्लास्टिक	1
thervad	थेरवाद	0
thes	ठेस	0
thesis	थीसिस	1
theth	ठेठ	0
thi	थी	1
thik	ठीक	0
thikana	ठिकाना	0
thikanon	ठिकानों	0
thikare	ठीकरे	0
thim	थीं	0
thin	थीं	1
third	थर्ड	1
thirkate	थिरकते	0
thiruvananthapuram	तिरुवनंतपुरम	0
thiya	थिया	0
thiyodor	थियोडोर	0
tho	थो	1
thob	थोब	0
thoda	थोड़ा	0
thode	थोड़े	1
thodi	थोड़ी	0
thok	थोक	0
thoka	ठोका	0
thokar	ठोकर	0
thokron	ठोकरों	0
thomas	थॉमस	1
thomson	थॉमसन	1
thop	थोप	0
thopate	थोपते	0
thorium	थोरियम	1
thos	ठोस	0
thoson	ठोसों	0
thotha	थोथा	0
thread	थ्रेड	1
threat	थ्रेट	1
thriller	थ्रिलर	1
throat	थ्रोट	1
throw	थ्रो	1
thuka	थूका	0
thukana	थूकना	0
thukrae	ठुकराए	0
thukraye	ठुकराए	0
thulla	ठुल्ला	0
thumba	थुंबा	0
thunder	थंडर	1
thunderbird	थंडरबर्ड	1
thuthan	थूथन	0
thyen	थ्येन	0
thyroid	थायरॉइड	1
tibbat	तिब्बत	0
tibbati	तिब्बती	0
tibbet	तिब्बत	0
tibet	तिब्बत	1
ticket	टिकट	1
tiddi	टिड्डी	0
tie	टाई	1
tiebreaker	टाईब्रेकर	0
tiger	टाइगर	1
tigers	टाइगर्स	1
tiguna	तिगुना	0
tihad	तिहाड़	0
tihai	तिहाई	0
tihara	तिहरा	0
tijaarat	तिजारत	0
tijarat	तिजारत	0
tijarawala	तिजारावाला	0
tijori	तिजोरी	0
tijoriyon	तिजोरियों	0
tik	टीक	0
tika	टीका	0
tikakar	टीकाकार	0
tikakaron	टीकाकारों	0
tikal	टिकल	0
tikam	टीकम	0
tikari	टीकरी	0
tikat	टिकट	0
tikau	टिकाउ	0
tikauu	टिकाऊ	0
tikdi	तिकड़ी	0
tike	टीके	1
tikhur	तीखुर	0
tikiya	टिकिया	0
tikki	टिक्की	0
tikri	टिकरी	0
tiku	टीकू	0
til	तिल	1
tila	टीला	0
tilak	तिलक	0
tilakdhari	तिलकधारी	0
tilbhandeshwar	तिलभांडेश्वर	0
tile	टीले	1
tiles	टाइल्स	1
tilhan	तिलहन	0
tilhani	तिलहनी	0
tili	तीली	0
tilism	तिलिस्म	0
tilismi	तिलिस्मी	0
tilkut	तिलकुट	0
tilli	तिल्ली	0
tiloi	तिलोई	0
tilon	टीलों	0
tim	टिम	1
time	टाईम	1
timekeeper	टाइमकीपर	0
timeline	टाइमलाइन	1
times	टाइम्स	1
timor	तिमोर	1
timothi	टिमोथी	0
tin	तीन	1
tina	टीना	1
tino	तीनो	1
tinsukiya	तिनसुकिया	0
tinto	टिंटो	1
tip	टीप	1
tipahiya	तिपहिया	0
tipathi	त्रिपाठी	0
tippani	टिप्पणी	0
tippaniyon	टिप्पणियों	0
tipu	टीपू	0
tiranga	तिरंगा	0
tirange	तिरंगे	0
tirangi	तिरंगी	0
tiraskar	तिरस्कार	0
tirchhi	तिरछी	0
tirhut	तिरहुत	0
tiriya	तिरिया	0
tirpal	तिरपाल	0
tirth	तीर्थ	0
tirthankar	तीर्थंकर	0
tirthkar	तीर्थंकर	0
tirtho	तीर्थो	0
tirthon	तीर्थों	0
tirthsthal	तीर्थस्थल	0
tirthsthalon	तीर्थस्थलों	0
tiru	तिरु	0
tirumala	तिरुमला	0
tirupati	तिरुपति	0
tiruvanantpuram	तिरुवनंतपुरम	0
tiruvannamalai	तिरुवन्नामलाई	0
tirwa	तिर्वा	0
tis	तीस	1
tisara	तीसरा	0
tisare	तीसरे	0
tisari	तीसरी	0
tisi	तीसी	0
tiska	टिस्का	0
tisra	तीसरा	0
tisre	तीसरे	0
tisri	तीसरी	0
tissues	टिशूज	1
titali	तितली	0
titanium	टाइटेनियम	1
titar	तीतर	0
tithi	तिथि	0
tithiyon	तिथियों	0
title	टाइटल	1
titles	टाइटल्स	1
titliyon	तितलियों	0
tivr	तीव्र	0
tivra	तीव्र	0
tivragami	तीव्रगामी	0
tivrata	तीव्रता	0
tiwadi	तिवाड़ी	0
tiyan	तियान	0
tk	टीक	0
to	तो	1
toast	टोस्ट	1
tobacco	टोबेको	1
tod	तोड़	1
toda	टोडा	1
todarmal	टोडरमल	0
today	टुडे	1
todd	टॉड	1
tode	तोड़े	0
todfod	तोड़फोड़	0
todi	तोड़ी	0
todkar	तोड़कर	0
todna	तोड़ना	0
todne	तोडने	0
todta	तोड़ता	0
todte	तोडते	0
together	टूगेदर	1
tok	टॉक	0
tokariyon	टोकरियों	0
tokri	टोकरी	0
tokyo	टोक्यो	1
tol	तोल	1
tola	तोला	0
tolan	तोलन	1
tole	तोले	1
tolerance	टॉलरेंस	1
toli	टोली	0
toliyon	टोलियों	0
toll	टोल	1
tolo	टोलो	0
tom	टॉम	1
tomar	तोमर	0
tomaron	तोमरों	0
tommy	टॉमी	1
ton	टन	1
tone	टोन	1
toner	टोनर	1
toni	टोनी	1
tonk	टोंक	1
tonsil	टॉन्सिल	1
tony	टोनी	1
toofan	तूफ़ान	0
toofani	तूफानी	0
tool	टूल	1
toolbar	टूलबार	1
toot	टूट	1
toothpick	टूथपिक	1
top	टॉप	1
tope	टोपे	1
topen	तोपें	0
topi	टोपी	0
topless	टॉपलेस	1
topon	तोपों	0
tor	तोर	1
torai	तोरई	0
toran	तोरण	1
torch	टॉर्च	1
tore	तोरे	1
torento	टोरंटो	0
tores	टॉरेस	0
tori	तोड़ी	1
torrent	टॉरेंट	1
torrento	टोरंटो	0
toss	टॉस	1
totapuri	तोतापुरी	0
tote	तोते	1
totka	टोटका	0
totkon	टोटकों	0
toton	तोतों	0
tottenham	टोटेनहैम	1
touch	टच	1
touching	टचिंग	1
touchpad	टचपैड	0
tour	टूर	1
tourist	टूरिस्ट	1
tournament	टूर्नामेंट	1
towards	टुवर्ड्स	1
tower	टॉवर	1
toweron	टावरों	0
town	टाउन	1
toxic	टॉक्सिक	1
toy	टॉय	1
toyota	टोयोटा	1
toys	टोड्स	1
track	ट्रैक	1
tracking	ट्रैकिंग	1
tracks	ट्रैक्स	1
tractor	ट्रैक्टर	1
tractors	ट्रैक्टर्स	1
trade	ट्रेड	1
trader	ट्रेडर	1
traders	ट्रेडर्स	1
trading	ट्रेडिंग	1
tradon	ट्रेडों	0
traffic	ट्रैफिक	1
tragedy	ट्रेजेडी	1
trail	ट्रेल	1
trailer	ट्रेलर	1
trails	ट्रेल्स	1
train	ट्रेन	1
trainen	ट्रेनें	0
trainer	ट्रेनर	1
training	ट्रेनिंग	1
traino	ट्रेनों	0
trali	ट्राली	0
tram	ट्राम	1
trama	ट्रामा	0
trans	ट्रांस	1
transatlantic	ट्रांसअटलांटिक	1
transfer	ट्रांसफर	1
transform	ट्रांसफॉर्म	1
transformer	ट्रांसफॉर्मर	1
transit	ट्रांसिट	1
translate	ट्रांसलेट	1
transmission	ट्रांसमिशन	1
transparency	ट्रांसपेरेंसी	1
transponder	ट्रांसपोंडर	1
transport	ट्रांसपोर्ट	1
transportation	ट्रांसपोर्टेशन	1
trap	ट्रेप	1
trasad	त्रासद	0
trast	त्रस्त	0
travel	ट्रैवल	1
travels	ट्रेवल्स	1
travis	ट्रैविस	1
tray	ट्रे	1
trayodashi	त्रयोदशी	0
treadmill	ट्रेडमिल	1
treasure	ट्रेजर	1
trench	ट्रेंच	1
trend	ट्रेंड	1
treta	त्रेता	0
tri	त्रि	1
triaayami	त्रिआयामी	0
trial	ट्रायल	1
tribal	ट्राइबल	1
tribhuj	त्रिभुज	0
tribhuvan	त्रिभुवन	0
tribune	ट्रिब्यून	1
trichur	त्रिचूर	0
trident	ट्रिडेंट	1
tridev	त्रिदेव	0
trigger	ट्रिगर	1
trijya	त्रिज्या	0
trik	त्रिक	0
trikon	त्रिकोण	0
trikonamiti	त्रिकोणमिति	0
trikut	त्रिकूट	0
trikuta	त्रिकुटा	0
trillion	ट्रिलियन	1
trilochan	त्रिलोचन	0
triloki	त्रिलोकी	0
trilokpuri	त्रिलोकपुरी	0
trimming	ट्रिमिंग	1
trinagar	त्रिनगर	0
trinidad	ट्रिनिडाड	1
triniti	ट्रिनिटी	0
trinity	ट्रिनिटी	1
trinkomali	त्रिंकोमाली	0
tripathi	त्रिपाठी	0
triple	ट्रिपल	1
tripoli	त्रिपोली	1
tripoliya	त्रिपोलिया	0
trips	ट्रिप्स	1
tript	तृप्त	0
tripur	त्रिपुर	0
tripura	त्रिपुरा	0
tripuri	त्रिपुरी	0
triratn	त्रिरत्न	0
trisha	त्रिशा	1
trishanku	त्रिशंकु	0
trishna	तृष्णा	0
trishul	त्रिशूल	0
trishuli	त्रिशूली	0
trishur	त्रिशूर	0
trisur	त्रिसूर	0
tritiy	तृतीय	0
tritiya	तृतीया	0
triton	ट्राइटन	1
trivedi	त्रिवेदी	1
trivendram	त्रिवेंद्रम	0
triveni	त्रिवेणी	0
trojan	ट्रोजन	1
trolley	ट्रॉली	1
trolly	ट्राली	0
trophy	ट्रॉफी	1
tropical	ट्रॉपिकल	1
trouble	ट्रबल	1
troy	ट्रॉय	1
truck	ट्रक	1
true	ट्रू	1
trump	ट्रंप	1
trust	ट्रस्ट	1
trustij	ट्रस्टीज	0
truston	ट्रस्टों	0
trusty	ट्रस्टी	1
truti	त्रुटि	0
trutipurn	त्रुटिपूर्ण	0
trutiya	तृतीया	0
trutiyan	त्रुटियां	0
trutiyon	त्रुटियों	0
tsang	त्सांग	1
tshirt	टीशर्ट	0
tso	त्सो	1
tt	टीटी	0
tu	तू	1
tuar	तुअर	0
tube	ट्यूब	1
tuchchh	तुच्छ	0
tudu	टुडू	0
tudva	तुड़वा	0
tudwa	तुड़वा	0
tufan	तूफ़ान	0
tufani	तूफानी	0
tujh	तुझ	0
tujhe	तुझे	0
tujhko	तुझको	0
tuk	टूक	1
tukadon	टुकड़ों	0
tukda	टुकड़ा	0
tukde	टुकड़े	0
tukdi	टुकड़ी	0
tuki	तुकी	0
tukoji	तुकोजी	0
tukra	टुकड़ा	0
tuktuk	टुकटुक	0
tul	तुल	0
tula	तुला	1
tulana	तुलना	0
tularam	तुलाराम	0
tule	तुले	0
tulna	तुलना	0
tulnatmak	तुलनात्मक	0
tulsa	तुलसा	1
tulsi	तुलसी	0
tulsidas	तुलसीदास	0
tulsighat	तुलसीघाट	0
tulsipur	तुलसीपुर	0
tulu	तुलु	0
tulya	तुल्य	0
tum	तुम	0
tuman	तुमान	1
tumhara	तुम्हारा	0
tumhari	तुम्हारी	0
tumhen	तुम्हें	0
tumi	तुमि	0
tumko	तुमको	0
tumor	ट्यूमर	1
tuna	टूना	1
tunak	तुनक	0
tune	तूने	1
tung	तुंग	1
tungbhadra	तुंगभद्रा	0
tunnel	टनल	1
turai	तुरई	0
turant	तुरंत	0
turanta	तुरन्त	0
turbat	तुरबत	0
turbine	टर्बाइन	1
turbo	टर्बो	1
turhi	तुरही	0
turk	तुर्क	1
turkauliya	तुरकौलिया	0
turkey	टर्की	1
turki	तुर्की	0
turkistan	तुर्किस्तान	0
turkman	तुर्कमान	0
turkmenistan	तुर्कमेनिस्तान	1
turn	टर्न	1
turner	टर्नर	1
turnover	टर्नओवर	1
turuk	तुरुक	0
tusad	तुसाद	0
tushar	तुषार	0
tusu	टुसु	0
tut	टूट	1
tuta	टूटा	0
tutana	टूटना	0
tute	टूटे	0
tutega	टूटेगा	0
tuti	टूटी	0
tuticorin	तूतीकोरिन	0
tutne	टूटने	0
tutorial	ट्यूटोरियल	1
tuvalu	तुवालु	1
tv	टीवी	1
tvacha	त्वचा	0
tvarit	त्वरित	0
tvc	टीवीसी	0
twarak	त्वरक	0
tweet	ट्वीट	1
twenty	ट्वेंटी	1
twin	ट्विन	1
twinkle	ट्विंकल	1
twins	ट्विंस	1
twist	ट्विस्ट	1
twister	ट्विस्टर	1
twitter	टि्वटर	1
two	टू	1
tyaag	त्याग	0
tyag	त्याग	0
tyagi	त्यागी	0
tyagpatra	त्यागपत्र	0
tyagta	त्यागता	0
tyajya	त्याज्य	0
tyar	त्यार	0
tyler	टाइलर	1
tyohaar	त्यौहार	0
tyohar	त्योहार	0
tyoharon	त्योहारों	0
tyon	त्यों	0
type	टाइप	1
typewriter	टाइपराइटर	1
typhoid	टाइफाइड	1
typing	टाइपिंग	1
tyre	टायर	1
tyson	टायसन	1
u	ऊ	1
ub	ऊब	0
ubaale	उबाले	0
ubaalkar	उबालकर	0
ubad	ऊबड़	0
ubadkhabad	ऊबड़खाबड़	0
ubal	उबल	0
ubale	उबाले	0
ubali	उबली	0
uber	उबर	1
ubhar	उभर	0
ubhara	उभरा	0
ubharane	उभरने	0
ubharani	उभरनी	0
ubharate	उभरते	0
ubharati	उभारती	0
ubhari	उभरी	0
ubharkar	उभरकर	0
ubharta	उभरता	0
ubharte	उभरते	0
ubharti	उभरती	0
ubhay	उभय	0
ubhaylingi	उभयलिंगी	0
ubhra	उभरा	0
ubhre	उभरे	0
uble	उबले	0
ubs	यूबीएस	0
uc	यूसी	0
ucch	उच्च	0
ucchalna	उछलना	0
ucchalte	उछलते	0
uccharan	उच्चारण	0
ucchtam	उच्चतम	0
uchal	उछाल	0
uchch	उच्च	0
uchchayog	उच्चायोग	0
uchehara	उचेहरा	0
uchh	उच्च	0
uchhal	उछाल	0
uchhali	उछाली	0
uchharan	उच्चारण	0
uchharit	उच्चारित	0
uchit	उचित	0
ud	उड़	0
uda	उड़ा	0
udaa	उड़ा	0
udaaharan	उदाहरण	0
udaan	उड़ान	0
udaas	उदास	0
udaasi	उदासी	0
udaharan	उदाहरण	0
udaharana	उदाहरण	0
udaharanon	उदाहरणों	0
udaharanswarup	उदाहरणस्वरूप	0
udaharnon	उदाहरणों	0
udaipur	उदयपुर	0
udan	उड़ान	0
udana	उड़ना	0
udane	उड़ने	0
udar	उदार	0
udarikaran	उदारीकरण	0
udarta	उदारता	0
udarvad	उदारवाद	0
udarvadi	उदारवादी	0
udasin	उदासीन	0
udate	उड़ते	0
udati	उड़ती	0
udatt	उदात्त	0
udava	उड़वा	0
uday	उदय	1
udaya	उड़ाया	0
udayan	उदयन	0
udaybhan	उदयभान	0
udaypur	उदयपुर	0
udaysingh	उदयसिंह	0
udayveer	उदयवीर	0
udbhav	उद्भव	0
uddalak	उद्दालक	0
uddayan	उड्डयन	0
uddeshika	उद्देशिका	0
uddeshy	उद्देश्य	0
uddeshya	उद्देश्य	0
uddeshyon	उद्देश्यों	0
uddham	उद्धत	0
uddhar	उद्धार	0
uddharan	उद्धरण	0
uddhav	उद्धव	0
uddin	उद्दीन	1
uddipak	उद्दीपक	0
uddipan	उद्दीपन	0
uddyan	उड्डयन	0
udgam	उदगम	0
udgaron	उद्गारों	0
udghaatan	उदघाटन	0
udghatan	उदघाटन	0
udghatit	उद्घाटित	0
udghoshna	उद्घोषणा	0
udhampur	उधमपुर	0
udhar	उधर	0
udhyog	उद्योग	0
udi	उड़ी	0
udisa	उड़ीसा	0
udit	उदित	0
udiya	उड़िया	0
udupi	उडुपी	0
udwigna	उद्विग्न	0
udyaan	उद्यान	0
udyam	उद्यम	0
udyamita	उद्यमिता	0
udyamon	उद्यमों	0
udyamsheelta	उद्यमशीलता	0
udyan	उद्यान	0
udyanon	उद्यानों	0
udyapan	उद्यापन	0
udyog	उद्योग	0
udyoga	उद्योग	0
udyogon	उद्योगों	0
udyogpatiyon	उद्योगपतियों	0
uefa	यूईएफए	0
ufaan	उफान	0
ugaen	उगाएं	0
ugai	उगाई	0
ugale	उगले	0
ugalney	उगलना	0
ugalta	उगलता	0
ugalva	उगलवा	0
ugane	उगने	0
ugate	उगते	0
ugaya	उगाया	0
ugc	यूजीसी	0
uge	उगे	0
ugg	उग	0
ugr	उग्र	0
ugra	उग्र	0
ugrata	उग्रता	0
ugravaad	उग्रवाद	0
ugta	उगता	0
ugte	उगते	0
ui	यूआई	1
ujad	उजड़	0
ujagar	उजागर	0
ujala	उजाला	0
ujbekistan	उज़्बेकिस्तान	0
ujda	उजड़ा	0
ujdi	उजड़ी	0
ujjain	उज्जैन	0
ujjaval	उज्जवल	0
ujjawal	उज्जवल	0
ujjayini	उज्जयिनी	0
ujjval	उज्ज्वल	0
ujjwal	उज्जवल	0
uk	यूके	1
uker	उकेर	0
ukerne	उकेरने	0
ukerte	उकेरते	0
ukhad	उखाड़	0
ukhimath	उखीमठ	0
ukraine	युक्रेन	1
ukraini	यूक्रेनी	0
uksaane	उकसाने	0
uksae	उकसाए	0
uksane	उकसाने	0
uksata	उकसाता	0
uksate	उकसाते	0
uksati	उकसाती	0
uksaye	उकसाए	0
ukt	उक्त	0
ukta	उकता	0
ukti	उक्ति	0
ul	उल	1
ulajh	उलझ	0
ulajhna	उलझना	0
ulanghan	उलंघन	0
ulcer	अल्सर	1
ulfa	उल्फा	0
uljha	उलझा	0
uljhan	उलझन	0
uljhane	उलझने	0
uljhanon	उलझनों	0
uljhe	उलझे	0
ulka	उल्का	0
ulla	उल्ला	0
ullal	उल्लाल	0
ullanghan	उल्लंघन	0
ullanghankarta	उल्लंघनकर्ता	0
ullas	उल्लास	0
ullekh	उल्लेख	0
ullekhaniy	उल्लेखनीय	0
ullekhniya	उल्लेखनीय	0
ullikhit	उल्लिखित	0
ullu	उल्लू	0
ulma	उल्मा	0
ulta	उल्टा	0
ulti	उलटी	0
ultimate	अल्टीमेट	1
ultiyon	उल्टियों	0
ultra	अल्ट्रा	1
ultrasound	अल्ट्रासाउंड	1
ultraviolet	अल्ट्रावायलेट	1
uluk	उलूक	0
uma	उमा	1
umad	उमड़	0
umang	उमंग	0
umangon	उमंगों	0
umar	उमर	0
umara	उमर	0
umaria	उमरिया	0
umayyad	उमय्यद	0
umbrella	अंब्रेला	1
umda	उम्दा	0
umeed	उम्मीद	0
uml	यूएमएल	0
ummedsingh	उम्मेदसिंह	0
ummedwar	उम्मीदवार	0
ummedwaron	उम्मीदवारों	0
ummid	उम्मीद	0
ummiden	उम्मीदें	0
ummidvar	उम्मीदवार	0
umpire	अंपायर	1
umr	उम्र	0
umra	उम्र	0
umrabhar	उम्रभर	0
umrao	उमराव	0
umrav	उमराव	0
un	उन	1
una	उन	1
unaka	उनका	0
unake	उनके	0
unaki	उनकी	0
unan	यूनान	0
unane	उनने	0
unani	यूनानी	0
unbreakable	अनब्रेकेबल	1
unch	ऊंच	0
uncha	ऊंचा	0
unchaai	ऊंचाई	0
unchai	ऊंचाई	0
unchaiyon	ऊंचाइयों	0
unche	ऊंचे	0
unchi	ऊंची	0
uncle	अंकल	1
under	अंडर	1
undercover	अंडरकवर	1
undertaker	अंडरटेकर	1
underwear	अंडरवियर	1
underworld	अंडरवर्ल्ड	1
undp	यूएनडीपी	0
unesco	यूनेस्को	1
unfit	अनफिट	1
ungali	उंगली	0
ungaliyon	उंगलियों	0
ungli	उंगली	0
unhe	उन्हें	0
unhein	उन्हें	0
unhem	उन्हें	0
unhen	उन्हें	0
unhi	उन्हीं	0
unhin	उन्हीं	0
unhne	उन्हें	0
unhone	उन्होंने	0
unhonen	उन्होंने	0
unhonne	उन्होंने	0
uni	ऊनी	1
unicode	युनिकोड	0
unicorn	यूनिकॉर्न	1
unified	यूनिफाइड	1
union	यूनियन	1
unionist	यूनियनिस्ट	1
unit	यूनिट	1
united	यूनाइटेड	1
uniten	यूनिटें	0
uniton	यूनिटों	0
units	यूनिट्स	1
universal	युनिवर्सल	1
universe	यूनिवर्स	1
university	यूनिवर्सिटी	1
unka	उनका	0
unkaa	उनका	0
unke	उनके	0
unki	उनकी	0
unknown	अननोन	1
unko	उनको	0
unmad	उन्माद	0
unmadi	उन्मादी	0
unme	उनमें	0
unmen	उनमें	0
unmukh	उन्मुख	0
unmukhikaran	उन्मुखीकरण	0
unmukt	उन्मुक्त	0
unmukti	उन्मुक्ति	0
unmulan	उन्मूलन	0
unnao	उन्नाव	0
unnat	उन्नत	0
unnati	उन्नति	0
unnayak	उन्नायक	0
unnayan	उन्नयन	0
unnikrishnan	उन्नीकृष्णन	0
unnisavin	उन्नीसवीं	0
unnisvin	उन्नीसवीं	0
unnone	उन्होंने	0
unse	उनसे	0
unt	ऊंट	0
untold	अनटोल्ड	1
unton	ऊंटों	0
up	उप	1
upa	यूपीए	0
upaay	उपाय	0
upadan	उपादान	0
upadeshak	उपदेशक	0
upadeshon	उपदेशों	0
upadhi	उपाधि	0
upadhiyan	उपाधियां	0
upadhiyon	उपाधियों	0
upadhyaksh	उपाध्यक्ष	0
upadhyay	उपाध्याय	0
upahar	उपहार	0
upaj	उपज	0
upaje	उपजे	0
upaji	उपजी	0
upakaran	उपकरण	0
upal	उपाल	0
upalabdh	उपलब्ध	0
upalabdha	उपलब्ध	0
upalabdhi	उपलब्धि	0
upanam	उपनाम	0
upanishad	उपनिषद	0
upanivesh	उपनिवेश	0
upaniyam	उपनियम	0
upanyaas	उपन्यास	0
upanyas	उपन्यास	0
upapchay	उपापचय	0
upar	ऊपर	0
upari	ऊपरी	0
uparjan	उपार्जन	0
upasak	उपासक	0
upasana	उपासना	0
upaskar	उपस्कर	0
upasna	उपासना	0
upasthit	उपस्थित	0
upasthiti	उपस्थिति	0
upasya	उपास्य	0
upavan	उपवन	0
upay	उपाय	0
upayo	उपायों	0
upayog	उपयोग	0
upayoga	उपयोग	0
upayogi	उपयोगी	0
upayon	उपायों	0
upayukt	उपयुक्त	0
upbhog	उपभोग	0
upbhoktaon	उपभोक्ताओं	0
upchaar	उपचार	0
upchar	उपचार	0
upcharatmak	उपचारात्मक	0
upcharit	उपचारित	0
upcharon	उपचारों	0
upchunav	उपचुनाव	0
update	अपडेट	1
updated	अपडेटेड	1
updesh	उपदेश	0
upeksha	उपेक्षा	0
upekshit	उपेक्षित	0
upekshiton	उपेक्षितों	0
upgrade	अपग्रेड	1
upgrah	उपग्रह	0
upgrahon	उपग्रहों	0
uphaar	उपहार	0
uphaas	उपहास	0
uphar	उपहार	0
upjaatiyon	उपजातियों	0
upjai	उपजाई	0
upjate	उपजाते	0
upjati	उपजाति	0
upjatiyon	उपजातियों	0
upjau	उपजाऊ	0
upkar	उपकर	0
upkaran	उपकरण	0
upkaranon	उपकरणों	0
upkhandon	उपखंडों	0
upkram	उपक्रम	0
upkramon	उपक्रमों	0
upkulpati	उपकुलपति	0
uplabdh	उपलब्ध	0
uplabdha	उपलब्ध	0
uplabdhi	उपलब्धि	0
upload	अपलोड	1
upma	उपमा	0
upmahadvip	उपमहाद्वीप	0
upmahadweep	उपमहाद्वीप	0
upmahanirikshak	उपमहानिरीक्षक	0
upmahasachiv	उपमहासचिव	0
upnaam	उपनाम	0
upnagar	उपनगर	0
upnayas	उपन्यास	0
upnideshak	उपनिदेशक	0
upnirdeshak	उपनिदेशक	0
upnishad	उपनिषद	0
upnivesh	उपनिवेश	0
upniveshan	उपनिवेशन	0
upniveshon	उपनिवेशों	0
upniveshvadiyon	उपनिवेशवादियों	0
upniveshwaad	उपनिवेशवाद	0
upnyaas	उपन्यास	0
upnyas	उपन्यास	0
upper	अप्पर	1
uppradhanmantri	उपप्रधानमंत्री	0
upprajati	उपप्रजाति	0
uppsala	उप्साला	0
upr	उप्र	0
uprant	उपरांत	0
uprashtrapati	उपराष्ट्रपति	0
upri	ऊपरी	0
uprokt	उपरोक्त	0
upsachiv	उपसचिव	0
upsamooh	उपसमूह	0
upsamuh	उपसमूह	0
upsanhar	उपसंहार	0
upsarg	उपसर्ग	0
upsc	यूपीएससी	0
upset	अपसेट	1
upsthiti	उपस्थिति	0
upvaas	उपवास	0
upvan	उपवन	0
upvarg	उपवर्ग	0
upvas	उपवास	0
upvason	उपवासों	0
upyog	उपयोग	0
upyoga	उपयोग	0
upyogarth	उपयोगार्थ	0
upyogi	उपयोगी	0
upyogita	उपयोगिता	0
upyogitavad	उपयोगितावाद	0
upyogkarta	उपयोगकर्ता	0
upyogon	उपयोगों	0
upyokta	उपयोक्ता	0
upyukt	उपयुक्त	0
uranium	यूरेनियम	1
uranus	युरेनस	1
urdu	उर्दू	1
urea	यूरिया	1
uret	यूरेट	0
uric	यूरिक	1
urine	यूरिन	1
urja	ऊर्जा	0
urjavan	ऊर्जावान	0
urjawan	उर्जावान	0
url	यूआरएल	1
urmil	उर्मिल	0
urmila	उर्मिला	0
urop	यूरोप	0
urs	उर्स	0
uru	उरू	0
urvashi	उर्वशी	0
us	उस	1
usa	उस	1
usake	उसके	0
usaki	उसकी	0
usane	उसने	0
usar	उसर	0
usase	उससे	0
use	उसे	1
user	यूजर	1
users	यूजर्स	1
usha	ऊषा	0
ushma	उष्मा	0
ushmadharita	उष्माधारिता	0
ushna	उष्ण	0
ushnakatibandh	ऊष्णकटिबन्ध	0
ushnkatibandhiy	उष्णकटिबंधीय	0
usi	उसी	0
uska	उसका	0
uske	उसके	0
uski	उसकी	0
usko	उसको	0
usman	उस्मान	0
usmani	उस्मानी	0
usmaniya	उस्मानिया	0
usme	उसमें	0
usmen	उसमें	0
usne	उसने	0
uspar	उसपर	0
usse	उससे	0
ustad	उस्ताद	0
usulon	उसूलों	0
ut	यूटी	0
utaar	उतार	0
utaarane	उतारने	0
utaaru	उतारू	0
utah	यूटा	1
utak	ऊतक	0
utani	उतनी	0
utar	उतर	0
utara	उतारा	0
utarane	उतरने	0
utarchadhav	उतारचढ़ाव	0
utare	उतारे	0
utaren	उतारें	0
utari	उतरी	0
utarkar	उतरकर	0
utarna	उतरना	0
utaro	उतरो	0
utarta	उतरता	0
utarti	उतरती	0
utaru	उतारू	0
utavala	उतावला	0
utavalepan	उतावलेपन	0
utavali	उतावली	0
utawali	उतावली	0
uth	उठ	0
utha	उठा	0
uthaakar	उठाकर	0
uthaane	उठाने	0
uthaata	उठाता	0
uthaate	उठाते	0
uthaati	उठाती	0
uthae	उठाए	0
uthai	उठाई	0
uthakar	उठाकर	0
uthali	उथली	0
uthalputhal	उथलपुथल	0
uthana	उठाना	0
uthane	उठाने	0
uthani	उठानी	0
uthata	उठता	0
uthate	उठते	0
uthati	उठाती	0
uthaven	उठावें	0
uthaya	उठाया	0
uthaye	उठाये	0
uthayen	उठायें	0
uthayi	उठायी	0
uthe	उठे	1
uthi	उठी	0
uthkar	उठकर	0
utho	उठो	0
uti	ऊटी	0
utkal	उत्कल	0
utkantha	उत्कंठा	0
utkarsh	उत्कर्ष	0
utkeern	उत्कीर्ण	0
utkendrata	उत्केन्द्रता	0
utkhanan	उत्खनन	0
utkrisht	उत्कृष्ट	0
utkrist	उत्कृष्ट	0
utkrusht	उत्कृष्ट	0
utna	उतना	0
utne	उतने	0
utni	उतनी	0
utpaadan	उत्पादन	0
utpad	उत्पाद	0
utpadak	उत्पादक	0
utpadakata	उत्पादकता	0
utpadakon	उत्पादकों	0
utpadakta	उत्पादकता	0
utpadan	उत्पादन	0
utpadana	उत्‍पादन	0
utpadit	उत्पादित	0
utpadon	उत्पादों	0
utpal	उत्पल	0
utpann	उत्पन्न	0
utpanna	उत्पन्न	0
utparivartan	उत्परिवर्तन	0
utpat	उत्पात	0
utpatang	ऊटपटांग	0
utpatti	उत्पत्ति	0
utpidan	उत्पीड़न	0
utprerak	उत्प्रेरक	0
utpreran	उत्प्रेरण	0
utprerit	उत्प्रेरित	0
utptang	ऊटपटांग	0
utra	उतरा	0
utsah	उत्साह	0
utsahi	उत्साही	0
utsahit	उत्साहित	0
utsahjanak	उत्साहजनक	0
utsahpurn	उत्साहपूर्ण	0
utsarjak	उत्सर्जक	0
utsarjan	उत्सर्जन	0
utsarjit	उत्सर्जित	0
utsav	उत्सव	0
utsavon	उत्सवों	0
utsuk	उत्सुक	0
utsukta	उत्सुकता	0
uttal	उत्ताल	0
uttam	उत्तम	0
uttapam	उत्तपम	0
uttar	उत्तर	0
uttara	उत्तर	0
uttaradhikari	उत्तराधिकारी	0
uttarafalguni	उत्तराफ़ाल्गुनी	0
uttarakhand	उत्तराखंड	0
uttarayan	उत्तरायण	0
uttardayi	उत्तरदायी	0
uttardayitv	उत्तरदायित्व	0
uttardayitvon	उत्तरदायित्वों	0
uttari	उत्तरी	0
uttarjivita	उत्तरजीविता	0
uttarkashi	उत्तरकाशी	0
uttarottar	उत्तरोत्तर	0
uttarpashchim	उत्तरपश्चिम	0
uttarpradesh	उत्तरप्रदेश	0
uttarpurv	उत्तरपूर्व	0
uttarpurvi	उत्तरपूर्वी	0
uttejak	उत्तेजक	0
uttejana	उत्तेजना	0
uttejanapurn	उत्तेजनापूर्ण	0
uttejit	उत्तेजित	0
utthan	उत्थान	0
uttirn	उत्तीर्ण	0
uttradhikar	उत्तराधिकार	0
uttradhikari	उत्तराधिकारी	0
uttradhikariyon	उत्तराधिकारियों	0
uttrakhand	उत्तराखंड	0
uttranchal	उत्तरांचल	0
uttrardh	उत्तरार्ध	0
uttrayan	उत्तरायण	0
uttri	उत्तरी	0
uttung	उत्तुंग	0
utv	यूटीवी	0
uv	यूवी	1
uzbekistan	उज़्बेकिस्तान	1
v	व	1
va	व	0
vaade	वादे	0
vaadvivad	वादविवाद	0
vaale	वाले	0
vaam	वाम	0
vaan	वान	0
vaani	वानी	0
vaapas	वापस	0
vaas	वास	0
vaaste	वास्ते	0
vaastukala	वास्तुकला	0
vaastushilpa	वास्तुशिल्प	0
vaat	वात	0
vaayu	वायु	0
vaccum	वैक्यूम	0
vachak	वाचक	0
vachan	वचन	0
vachit	वंचित	0
vacuum	वैक्यूम	1
vad	वाद	0
vada	वाडा	0
vadakkan	वडक्कन	0
vadan	वादन	0
vadh	वध	0
vadhu	वधू	0
vadhva	वाधवा	0
vadhya	वाद्य	0
vadhyayantron	वाद्ययंत्रों	0
vadi	वाडी	0
vadodara	वडोदरा	0
vadon	वादों	0
vadvivad	वादविवाद	0
vadyayantron	वाद्ययंत्रों	0
vagaira	वगैरा	0
vagairah	वगैरह	0
vagha	वाघा	0
vaghela	वाघेला	0
vagishwari	वागीश्वरी	0
vah	वह	0
vaha	वह	0
vahak	वाहक	0
vahakon	वाहकों	0
vaham	वहम	0
vahan	वहाँ	0
vahanon	वाहनों	0
vahi	वही	0
vahika	वाहिका	0
vahikaon	वाहिकाओं	0
vahin	वहीं	0
vahini	वाहिनी	0
vaibhav	वैभव	0
vaicharik	वैचारिक	0
vaideshik	वैदेशिक	0
vaidh	वैध	0
vaidhanik	वैधानिक	0
vaidhanikta	वैधानिकता	0
vaidhata	वैधता	0
vaidhnyanikon	वैज्ञानिकों	0
vaidik	वैदिक	0
vaidikon	वैदिकों	0
vaidya	वैद्य	0
vaidyanath	वैद्यनाथ	0
vaidyashala	वैद्यशाला	0
vaidyon	वैद्यों	0
vaigyanik	वैज्ञानिक	0
vain	वेन	1
vair	वैर	0
vairagi	वैरागी	0
vairagya	वैराग्य	0
vaisa	वैसा	0
vaisarai	वायसराय	0
vaise	वैसे	0
vaishali	वैशाली	0
vaishnav	वैष्णव	0
vaishvik	वैश्विक	0
vaishvikaran	वैश्वीकरण	0
vaishya	वैश्य	0
vaishyavrutti	वैश्यावृत्ति	0
vaisi	वैसी	0
vaitanik	वैतनिक	0
vaitarni	वैतरणी	0
vaivahik	वैवाहिक	0
vaividhya	वैविध्य	0
vajah	वजह	0
vajahon	वजहों	0
vajan	वजन	0
vajpayee	बाजपई	0
vajr	वज्र	0
vajra	वज्र	0
vak	वाक	0
vakai	वाकई	0
vakalat	वकालत	0
vakatak	वाकाटक	0
vakil	वकील	0
vakilon	वकीलों	0
vakra	वक्र	0
vakrata	वक्रता	0
vakshsthal	वक्षस्थल	0
vakt	वक्त	0
vakta	वक्ता	0
vaktaon	वक्ताओं	0
vakya	वाक्य	0
vakyansh	वाक्यांश	0
vala	वाला	1
vale	वाले	1
valen	वालें	0
valentina	वेलेंटीना	1
valentine	वेलेंटाइन	1
vali	वाली	0
valine	वलाइन	0
vallabh	वल्लभ	0
vallabhacharya	वल्लभाचार्य	0
vallabhbhai	वल्लभभाई	0
vallabhnagar	वल्लभनगर	0
valmik	वाल्मीक	0
valmiki	वाल्मिकी	0
valo	वालों	0
valon	वालों	0
value	वैल्यू	1
vaman	वामन	0
vamdev	वामदेव	0
van	वन	1
vanar	वानर	0
vanari	वानरी	0
vanaron	वानरों	0
vanaspati	वनस्पति	0
vanaspatik	वानस्पतिक	0
vanchhit	वांछित	0
vanchit	वंचित	0
vancouver	वैंकूवर	1
vandan	वंदन	0
vandana	वंदना	0
vande	वंदे	1
vani	वाणी	0
vanijyik	वाणिज्यिक	0
vaniki	वानिकी	0
vanon	वनों	0
vansh	वंश	0
vanshaavali	वंशावली	0
vanshaj	वंशज	0
vanshavali	वंशावली	0
vanshgat	वंशगत	0
vanshi	वंशी	0
vanshiyon	वंशियों	0
vanshjon	वंशजों	0
vanspati	वनस्पति	0
vanspatiyon	वनस्पतियों	0
vanvas	वनवास	0
vanvasiyon	वनवासियों	0
vanya	वन्य	1
vanyajeevon	वन्यजीवों	0
vapas	वापस	0
vapasi	वापसी	0
vapi	वापी	0
vapsi	वापसी	0
var	वर	0
varah	वाराह	0
varahi	वाराही	0
varan	वरन्	0
varanasi	वाराणसी	0
varas	वर्ष	0
varchasva	वर्चस्व	0
vardaan	वरदान	0
vardan	वरदान	0
vardanon	वरदानों	0
vardha	वर्धा	0
vardhak	वर्धक	0
vardhan	वर्धन	0
vardhit	वर्धित	0
vardhman	वर्धमान	0
vardi	वर्दी	0
vardidhari	वर्दीधारी	0
varg	वर्ग	0
varga	वर्ग	1
vargakar	वर्गाकार	0
vargikaran	वर्गीकरण	0
vargikrit	वर्गीकृत	0
vargikrut	वर्गीकृत	0
vargiy	वर्गीय	0
vargo	वर्गों	1
vargon	वर्गों	0
vari	वरी	1
variddhi	वृद्धि	0
varish	वारिश	0
varishth	वरिष्ठ	0
varishthta	वरिष्ठता	0
varishthtam	वरिष्ठतम	0
varisth	वरिष्ठ	0
variyata	वरीयता	0
varj	वर्ज	0
varjit	वर्जित	0
varli	वरली	0
varma	वर्मा	1
varman	वर्मन	0
varn	वर्ण	1
varna	वरना	0
varnam	वर्नम	0
varnamala	वर्णमाला	0
varnan	वर्णन	0
varnashram	वर्णाश्रम	0
varnatmak	वर्णनात्मक	0
varnish	वार्निश	1
varnit	वर्णित	0
varnmala	वर्णमाला	0
varsa	वर्ष	0
varsay	वर्साय	0
varsh	वर्ष	0
varsha	वर्षा	0
varshaarambh	वर्षारंभ	0
varshik	वार्षिक	0
varshiya	वर्षीय	0
varsho	वर्षों	0
varshon	वर्षों	0
varsi	वारसी	0
varson	वर्षों	0
varta	वार्ता	0
vartak	वर्तक	0
vartakar	वार्ताकार	0
vartalap	वार्तालाप	0
vartamaan	वर्तमान	0
vartaman	वर्तमान	0
vartamana	वर्तमान	0
vartani	वर्तनी	0
vartaon	वार्ताओं	0
vartmaan	वर्तमान	0
vartman	वर्तमान	0
varun	वरुण	0
vas	वस	0
vasa	वसा	0
vasan	वासन	0
vasant	वसंत	0
vasco	वास्को	1
vasepur	वासेपुर	0
vashibhut	वशीभूत	0
vashisht	वशिष्ठ	0
vashishth	वशिष्ठ	0
vashpa	वाष्प	0
vashpit	वाष्पित	0
vasi	वासी	0
vasiyat	वसीयत	0
vasko	वास्को	1
vasna	वासना	0
vasta	वास्ता	1
vastav	वास्तव	0
vastavik	वास्तविक	0
vastaviktaon	वास्तविकताओं	0
vastra	वस्त्र	0
vastron	वस्त्रों	0
vastu	वस्तु	0
vastukala	वास्तुकला	0
vastukar	वास्तुकार	0
vastunishth	वस्तुनिष्ठ	0
vastuo	वस्‍तुओं	0
vastuon	वस्तुओं	0
vastushastr	वास्तुशास्त्र	0
vastushastra	वास्तुशास्त्र	0
vastvik	वास्तविक	0
vasudev	वसुदेव	0
vasudha	वसुधा	0
vasugupt	वसुगुप्त	0
vasul	वसूल	0
vasula	वसूला	0
vasuli	वसूली	0
vasundhara	वसुंधरा	0
vat	वैट	1
vatan	वतन	0
vatanukulit	वातानुकूलित	0
vatanukulita	वातानुकूलित	0
vatarlu	वाटरलू	0
vatars	वाटर्स	0
vatavaran	वातावरण	0
vatican	वेटिकन	1
vatika	वाटिका	0
vats	वत्स	1
vatsalya	वात्सल्य	0
vatsyayan	वात्स्यायन	0
vavjud	वावजूद	0
vay	वय	0
vayada	वायदा	0
vayade	वायदे	0
vayan	वायन	0
vayask	वयस्क	0
vayda	वायदा	1
vaynad	वायनाड	0
vaysaray	वायसराय	0
vayu	वायु	0
vayudab	वायुदाब	0
vayudev	वायुदेव	0
vayumandal	वायुमंडल	0
vayumandaliy	वायुमंडलीय	0
vayumarg	वायुमार्ग	0
vayusena	वायुसेना	0
vayuyan	वायुयान	0
vayuyanon	वायुयानों	0
ve	वे	1
vebar	वेबर	0
vector	वेक्टर	1
vedana	वेदना	0
vedant	वेदांत	0
vedanta	वेदांता	0
vedarambh	वेदारंभ	0
vedi	वेदी	0
vedmata	वेदमाता	0
vedokta	वेदोक्त	0
vedvyas	वेदव्यास	0
vee	वी	1
veena	वीणा	0
veer	वीर	1
veera	वीरा	0
veerane	वीराने	0
veerbhadra	वीरभद्र	0
veergati	वीरगति	0
veeron	वीरों	0
veerta	वीरता	0
veg	वेग	0
vegas	वेगास	1
vegenar	वेगेनर	0
vegpurvak	वेगपूर्वक	0
veh	वह	0
vehicle	व्हीकल	1
vehicles	व्हीकल्स	1
vei	वेई	0
vel	वेल	0
veles	वेलेस	0
ven	वेन	0
vendel	वेंडेल	0
veni	वेणी	0
venice	वेनिस	1
venkat	वेंकट	0
venkatesh	वेंकटेश	1
venkateshwar	वेंकटेश्वर	0
venki	वेंकी	0
venom	वेनम	1
venter	वेंटर	1
ventilation	वेंटीलेशन	1
veraval	वेरावल	0
verma	वर्मा	1
verman	वर्मन	0
vernon	वर्नोन	1
veron	वेरोन	1
versova	वर्सोवा	0
very	वेरी	1
veshbhusha	वेशभूषा	0
veshya	वेश्या	0
veshyalay	वेश्यालय	0
veshyavriti	वेश्यावृति	0
veshyavritti	वेश्यावृति	0
vetan	वेतन	0
vetican	वेटिकन	0
vhip	व्हिप	0
vhp	वीएचपी	0
vi	वीं	1
viagra	वगैरा	1
viber	वाइबर	1
vibhaag	विभाग	0
vibhaagon	विभागो	0
vibhag	विभाग	0
vibhagadhyaksh	विभागाध्यक्ष	0
vibhagiy	विभागीय	0
vibhago	विभागो	0
vibhagon	विभागों	0
vibhajan	विभाजन	0
vibhajankari	विभाजनकारी	0
vibhajit	विभाजित	0
vibhakt	विभक्त	0
vibhav	विभव	0
vibhavantar	विभवान्तर	0
vibhed	विभेद	0
vibhedkari	विभेदकारी	0
vibhinn	विभिन्न	0
vibhinna	विभिन्न	0
vibhinnata	विभिन्नता	0
vibhinnataon	विभिन्नताओं	0
vibhishan	विभीषण	0
vibhishika	विभीषिका	0
vibhu	विभु	1
vibhushan	विभूषण	0
vibhushit	विभूषित	0
vibhuti	विभूति	0
vibhutiyan	विभूतियां	0
vibration	वाइब्रेशन	1
vibrator	वाइब्रेटर	1
vichaar	विचार	0
vichalan	विचलन	0
vichalanon	विचलनों	0
vichalit	विचलित	0
vichar	विचार	0
vicharadhin	विचाराधीन	0
vicharak	विचारक	0
vicharako	विचारकों	0
vicharan	विचरण	0
vichararth	विचारार्थ	0
vichardhara	विचाराधारा	0
vichare	विचारे	0
vicharo	विचारों	0
vicharon	विचारों	0
vicharottejak	विचारोत्तेजक	0
vicharvimarsh	विचारविमर्श	0
vichitra	विचित्र	0
vicky	विकी	1
victim	विक्टिम	1
victor	विक्टर	1
victoria	विक्टोरिया	1
victorian	विक्टोरियन	1
vid	विद	0
vida	विदा	1
vidai	विदाई	0
vidarbh	विदर्भ	0
viddhmaan	विद्धमान	0
videh	विदेह	0
video	वीडियो	1
videography	वीडियोग्राफी	0
videsh	विदेश	0
videshi	विदेशी	0
videshiyon	विदेशियों	0
videshon	विदेशों	0
vidha	विधा	0
vidhaan	विधान	0
vidhaayak	विधायक	0
vidhan	विधान	0
vidhanchandra	विधानचंद्र	0
vidhanmandal	विधानमंडल	0
vidhanon	विधानों	0
vidhanparishad	विधानपरिषद	0
vidhansabha	विधानसभा	0
vidhansabhaon	विधानसभाओं	0
vidhaon	विधाओं	0
vidharmi	विधर्मी	0
vidharthi	विधार्थी	0
vidhata	विधाता	0
vidhava	विधवा	0
vidhayak	विधायक	0
vidhayakon	विधायकों	0
vidhayika	विधायिका	0
vidhayikaon	विधायिकाओं	0
vidheyak	विधेयक	0
vidhi	विधि	0
vidhih	विधिः	0
vidhik	विधिक	0
vidhipurvak	विधिपूर्वक	0
vidhivat	विधिवत्	0
vidhividhaan	विधिविधान	0
vidhividhan	विधिविधान	0
vidhiyan	विधियां	0
vidhiyon	विधियों	0
vidhnyan	विज्ञान	0
vidhur	विधुर	0
vidhut	विद्युत	0
vidhva	विधवा	0
vidhvansak	विध्वंसक	0
vidhvansh	विध्वंश	0
vidhvaon	विधवाओं	0
vidhya	विंध्य	0
vidhyaarthiyon	विद्यार्थियो	0
vidin	विदिन	0
vidisha	विदिशा	0
vidit	विदित	0
vidnyan	विज्ञान	0
vidroh	विद्रोह	0
vidrohi	विद्रोही	0
vidrohiyon	विद्रोहियों	0
vidur	विदुर	0
vidushak	विदूषक	0
vidushakon	विदूषकों	0
vidvaan	विद्वान	0
vidvajanon	विद्वजनों	0
vidvajjanon	विद्वज्जनों	0
vidvan	विद्वान	0
vidvano	विद्वानों	0
vidvata	विद्वता	0
vidvatta	विद्वत्ता	0
vidwan	विद्वान	0
vidwanon	विद्वानों	0
vidyaarthi	विद्यार्थी	0
vidyaarthiyon	विद्यार्थियों	0
vidyadhar	विद्याधर	0
vidyalay	विद्यालय	0
vidyalaya	विद्यालय	0
vidyalayo	विद्यालयों	0
vidyaman	विद्यमान	0
vidyamandir	विद्यामंदिर	0
vidyapati	विद्यापति	0
vidyardhi	विद्यार्थी	0
vidyarthi	विद्यार्थी	0
vidyarthiyon	विद्यार्थियों	0
vidyasagar	विद्यासागर	0
vidyut	विद्युत	0
vidyutiy	विद्युतीय	0
view	व्यू	1
viewers	व्यूअर्स	1
viewing	व्यूइंग	1
vifal	विफल	0
vifalta	विफलता	0
vifaltaon	विफलताओं	0
vigat	विगत	0
vighatan	विघटन	0
vighatit	विघटित	0
vighn	विघ्न	0
vighna	विघ्न	0
vighnaharta	विघ्नहर्ता	0
vighnon	विघ्नों	0
vigo	विगो	1
vigrah	विग्रह	0
vigraha	विग्रह	0
vigyan	विज्ञान	0
vigyani	विज्ञानी	0
vigyapan	विज्ञापन	0
vigyapandaata	विज्ञापनदाता	0
vigyapano	विज्ञापनों	0
vigyapanon	विज्ञापनों	0
vigyapti	विज्ञप्ति	0
vihar	विहार	0
viharon	विहारों	0
vihin	विहिन	0
vihit	विहित	0
vij	विज	0
vijay	विजय	0
vijaya	विजया	0
vijayanagar	विजयनगर	0
vijayawada	विजयवाडा	0
vijaydaan	विजयदान	0
vijayi	विजयी	0
vijaymal	विजयमल	0
vijaynagar	विजयनगर	0
vijender	विजेंदर	0
vijendra	विजेंद्र	0
vijeta	विजेता	0
vijetaa	विजेता	0
vijetaon	विजेताओं	0
vijit	विजित	0
viju	विजू	0
vikaas	विकास	0
vikal	विकल	0
vikalata	विकलता	0
vikalp	विकल्प	0
vikar	विकार	0
vikaral	विकराल	0
vikargrast	विकारग्रस्त	0
vikaro	विकारों	0
vikaron	विकारों	0
vikas	विकास	0
vikasatmak	विकासात्मक	0
vikasit	विकसित	0
vikaskram	विकासक्रम	0
vikaspuri	विकासपुरी	0
vikassheel	विकासशील	0
vikasvad	विकासवाद	0
vikendrikaran	विकेंद्रीकरण	0
vikendrikrit	विकेंद्रीकृत	0
vikhandan	विखंडन	0
vikhandit	विखंडित	0
vikhyaat	विख्यात	0
vikhyat	विख्यात	0
vikiran	विकिरण	0
viklang	विकलांग	0
viklangata	विकलांगता	0
viklangta	विकलांगता	0
vikram	विक्रम	0
vikramaditya	विक्रमादित्य	0
vikrami	विक्रमी	0
vikramshila	विक्रमशिला	0
vikrant	विक्रांत	0
vikray	विक्रय	0
vikraya	विक्रय	0
vikreta	विक्रेता	0
vikretaon	विक्रेताओं	0
vikri	विक्री	0
vikrit	विकृत	0
vikriti	विकृति	0
vikritiyon	विकृतियों	0
vikrmaditya	विक्रमादित्य	0
vikshat	विक्षत	0
vikshipt	विक्षिप्त	0
vikshiptata	विक्षिप्तता	0
vikshobh	विक्षोभ	0
viksit	विकसित	0
vilag	विलग	0
vilakshan	विलक्षण	0
vilamb	विलंब	0
vilambit	विलंबित	0
vilap	विलाप	0
vilas	विलास	1
vilasi	विलासी	0
vilasita	विलासिता	0
vilaspur	विलासपुर	0
vilay	विलय	0
vilayan	विलयन	0
vilayat	विलायत	0
vilekh	विलेख	0
viley	विलेय	0
vilhelm	विल्हेम	0
vili	विली	0
vilin	विलीन	0
vilis	विलिस	0
vilks	विल्क्स	0
villa	विला	1
village	विलेज	1
villy	विली	0
vilom	विलोम	0
vilopit	विलोपित	0
vilupta	विलुप्त	0
vilupti	विलुप्ति	0
vim	वीं	1
vimaankshetra	विमानक्षेत्र	0
vimal	विमल	0
viman	विमान	0
vimanon	विमानों	0
vimanpattan	विमानपत्तन	0
vimanseva	विमानसेवा	0
vimantal	विमानतल	0
vimanvahak	विमानवाहक	0
vimochan	विमोचन	0
vimukh	विमुख	0
vin	वीं	1
vina	वीना	1
vinamra	विनम्र	0
vinamrata	विनम्रता	0
vinash	विनाश	0
vinashak	विनाशक	0
vinashkari	विनाशकारी	0
vinashlila	विनाशलीला	0
vinasht	विनष्ट	0
vinati	विनती	0
vinay	विनय	0
vinayak	विनायक	0
vinaypatrika	विनयपत्रिका	0
vinchi	विंची	0
vinda	विंदा	0
vindhya	विंध्य	0
vinesh	विनेश	0
vini	विनी	1
vinil	विनिल	0
vinimay	विनिमय	0
vinirman	विनिर्माण	0
vinita	विनीता	1
vinivesh	विनिवेश	0
viniyam	विनियम	0
viniyamak	विनियामक	0
viniyaman	विनियमन	0
viniyamavali	विनियमावली	0
viniymit	विनियमित	0
viniyog	विनियोग	0
vinoba	विनोबा	0
vinod	विनोद	0
vinona	विनोना	0
vipaksh	विपक्ष	0
vipakshi	विपक्षी	0
vipakshiyon	विपक्षियों	0
viparit	विपरीत	0
vipatti	विपत्ति	0
viplav	विप्लव	0
vipra	विप्र	0
viprit	विपरीत	0
vipul	विपुल	1
viraam	विराम	0
viraasat	विरासत	0
virah	विरह	0
viraje	विराजे	0
virajit	विराजित	0
virajman	विराजमान	0
virakt	विरक्त	0
viral	वायरल	1
viram	विराम	0
virasat	विरासत	0
virasaton	विरासतों	0
virat	विराट	0
virchit	विरचित	0
virechak	विरेचक	0
viren	वीरेन	1
virender	वीरेंद्र	0
virendra	वीरेंद्र	0
virgati	वीरगति	0
virgin	वर्जिन	1
virginia	वर्जिनिया	1
virodh	विरोध	0
virodhabhas	विरोधाभास	0
virodhi	विरोधी	0
virtual	वर्चुअल	1
viru	विरु	0
viruddh	विरुद्ध	0
viruddha	विरुद्ध	0
virudhunagar	विरुधुनगर	0
virupan	विरूपण	0
virus	वायरस	1
viruson	वायरसों	0
viry	वीर्य	0
virya	वीर्य	0
visa	वीजा	1
visakhapatnam	विशाखापत्तनम	0
visala	विशाल	0
visangati	विसंगति	0
visangatiyan	विसंगतियां	0
visangatiyon	विसंगतियों	0
visarjan	विसर्जन	0
visarjit	विसर्जित	0
visesh	विशेष	0
visfot	विस्फोट	0
vishaad	विषाद	0
vishad	विषाद	0
vishaila	विषैला	0
vishaile	विषैले	0
vishaili	विषैली	0
vishakh	विशाख	0
vishakha	विशाखा	0
vishakta	विषाक्त	0
vishaktata	विषाक्तता	0
vishal	विशाल	0
vishalata	विशालता	0
vishalkaay	विशालकाय	0
vishalkay	विशालकाय	0
vishalta	विशालता	0
vishaltam	विशालतम	0
visham	विषम	0
vishansar	विशनसर	0
vishanu	विषाणु	0
vishanuon	विषाणुओं	0
vishay	विषय	1
vishaya	विषय	0
vishayon	विषयों	0
vishayvastu	विषयवस्तु	0
vishes	विशेष	0
vishesh	विशेष	0
visheshadhikrit	विशेषाधिकृत	0
visheshagya	विशेषज्ञ	0
visheshagyata	विशेषज्ञता	0
visheshagyon	विशेषज्ञों	0
visheshank	विशेषांक	0
visheshat	विशेषत	0
visheshta	विशेषता	0
visheshtaon	विशेषताओं	0
visheshtayen	विशेषताएं	0
vishi	विधि	0
vishisht	विशिष्ट	0
vishishtata	विशिष्टता	0
vishishtataon	विशिष्टताओं	0
vishishth	विशिष्ठ	0
vishist	विशिष्ट	0
vishk	विश्क	0
vishlesan	विश्लेषण	0
vishleshak	विश्लेषक	0
vishleshakon	विश्लेषकों	0
vishleshan	विश्लेषण	0
vishleshatmak	विश्लेषात्मक	0
vishleshit	विश्लेषित	0
vishnu	विष्णु	1
vishnupad	विष्णुपद	0
vishpan	विषपान	0
vishram	विश्राम	0
vishuddh	विशुद्ध	0
vishunpur	विशुनपुर	0
vishuv	विषुव	0
vishuvat	विषुवत	0
vishv	विश्व	0
vishva	विश्व	0
vishvamitra	विश्वामित्र	0
vishvaprasidhya	विश्वप्रसिद्ध	0
vishvas	विश्वास	0
vishvasiyon	विश्वासियों	0
vishvason	विश्वासों	0
vishvastariy	विश्वस्तरीय	0
vishvavidyaalay	विश्वविद्यालय	0
vishvavidyalay	विश्वविद्यालय	0
vishvavidyalaya	विश्वविद्यालय	0
vishvavidyalayo	विश्वविद्यालयों	0
vishvidyalay	विश्विद्यालय	0
vishvkosh	विश्वकोष	0
vishvvidyalaya	विश्वविद्यालय	0
vishw	विश्व	0
vishwa	विश्व	0
vishwakalyan	विश्वकल्याण	0
vishwakarma	विश्वकर्मा	0
vishwakosh	विश्वकोश	0
vishwambhar	विश्वंभर	0
vishwamitra	विश्वामित्र	0
vishwanath	विश्वनाथ	0
vishwaprasiddh	विश्वप्रसिद्ध	0
vishwaprasidha	विश्वप्रसिद्ध	0
vishwaroopam	विश्वरूपम	0
vishwas	विश्वास	0
vishwashakti	विश्वशक्ति	0
vishwast	विश्वस्त	0
vishwastar	विश्वस्तर	0
vishwastariya	विश्वस्तरीय	0
vishwavidhyalay	विश्वविद्यालय	0
vishwavidyaalay	विश्वविद्यालय	0
vishwavidyalay	विश्वविद्यालय	0
vishwavidyalaya	विश्वविद्यालय	0
vishwavidyalayon	विश्वविद्यालयों	0
vishwavikhyat	विश्वविख्यात	0
vishwavyapi	विश्वव्यापी	0
vishwayatra	विश्वयात्रा	0
vishwayuddha	विश्वयुद्ध	0
vishwvidyalay	विश्वविद्यालय	0
vishyon	विषयों	0
vishyukt	विषयुक्त	0
visiting	विजिटिंग	1
visitor	विजिटर	1
visitors	विजिटर्स	1
vismay	विस्मय	0
visnu	विष्णु	0
visor	विजर	1
vistaar	विस्तार	0
vistar	विस्तार	0
vistarit	विस्तारित	0
vistarpurvak	विस्तारपूर्वक	0
vistarwadi	विस्तारवादी	0
visthapan	विस्थापन	0
visthapit	विस्थापित	0
vistrit	विस्तृत	0
vistrut	विस्तृत	0
visual	विजुअल	1
viswaas	विश्वास	0
viswas	विश्वास	0
vita	वीटा	1
vital	वाइटल	1
vitamin	विटामिन	1
vitaminon	विटामिनों	0
vitaran	वितरण	0
vitarana	वितरण	0
vitarit	वितरित	0
viti	विटी	1
vitraag	वीतराग	0
vitrak	वितरक	0
vitrit	वितरित	0
vitt	वित्त	1
vitta	वित्त	0
vittamantri	वित्तमंत्री	0
vittamantriyon	वित्तमंत्रियों	0
vittaposhan	वित्तपोषण	0
vittaposhit	वित्तपोषित	0
vittiy	वित्तीय	0
vittiya	वित्तीय	0
vittposhan	वित्तपोषण	0
viv	विव	1
vivaad	विवाद	0
vivaah	विवाह	0
vivad	विवाद	0
vivadaspad	विवादास्पद	0
vivadit	विवादित	0
vivadon	विवादों	0
vivah	विवाह	0
vivahit	विवाहित	0
vivahita	विवाहिता	0
vivahiton	विवाहितों	0
vivahon	विवाहों	0
vivan	विवान	0
vivar	विवर	0
vivaran	विवरण	0
vivaranon	विवरणों	0
vivarnon	विवरणों	0
vivartaniki	विवर्तनिकी	0
vivash	विवश	0
vivechan	विवेचन	0
vivechana	विवेचना	0
vivek	विवेक	0
vivekadhikar	विवेकाधिकार	0
vivekanand	विवेकानंद	0
vividh	विविध	0
vividhata	विविधता	0
vividhikaran	विविधीकरण	0
vividhtaon	विविधताओं	0
vivran	विवरण	0
viyagra	वियाग्रा	0
viyatnam	वियतनाम	0
viyatnami	वियतनामी	0
viyog	वियोग	0
vladimir	व्लादीमीर	1
vm	वीएम	0
vo	वो	1
vocal	वोकल	1
vocation	वोकेशन	1
vodka	वोदका	1
vohra	वोहरा	0
voice	वॉइस	1
voicemail	वॉयसमेल	1
vole	वोले	0
volga	वोल्गा	1
volkswagen	फॉक्सवैगन	1
volleyball	वॉलीबॉल	1
volt	वोल्ट	1
volta	वोल्टा	1
voltage	वोल्टेज	1
voltaire	वाल्टर	1
volume	वाल्यूम	1
volunteers	वॉलेंटियर्स	1
von	वोन	1
vote	वोट	1
voting	वोटिंग	1
voto	वोटो	0
voton	वोटों	0
voucher	वाउचर	1
vrat	व्रत	0
vraton	व्रतों	0
vriddh	वृद्ध	0
vriddhi	वृद्धि	0
vridh	वृद्ध	0
vridhavastha	वृद्धावस्था	0
vridhi	वृद्धि	0
vrihad	वृहद	0
vrihat	वृहत	0
vriksh	वृक्ष	0
vriksha	वृक्ष	0
vrindavan	वृंदावन	0
vrish	वॄष	0
vrishan	वृषण	0
vrishbhanu	वृषभानु	0
vritt	वृत्त	0
vrittakar	वृत्ताकार	0
vruddhi	वृद्धि	0
vrudhi	वृद्धि	0
vruhad	वृहद	0
vruksh	वृक्ष	0
vruksha	वृक्ष	0
vruksharopan	वृक्षारोपण	0
vrukshon	वृक्षों	0
vrundavan	वृंदावन	0
vrutakar	वृताकार	0
vrutant	वृतांत	0
vrutchitra	वृतचित्र	0
vrutrasur	वृत्रासुर	0
vruttakar	वृत्ताकार	0
vruttant	वृत्तांत	0
vruttchitr	वृत्तचित्र	0
vt	वीटी	0
vyaapaar	व्यापार	0
vyaapak	व्यापक	0
vyadh	व्याध	0
vyadhi	व्याधि	0
vyadhiyon	व्याधियों	0
vyaghra	व्याघ्र	0
vyakaran	व्याकरण	0
vyakaranik	व्याकरणिक	0
vyakhya	व्याख्या	0
vyakhyan	व्याख्यान	0
vyakhyanon	व्याख्यानों	0
vyakhyaon	व्याख्याओं	0
vyakhyayit	व्याख्यायित	0
vyakt	व्यक्त	0
vyakti	व्यक्ति	0
vyaktigat	व्यक्तिगत	0
vyaktion	व्यक्तिओं	0
vyaktitv	व्यक्तित्व	0
vyaktitva	व्यक्तित्व	0
vyaktitvon	व्यक्तित्वों	0
vyaktitwa	व्यक्तित्व	0
vyaktiyo	व्यक्तियों	0
vyaktiyon	व्यक्तियों	0
vyakul	व्याकुल	0
vyakulta	व्याकुलता	0
vyang	व्यंग्य	0
vyangy	व्यंग्य	0
vyangya	व्यंग्य	0
vyangyatmak	व्यंग्यात्मक	0
vyangyon	व्यंग्यों	0
vyanjan	व्यंजन	0
vyanjanon	व्यंजनों	0
vyapaar	व्यापार	0
vyapak	व्यापक	0
vyapar	व्यापार	0
vyapari	व्यापारी	0
vyaparik	व्यापारिक	0
vyapariyon	व्यापारियों	0
vyapi	व्यापी	0
vyapt	व्याप्त	0
vyarth	व्यर्थ	0
vyas	व्यास	1
vyasan	व्यसन	0
vyask	व्यस्क	0
vyaskon	व्यस्कों	0
vyast	व्यस्त	0
vyasta	व्यस्त	0
vyastata	व्यस्तता	0
vyastha	व्यस्था	0
vyatha	व्यथा	0
vyathit	व्यथित	0
vyatit	व्यतीत	0
vyavahar	व्यवहार	0
vyavaharik	व्यवहारिक	0
vyavaharon	व्यवहारों	0
vyavaharwadi	व्यवहारवादी	0
vyavasay	व्यवसाय	0
vyavasayi	व्यवसायी	0
vyavasayik	व्यावसायिक	0
vyavasayikta	व्यावसायिकता	0
vyavasayon	व्यवसायों	0
vyavastha	व्यवस्था	0
vyavasthan	व्यवस्थान	0
vyavasthaon	व्यवस्थाओं	0
vyavasthapakon	व्यवस्थापकों	0
vyavasthapika	व्यवस्थापिका	0
vyavasthit	व्यवस्थित	0
vyavhar	व्यवहार	0
vyavsaay	व्यवसाय	0
vyavsay	व्यवसाय	0
vyavsayik	व्यावसायिक	0
vyavsayon	व्यवसायों	0
vyavstha	व्यवस्था	0
vyavsthaa	व्यवस्था	0
vyavsthit	व्यवस्थित	0
vyay	व्यय	0
vyayam	व्यायाम	0
vyayamon	व्यायामों	0
vyayamshala	व्यायामशाला	0
vyom	व्योम	0
vyomkesh	व्योमकेश	0
vyuh	व्यूह	0
vyutpanna	व्युत्पन्न	0
vyutpatti	व्युत्पत्ति	0
vyvasay	व्यवसाय	0
vyvastha	व्यवस्था	0
w	डब्ल्यू	1
waale	वाले	0
waali	वाली	0
waapas	वापस	0
wada	वाडा	1
wadi	वादी	1
wadiya	वाडिया	0
wageesh	वागीश	0
wagon	वैगन	1
wah	वह	1
waha	वहाँ	0
wahan	वहाँ	0
wahi	वही	0
wahida	वहीदा	0
wahin	वहीं	0
wai	वेई	1
waise	वैसे	0
waiting	वेटिंग	1
waitress	वेट्रेस	1
wajahat	वजाहत	0
wajan	वजन	0
wajid	वाजिद	0
wajir	वजीर	0
wakatak	वाकाटक	0
wakataknaresh	वाकाटकनरेश	0
wal	वाल	1
wala	वाला	1
wale	वाले	1
wales	वालेस	1
wali	वाली	0
walia	वालिया	0
walid	वालिद	1
walida	वालिदा	0
walk	वॉक	1
walke	वाल्के	1
walker	वॉकर	1
wall	वॉल	1
wallace	वालेस	1
walo	वालो	0
walon	वालों	0
walsh	वाल्श	1
walt	वाल्ट	1
walter	वाल्टर	1
waman	वमन	0
wan	वन	1
wanda	वांडा	1
wap	वैप	0
wapas	वापस	0
wapis	वापस	0
waqt	वक्त	0
war	वार	1
warangal	वारंगल	0
ward	वार्ड	1
wardo	वार्डो	0
warhead	वारहेड	1
waris	वारिस	0
warmup	वार्मअप	1
warner	वार्नर	1
warp	वार्प	1
warrant	वारंट	1
warrantiyon	वारंटियों	0
warranty	वारंटी	1
warren	वॉरेन	1
wars	वार्स	1
warsaw	वारसॉ	1
warwickshire	वारविकशायर	0
wash	वाश	1
washington	वाशिंगटन	1
wastuon	वस्तुओं	0
watars	वाटर्स	0
watch	वॉच	1
water	वॉटर	1
waterloo	वाटरलू	1
waters	वाटर्स	1
wave	वेव	1
wax	वेक्स	1
waxin	वैक्सीन	0
way	वे	1
wayu	वायु	0
wazir	वजीर	1
wazirganj	वजीरगंज	0
waziristan	वजीरिस्तान	0
wazirpur	वजीरपुर	0
we	वे	1
wear	वेयर	1
web	वेब	1
webduniya	वेबदुनिया	0
website	वेबसाइट	1
websiten	वेबसाइटें	0
websiton	वेबसाइटों	0
wedant	वेदांत	0
week	वीक	1
weekly	वीकली	1
weights	वेट्स	1
welfare	वेलफेयर	1
well	वेल	1
welsh	वेल्श	1
wenger	वेंजर	1
west	वेस्ट	1
western	वेस्टर्न	1
westindies	वेस्टइंडीज	0
westland	वेस्टलैंड	1
whale	व्हेल	1
what	व्हाट	1
whatsapp	व्हाट्सएप	1
wheel	व्हील	1
wheelbase	व्हीलबेस	1
wheels	व्हील्स	1
when	व्हेन	1
whirlpool	वर्लपूल	1
whisky	व्हिस्की	1
white	व्हाइट	1
whole	होल	1
wicketkeeper	विकेटकीपर	0
wicketkeeperon	विकेटकीपरों	0
wide	वाइड	1
widget	विजेट	1
wifi	वाईफाई	1
wikileaks	विकिलीक्स	0
wikipedia	विकिपीडिया	1
wil	विल	1
wild	वाइल्ड	1
will	विल	1
william	विलियम	1
williams	विलियम्स	1
williamson	विलियमसन	1
willingdon	विलिंगडन	0
wills	विल्स	1
willy	विली	1
wilson	विल्सन	1
wimbledon	विंबलडन	1
win	विन	1
winchi	विंची	0
wind	विंड	1
window	विंडो	1
windows	विंडोज	1
windscreen	विंडस्क्रीन	0
windsor	विंडसर	1
wine	वाइन	1
wing	विंग	1
winger	विंगर	1
winget	विंगेट	1
wings	विंग्स	1
wire	वायर	1
wired	वायर्ड	1
wisden	विजडन	0
wisdom	विजडम	1
wish	विष	1
witch	विच	1
with	विद	1
wo	वो	1
woakes	वोक्स	0
woh	वोह	0
wolf	वुल्फ	1
wonderful	वंडरफुल	1
wonderla	वंडरला	0
wonderland	वंडरलैंड	1
wong	वोंग	1
wood	वुड	1
woodland	वुडलैंड	1
woods	वुड्स	1
woolmer	वूल्मर	0
word	वर्ड	1
words	वर्ड्स	1
work	वर्क	1
working	वर्किंग	1
works	वर्क्स	1
workshop	वर्कशॉप	1
world	वर्ल्ड	1
worlds	वर्ल्ड्स	1
worldwide	वर्ल्डवाइड	1
worli	वर्ली	0
worst	वर्स्ट	1
worth	वर्थ	1
wright	राइट	1
write	राइट	1
writers	राइटर्स	1
x	एक्स	1
xinjiang	शिंजियांग	1
xp	एक्सपी	0
xray	एक्सरे	0
ya	या	1
yaa	या	0
yaad	याद	0
yaadein	यादें	0
yaak	याक	0
yaan	यान	0
yaani	यानि	0
yaantrik	यांत्रिक	0
yaar	यार	0
yaat	याट	0
yachak	याचक	0
yachika	याचिका	0
yachikaon	याचिकाओं	0
yachna	याचना	0
yad	याद	0
yadakada	यदाकदा	0
yadatar	यादातर	0
yadav	यादव	0
yadavo	यादवों	0
yadavon	यादवों	0
yaddasht	याददाश्त	0
yadgar	यादगार	0
yadi	यदि	0
yadon	यादों	1
yadu	यदु	0
yaduvanshiyon	यदुवंशियों	0
yadvinder	यादविंदर	0
yadyapi	यद्यपि	0
yagnik	याग्निक	0
yagya	यज्ञ	0
yagyon	यज्ञों	0
yah	यह	1
yaha	यहाँ	0
yahaan	यहाँ	0
yahan	यहाँ	0
yahi	यही	1
yahin	यहीं	0
yahoo	याहू	1
yahu	याहू	0
yahudi	यहूदी	0
yahudiyo	यहूदीयो	0
yahudiyon	यहूदियों	0
yajeed	यजीद	0
yajmaan	यजमान	0
yajurved	यजुर्वेद	0
yajurveda	यजुर्वेद	0
yajurvedi	यजुर्वेदी	0
yakeen	यकीन	0
yakrit	यकृत	0
yakrut	यकृत	0
yakub	याकूब	0
yale	येल	1
yam	यम	1
yamaguchi	यामागुची	1
yamaha	यामाहा	1
yaman	यमन	0
yamani	यमनी	1
yamlok	यमलोक	0
yampuri	यमपुरी	0
yamraj	यमराज	0
yamuna	यमुना	0
yamunotri	यमुनोत्री	0
yan	यान	1
yane	याने	0
yang	यांग	1
yangoon	यांगून	0
yani	यानि	1
yanon	यानों	0
yantra	यंत्र	0
yantrana	यंत्रणा	0
yantravat	यंत्रवत	0
yantrik	यांत्रिक	0
yantriki	यांत्रिकी	0
yantron	यंत्रों	0
yap	यप	1
yapan	यापन	0
yar	यार	0
yard	यार्ड	1
yark	यार्क	0
yarn	यार्न	1
yash	यश	0
yashasvi	यशस्वी	0
yashasvini	यशस्विनी	0
yashoda	यशोदा	0
yashodhara	यशोधरा	0
yashraj	यशराज	0
yashwant	यशवंत	0
yasin	यासिन	1
yasmeen	यासमीन	0
yasmin	यासमीन	1
yat	यत	0
yatayat	यातायात	0
yatha	यथा	0
yatharth	यथार्थ	0
yatharthpurn	यथार्थपूर्ण	0
yatharthta	यथार्थता	0
yathasthiti	यथास्थिति	0
yathavat	यथावत	0
yathayogya	यथायोग्य	0
yathochit	यथोचित	0
yati	यति	0
yatin	यतिन	0
yatra	यात्रा	0
yatraon	यात्राओं	0
yatri	यात्री	0
yatriyon	यात्रियों	0
yaugik	यौगिक	0
yaun	यौन	1
yaunik	यौनिक	0
yaunsambandh	यौनसंबंध	0
yavnon	यवनों	0
yayati	ययाति	0
yc	वाईसी	0
ydakda	यदाकदा	0
ye	ये	1
year	ईयर	1
yeast	यीस्ट	1
yeh	यह	1
yekal	एकल	0
yelande	येलांदे	0
yellow	येलो	1
yen	येन	1
yeshu	इशू	0
yesudas	येसुदास	0
yield	यील्ड	1
ying	यिंग	1
yishu	यीशु	0
ymca	वाईएमसीए	0
yo	यो	1
yoddha	योद्धा	0
yoddhaon	योद्धाओं	0
yog	योग	0
yoga	योग	1
yogadaan	योगदान	0
yogadan	योगदान	0
yoganand	योगानंद	0
yogasanon	योगासनों	0
yogdaan	योगदान	0
yogdaanon	योगदानों	0
yogdan	योगदान	0
yogesh	योगेश	0
yogi	योगी	1
yogik	यौगिक	0
yogini	योगिनी	0
yogiraj	योगिराज	0
yogiyon	योगियों	0
yogon	योगों	0
yogpith	योगपीठ	0
yogshakti	योगशक्ति	0
yogsutra	योगसूत्र	0
yogy	योग्य	0
yogya	योग्य	0
yogyata	योग्यता	0
yogyatanusar	योग्यतानुसार	0
yogyataon	योग्यताओं	0
yojana	योजना	0
yojanabaddh	योजनाबद्ध	0
yojanagat	योजनागत	0
yojanaon	योजनाआें	0
yojna	योजना	0
yon	यौन	1
yonachar	यौनाचार	0
yoni	योनि	0
yorkshire	यॉर्कशायर	1
young	यंग	1
younger	यंगर	1
youngistan	यंगिस्तान	0
your	योर	1
yourself	योरसेल्फ	1
yousuf	यूसुफ़	0
youth	यूथ	1
youtube	यूट्यूब	1
yovan	यौवन	0
ysr	वाईएसआर	0
yu	यू	1
yuaan	युआन	0
yuan	युआन	1
yuddh	युद्ध	0
yuddha	युद्ध	0
yuddhon	युद्धों	0
yuddhpoton	युद्धपोतों	0
yuddhviram	युद्धविराम	0
yudh	युद्ध	0
yudhbandiyon	युद्धबंदियों	0
yudhishthir	युधिष्ठिर	0
yudhviram	युद्धविराम	0
yudhvirodhi	युद्धविरोधी	0
yudi	यूडी	0
yug	युग	0
yugal	युगल	0
yuganda	युगांडा	0
yugantar	युगांतर	0
yugantarkari	युगांतरकारी	0
yugeen	युगीन	0
yugin	युगीन	0
yugon	युगों	0
yugoslavia	युगोस्लाविया	1
yukt	युक्त	0
yukta	युक्ता	0
yukti	युक्ति	0
yul	यूल	1
yulia	यूलिया	0
yunan	यूनान	0
yunani	यूनानी	0
yunus	युनुस	0
yureka	यूरेका	0
yuropiy	यूरोपीय	0
yusuf	यूसुफ	0
yuva	युवा	0
yuvak	युवक	0
yuvakon	युवकों	0
yuvan	युवान	0
yuvaon	युवाओं	0
yuvati	युवती	0
yuvavastha	युवावस्था	0
yuvraj	युवराज	0
yuvti	युवती	0
yuvtiyan	युवतियां	0
yuvtiyon	युवतियों	0
z	जेड	1
zahar	ज़हर	0
zaidi	जैदी	0
zakhmon	ज़ख्मों	0
zakir	ज़ाकिर	0
zakiya	ज़किया	0
zamane	ज़माने	0
zameen	जमीन	0
zamini	ज़मीनी	0
zanjeer	ज़ंजीर	0
zara	जरा	1
zaraa	ज़रा	0
zariwala	जरीवाला	0
zaroori	जरूरी	0
zarurat	ज़रूरत	0
zeeland	जीलैंड	1
zeher	ज़हर	0
zero	ज़ीरो	1
zid	जिद	0
zidd	जिद्द	0
ziddi	ज़िद्दी	0
zikra	ज़िक्र	0
zila	जिला	0
zile	ज़िले	1
zilla	जिला	1
zille	जिले	0
zimbabwe	जिम्बाब्वे	1
zinc	जिंक	1
zinda	ज़िंदा	1
zindagi	ज़िंदगी	0
zindgi	ज़िंदगी	0
zinta	ज़िंटा	0
zod	ज़ॉड	0
zone	जोन	1
zoological	जूलॉजिकल	1
zoom	जूम	1
zoya	जोया	0
